GISPlotID,Rest/Ref,Age (yr),Date,Site Name,Area,Plot,PHAU,SPAL,SPPA,DISP,SOSE,IVFR,SADE,JUGE,ATPA,BAHA,SUMA,SPMA,CAEX,SULI,DACA,ARVU,AMAR,ALPE,RHTY,RHCO,LICA,LOJA,ROMU,ELUM,SCSC,PAVI,POCU,DICL,TORA,IPSA,MEAL,AMBR,STHE,DISA,CAED,RUSP,PORA,SYTE,Poaceae,TRPR,UNKNOWN,ALGAE,CEOR,Total Cover,Unveg,WRK,GRB,Lit,CrabBur,Snail_COUNT ,Mussel_Count,Mussel_L1(cm),Mussel_L2(cm),Mussel_L3(cm),Mussel_L4(cm),Mussel_L5(cm),Avg_Mussel_L,SPAL Stem Count,Flower Spp,SPAL_H1 (cm),SPAL_H2 (cm),SPAL_H3 (cm),SPAL_H4 (cm),SPAL_H5 (cm),Avg_SPAL_H,SPAL_D1(mm),SPAL_D2(mm),SPAL_D3(mm),SPAL_D4(mm),SPAL_D5 (mm),Avg_SPAL_D,SPPA Stem Count,Flower Count,SPPA_H1,SPPA_H2,SPPA_H3,SPPA_H4,SPPA_H5,Avg_SPPA_L,SPPA_D1,SPPA_D2,SPPA_D3,SPPA_D4,SPPA_D5,Avg_SPPA_D,DISP Stem Count,Flower Count,DISP_H1(cm),DISP_H2(cm),DISP_H3(cm),DISP_H4(cm),DISP_H5(cm),Avg_DISP_H,DISP_D1(cm),DISP_D2(cm),DISP_D3(cm),DISP_D4(cm),DISP_D5(cm),Avg_DISP_D,JUGE Stem Count,Flowers,JUGE_H1,JUGE_H2,JUGE_H3,JUGE_H4,JUGE_H5,Avg_JUGE_H,JUGE_D1,JUGE_D2,JUGE_D3,JUGE_D4,JUGE_D5,Avg_JUGE_D,PHAU Stem Count,Flowers,PHAU_H1,PHAU_H2,PHAU_H3,PHAU_H4,PHAU_H5,Avg_PHAU_H,PHAU_D1,PHAU_D2,PHAU_D3,PHAU_D4,PHAU_D5,Avg_PHAU_D,Elevation ft,GIS Plot ID,check,ForSummary
Bayswater_1,Restored,Pre,8/22/2018,Bayswater,HM Restored,1,0,0,0,0,0,0,0,0,0,0,0,0,0,0,0,0,0,0,0,0,0,0,0,0,0,0,0,0,0,0,0,0,0,0,0,0,0,0,0,0,0,0,0,0,87.5,0,8.75,0,0,0,4,4.25,4.64,4.99,0,0,2.776,0,0,0,0,0,0,0,0,0,0,0,0,0,0,0,0,0,0,0,0,0,0,0,0,0,0,0,0,0,0,0,0,0,0,0,0,0,0,0,0,0,0,0,0,0,0,0,0,0,0,0,0,0,0,0,0,0,0,0,0,0,0,0,0,0,0,0,0,0,0,0,0,,PreHM Restored
Bayswater_2,Restored,Pre,8/22/2018,Bayswater,HM Restored,2,0,0,0,0,0,0,0,0,0,0,0,0,0,0,0,0,0,0,0,0,0,0,0,0,0,0,0,0,0,0,0,0,0,87.5,0,0,0,0,0,0,0,0,0,87.5,18.75,0,0.5,8.75,0,0,0,0,0,0,0,0,0,0,0,0,0,0,0,0,0,0,0,0,0,0,0,0,0,0,0,0,0,0,0,0,0,0,0,0,0,0,0,0,0,0,0,0,0,0,0,0,0,0,0,0,0,0,0,0,0,0,0,0,0,0,0,0,0,0,0,0,0,0,0,0,0,0,0,0,0,0,0,0,0,,PreHM Restored
Bayswater_3,Restored,Pre,8/22/2018,Bayswater,HM Restored,3,0.5,0,62.5,2.5,0,18.75,0,0,0,0,0,0,0,0,0,0,0,0,0,0,0,0,0,0,0,0,0,0,0,2.5,18.75,0,0,0,0,0,0,0,0,0,2.5,0,0,108,8.75,0,2.5,8.75,4,0,0,0,0,0,0,0,0,0,0,0,0,0,0,0,0,0,0,0,0,0,0,520,5,8.6,7.7,9.5,9.9,7.4,8.62,0.8,0.9,0.9,0.9,1,0.9,0,0,0,0,0,0,0,0,0,0,0,0,0,0,0,0,0,0,0,0,0,0,0,0,0,0,0,0,0,0,0,0,0,0,0,0,0,0,0,0,0,0,0,0,,PreHM Restored
Bayswater_4,Restored,Pre,8/22/2018,Bayswater,HM Restored,4,0,0,87.5,0,0,18.75,0,0,0,0,0,0,0,2.5,0,0,0,0,0,0,0,0,0,0,0,0,0,0,0,0,0,0,0,0,0,0,0,0,0,0,0,0,0,108.75,2.5,0,2.5,0,2,0,0,0,0,0,0,0,0,0,0,0,0,0,0,0,0,0,0,0,0,0,0,420,0,36.3,44.4,28.8,34,44.3,37.56,0.9,0.9,0.8,1,1.1,0.94,0,0,0,0,0,0,0,0,0,0,0,0,0,0,0,0,0,0,0,0,0,0,0,0,0,0,0,0,0,0,0,0,0,0,0,0,0,0,0,0,0,0,0,0,,PreHM Restored
Bayswater_5,Restored,Pre,8/22/2018,Bayswater,HM Restored,5,2.5,0,0,0,0,8.75,0,0,0,0,0,0,0,0,0,0,0,0,0,0,0,0,0,0,0,0,0,0,0,0,0,0,0,0,0,0,0,0,0,0,0,0,0,11.25,0,87.5,8.75,0,0,0,0,0,0,0,0,0,0,0,0,0,0,0,0,0,0,0,0,0,0,0,0,0,0,0,0,0,0,0,0,0,0,0,0,0,0,0,0,0,0,0,0,0,0,0,0,0,0,0,0,0,0,0,0,0,0,0,0,0,0,0,0,0,0,0,0,0,0,0,0,0,0,0,0,0,0,0,0,0,0,,PreHM Restored
Bayswater_6,Restored,Pre,8/22/2018,Bayswater,HM Restored,6,18.75,0,0,0,18.75,62.5,0,0,0,0,0,0,0,8.75,0,0,0,0,0,0,0,0,0,0,0,0,0,0,0,0,0,0,0,0,0,0,0,0,0,0,37.5,0,0,146.25,8.75,0,2.5,62.5,0,0,0,0,0,0,0,0,0,0,0,0,0,0,0,0,0,0,0,0,0,0,0,0,0,0,0,0,0,0,0,0,0,0,0,0,0,0,0,0,0,0,0,0,0,0,0,0,0,0,0,0,0,0,0,0,0,0,0,0,0,0,0,0,0,0,0,0,0,0,0,0,0,0,0,0,0,0,0,0,0,,PreHM Restored
Bayswater_7,Restored,Pre,8/22/2018,Bayswater,HM Restored,7,0,0,0,37.5,0,0,0,0,0,0,0,0,0,0,0,0,0,0,0,0,0.5,0,0,0,0,0,0,0,0,0,0,0,0,0,0,0,0,0,0,0,0,0,0,38,62.5,8.75,2.5,0,7,0,0,0,0,0,0,0,0,0,0,0,0,0,0,0,0,0,0,0,0,0,0,0,0,0,0,0,0,0,0,0,0,0,0,0,0,200,75,25.5,22.5,18.8,19,17.1,20.58,1.4,1.3,1.2,1.3,1.1,1.26,0,0,0,0,0,0,0,0,0,0,0,0,0,0,0,0,0,0,0,0,0,0,0,0,0,0,0,0,0,0,,PreHM Restored
Bayswater_8,Restored,Pre,8/22/2018,Bayswater,HM Restored,8,0,0,0,0,0,62.5,0,0,0,0,0,0,0,2.5,0,0,0,0,0,0,0,0,0,0,0,0,0,0,0,0,0,0,0,0,0,0,0,0,0,0,0,0,0,65,18.75,0,8.75,37.5,1,0,0,0,0,0,0,0,0,0,0,0,0,0,0,0,0,0,0,0,0,0,0,0,0,0,0,0,0,0,0,0,0,0,0,0,0,0,0,0,0,0,0,0,0,0,0,0,0,0,0,0,0,0,0,0,0,0,0,0,0,0,0,0,0,0,0,0,0,0,0,0,0,0,0,0,0,0,0,0,0,,PreHM Restored
Bayswater_9,Restored,Pre,8/22/2018,Bayswater,HM Restored,9,87.5,0,0,0,2.5,0,0,0,0,2.5,0,0,0,0,0,0,0,0,0,0,0,0,0,0,0,0,0,0,0,0,0,0,0,0,0,0,0,0,0,0,0,0,0,92.5,18.75,0,8.75,37.5,0,0,0,0,0,0,0,0,0,0,0,0,0,0,0,0,0,0,0,0,0,0,0,0,0,0,0,0,0,0,0,0,0,0,0,0,0,0,0,0,0,0,0,0,0,0,0,0,0,0,0,0,0,0,0,0,0,0,0,0,0,0,0,0,0,16,0,121.5,108,182.4,181.5,107.3,140.14,3,4.1,5.6,4.9,4.2,4.36,0,0,,PreHM Restored
Bayswater_10,Restored,Pre,8/22/2018,Bayswater,HM Restored,10,62.5,0,0,0,2.5,2.5,0,0,0,2.5,0,0,0,0,0,0,0,0,0,0,0,0,0,0,0,0,0,0,8.75,0,0,0,0,0,0,0,0,0,0,0,0,0,0,78.75,0,0,0,0,0,0,0,0,0,0,0,0,0,0,0,0,0,0,0,0,0,0,0,0,0,0,0,0,0,0,0,0,0,0,0,0,0,0,0,0,0,0,0,0,0,0,0,0,0,0,0,0,0,0,0,0,0,0,0,0,0,0,0,0,0,0,0,0,0,0,0,0,0,0,0,0,0,0,0,0,0,0,0,0,0,,PreHM Restored
Bayswater_11,Restored,Pre,8/22/2018,Bayswater,HM Restored,11,8.75,0,0,0,0,0,0,0,0,0,0,0,0,0,0,8.75,0,0,0,0,0,0,0,0,0,0,0,0,0,2.5,0,2.5,0,0,0,0,0,0,0,0,0,0,0,22.5,18.75,0,8.75,87.5,0,0,0,0,0,0,0,0,0,0,0,0,0,0,0,0,0,0,0,0,0,0,0,0,0,0,0,0,0,0,0,0,0,0,0,0,0,0,0,0,0,0,0,0,0,0,0,0,0,0,0,0,0,0,0,0,0,0,0,0,0,0,0,0,0,0,0,0,0,0,0,0,0,0,0,0,0,0,0,0,0,,PreHM Restored
Bayswater_12,Restored,Pre,8/22/2018,Bayswater,HM Restored,12,62.5,0,0,0,0,0,0,0,0,87.5,0,0,0,0,0,18.75,0,0,0,0,0,0,0,0,0,0,0,0,0,8.75,0,0,0,0,0,0,0,0,0,0,0,0,0,177.5,0,0,0,87.5,0,0,0,0,0,0,0,0,0,0,0,0,0,0,0,0,0,0,0,0,0,0,0,0,0,0,0,0,0,0,0,0,0,0,0,0,0,0,0,0,0,0,0,0,0,0,0,0,0,0,0,0,0,0,0,0,0,0,0,0,0,0,0,0,0,0,0,0,0,0,0,0,0,0,0,0,0,0,0,0,0,,PreHM Restored
Bayswater_13,Restored,Pre,8/22/2018,Bayswater,HM Restored,13,2.5,0,0,0,0,0,0,0,0,0,0,0,0,0,0,0,0,0,0,0,0,0,0,0,0,0,0,0,0,8.75,0,0,0,87.5,0,0,0,0,0,0,0,0,0,98.75,0,0,0,8.75,0,0,0,0,0,0,0,0,0,0,0,0,0,0,0,0,0,0,0,0,0,0,0,0,0,0,0,0,0,0,0,0,0,0,0,0,0,0,0,0,0,0,0,0,0,0,0,0,0,0,0,0,0,0,0,0,0,0,0,0,0,0,0,0,0,0,0,0,0,0,0,0,0,0,0,0,0,0,0,0,0,,PreHM Restored
Bayswater_14,Restored,Pre,8/22/2018,Bayswater,HM Restored,14,37.5,0,0,0,0,62.5,0,0,0,0,0,0,0,0,0,0,0,0,0,0,0,0,0,0,0,0,0,0,0,0,0,0,0,0,0,0,0,0,0,0,0,0,0,100,2.5,0,0,87.5,0,0,0,0,0,0,0,0,0,0,0,0,0,0,0,0,0,0,0,0,0,0,0,0,0,0,0,0,0,0,0,0,0,0,0,0,0,0,0,0,0,0,0,0,0,0,0,0,0,0,0,0,0,0,0,0,0,0,0,0,0,0,0,0,0,0,0,0,0,0,0,0,0,0,0,0,0,0,0,0,0,,PreHM Restored
Bayswater_15,Restored,Pre,8/22/2018,Bayswater,HM Restored,15,37.5,0,37.5,0,8.75,0,0,0,0,0,0,0,0,0,0,0,0,0,0,0,0,0,0,0,0,0,0,0,0,0,0,0,0,0,0,0,0,0,0,0,0,0,0,83.75,0,0,0,0,0,0,0,0,0,0,0,0,0,0,0,0,0,0,0,0,0,0,0,0,0,0,0,0,0,0,0,0,0,0,0,0,0,0,0,0,0,0,0,0,0,0,0,0,0,0,0,0,0,0,0,0,0,0,0,0,0,0,0,0,0,0,0,0,0,0,0,0,0,0,0,0,0,0,0,0,0,0,0,0,0,,PreHM Restored
Bayswater_16,Reference,Pre,8/22/2018,Bayswater,HM Reference,1,0,8.75,0,0,0,0,0,0,0,0,0,0,0,0,0,0,0,0,0,0,0,0,0,0,0,0,0,0,0,0,0,0,0,0,0,0,0,0,0,0,0,0,0,8.75,0,87.5,2.5,0,1,0,0,0,0,0,0,0,0,0,0,0,0,0,0,0,0,0,0,0,0,0,0,0,0,0,0,0,0,0,0,0,0,0,0,0,0,0,0,0,0,0,0,0,0,0,0,0,0,0,0,0,0,0,0,0,0,0,0,0,0,0,0,0,0,0,0,0,0,0,0,0,0,0,0,0,0,0,0,0,0,,PreHM Reference
Bayswater_17,Reference,Pre,8/22/2018,Bayswater,HM Reference,2,0,0,0,0,0,0,0,0,0,0,0,0,0,0,0,0,0,0,0,0,0,0,0,0,0,0,0,0,0,0,0,0,0,0,0,0,0,0,0,0,0,0,0,0,0,87.5,2.5,0,0,0,0,0,0,0,0,0,0,0,0,0,0,0,0,0,0,0,0,0,0,0,0,0,0,0,0,0,0,0,0,0,0,0,0,0,0,0,0,0,0,0,0,0,0,0,0,0,0,0,0,0,0,0,0,0,0,0,0,0,0,0,0,0,0,0,0,0,0,0,0,0,0,0,0,0,0,0,0,0,0,,PreHM Reference
Bayswater_18,Reference,Pre,8/22/2018,Bayswater,HM Reference,3,0,0,0,0,0,0,0,0,0,0,0,0,0,0,0,0,0,0,0,0,0,0,0,0,0,0,0,0,0,0,0,0,0,0,0,0,0,0,0,0,0,0,0,0,0,87.5,2.5,0,0,0,0,0,0,0,0,0,0,0,0,0,0,0,0,0,0,0,0,0,0,0,0,0,0,0,0,0,0,0,0,0,0,0,0,0,0,0,0,0,0,0,0,0,0,0,0,0,0,0,0,0,0,0,0,0,0,0,0,0,0,0,0,0,0,0,0,0,0,0,0,0,0,0,0,0,0,0,0,0,0,,PreHM Reference
Bayswater_19,Reference,Pre,8/22/2018,Bayswater,HM Reference,4,0,0,0,0,0,0,0,0,0,0,0,0,0,0,0,0,0,0,0,0,0,0,0,0,0,0,0,0,0,0,0,0,0,0,0,0,0,0,0,0,0,0,0,0,0,87.5,2.5,0,0,0,0,0,0,0,0,0,0,0,0,0,0,0,0,0,0,0,0,0,0,0,0,0,0,0,0,0,0,0,0,0,0,0,0,0,0,0,0,0,0,0,0,0,0,0,0,0,0,0,0,0,0,0,0,0,0,0,0,0,0,0,0,0,0,0,0,0,0,0,0,0,0,0,0,0,0,0,0,0,0,,PreHM Reference
Bayswater_20,Reference,Pre,8/22/2018,Bayswater,HM Reference,5,0,0,0,18.75,0,0,0,0,0,0,0,0,0,0,0,0,0,0,0,0,0,0,0,0,0,0,0,0,0,0,0,0,0,0,0,0,0,0,0,0,0,0,0,18.75,2.5,62.5,2.5,0,3,0,0,0,0,0,0,0,0,0,0,0,0,0,0,0,0,0,0,0,0,0,0,0,0,0,0,0,0,0,0,0,0,0,0,0,0,0,0,0,0,0,0,0,0,0,0,0,0,0,0,0,0,0,0,0,0,0,0,0,0,0,0,0,0,0,0,0,0,0,0,0,0,0,0,0,0,0,0,0,0,,PreHM Reference
Bayswater_21,Reference,Pre,8/22/2018,Bayswater,HM Reference,6,0,0,37.5,8.75,0,62.5,0.5,0,0,0,0,0,0,8.75,0,0,0,0,0,0,0,0,0,0,0,0,0,0,0,0,0,0,0,0,0,0,0,0,0,0,0,0,0,118,18.75,0,0.5,0,0,0,0,0,0,0,0,0,0,0,0,0,0,0,0,0,0,0,0,0,0,0,0,0,0,0,0,0,0,0,0,0,0,0,0,0,0,0,0,0,0,0,0,0,0,0,0,0,0,0,0,0,0,0,0,0,0,0,0,0,0,0,0,0,0,0,0,0,0,0,0,0,0,0,0,0,0,0,0,0,0,,PreHM Reference
Bayswater_22,Reference,Pre,8/22/2018,Bayswater,HM Reference,7,0,0,62.5,18.75,0.5,18.75,0,0,0,0,0,0,0,8.75,0,0,0,0,0,0,0,0,0,0,0,0,0,0,0,0,0,0,0,0,0,0,0,0,0,0,0,0,0,109.25,0,0,0,2.5,0,0,0,0,0,0,0,0,0,0,0,0,0,0,0,0,0,0,0,0,0,0,0,864,0,27.5,9.5,32.2,32.5,21.6,24.66,1.4,1.4,1.6,1.4,1.3,1.42,0,0,0,0,0,0,0,0,0,0,0,0,0,0,0,0,0,0,0,0,0,0,0,0,0,0,0,0,0,0,0,0,0,0,0,0,0,0,0,0,0,0,0,0,,PreHM Reference
Bayswater_23,Reference,Pre,8/22/2018,Bayswater,HM Reference,8,0.5,0,0,37.5,0,37.5,0,0,0,0,0,0,0,0.5,0,0,0,0,0,0,0.5,0,0,0,0,0,0,0,0,0,0,0,0,0,0,0,0,0,0,0,0,0,0,76.5,2.5,0,0.5,18.75,0,0,0,0,0,0,0,0,0,0,0,0,0,0,0,0,0,0,0,0,0,0,0,0,0,0,0,0,0,0,0,0,0,0,0,0,0,54,0,23.9,37.6,37.1,36.7,34.8,34.02,1.6,1.8,1.7,1.4,1.4,1.58,0,0,0,0,0,0,0,0,0,0,0,0,0,0,0,0,0,0,0,0,0,0,0,0,0,0,0,0,0,0,,PreHM Reference
Bayswater_24,Reference,Pre,8/22/2018,Bayswater,HM Reference,9,0,0,0,37.5,8.75,37.5,0,0,0,0,0,0,0,18.75,0,0,0,0,0,0,0,0,0,0,0,0,0,0,0,0,0,0,0,0,0,0,0,0,0,0,0,0,0,102.5,62.5,0,0.5,0,0,0,0,0,0,0,0,0,0,0,0,0,0,0,0,0,0,0,0,0,0,0,0,0,0,0,0,0,0,0,0,0,0,0,0,0,0,370,0,34,39.4,38,49,39.6,40,1.5,2,1.6,2,2.1,1.84,0,0,0,0,0,0,0,0,0,0,0,0,0,0,0,0,0,0,0,0,0,0,0,0,0,0,0,0,0,0,,PreHM Reference
Bayswater_25,Reference,Pre,8/22/2018,Bayswater,HM Reference,10,0,0,8.75,18.75,0,37.5,2.5,0,0,0,0,0,0,2.5,0,0,0,0,0,0,0,0,0,0,0,0,0,0,0,0,0,0,0,0,0,0,0,0,0,0,0,0,0,70,37.5,0,2.5,8.75,0,0,0,0,0,0,0,0,0,0,0,0,0,0,0,0,0,0,0,0,0,0,0,0,0,0,0,0,0,0,0,0,0,0,0,0,0,0,0,0,0,0,0,0,0,0,0,0,0,0,0,0,0,0,0,0,0,0,0,0,0,0,0,0,0,0,0,0,0,0,0,0,0,0,0,0,0,0,0,0,0,,PreHM Reference
Bayswater_26,Reference,Pre,8/22/2018,Bayswater,HM Reference,11,0,0,8.75,37.5,0,62.5,0,0,0,0,0,0,0,0.5,0,0,0,0,0,0,0,0,0,0,0,0,0,0,0,0,0,0,0,0,0,0,0,0,0,0,0,0,0,109.25,0,8.75,2.5,8.75,0,0,0,0,0,0,0,0,0,0,0,0,0,0,0,0,0,0,0,0,0,0,0,0,0,0,0,0,0,0,0,0,0,0,0,0,0,0,0,0,0,0,0,0,0,0,0,0,0,0,0,0,0,0,0,0,0,0,0,0,0,0,0,0,0,0,0,0,0,0,0,0,0,0,0,0,0,0,0,0,0,,PreHM Reference
Bayswater_27,Reference,Pre,8/22/2018,Bayswater,HM Reference,12,0,0,37.5,8.75,0,87.5,0,0,0,0,0,0,0,0.5,0,0,0,0,0,0,0,0,0,0,0,0,0,0,0,0,0,0,0,0,0,0,0,0,0,0,0,0,0,134.25,0,0,0.5,8.75,0,0,0,0,0,0,0,0,0,0,0,0,0,0,0,0,0,0,0,0,0,0,0,0,0,0,0,0,0,0,0,0,0,0,0,0,0,0,0,0,0,0,0,0,0,0,0,0,0,0,0,0,0,0,0,0,0,0,0,0,0,0,0,0,0,0,0,0,0,0,0,0,0,0,0,0,0,0,0,0,0,,PreHM Reference
Bayswater_28,Reference,Pre,8/22/2018,Bayswater,HM Reference,13,0,0,62.5,37.5,0,37.5,0,0,0,0,0,0,0,0,0,0,0,0,0,0,0,0,0,0,0,0,0,0,0,0,0,0,0,0,0,0,0,0,0,0,0,0,0,137.5,0,0,0,8.75,0,0,0,0,0,0,0,0,0,0,0,0,0,0,0,0,0,0,0,0,0,0,0,598,0,32,50,31,34,39.9,37.38,1.4,1.4,1.4,1.5,1.4,1.42,0,0,0,0,0,0,0,0,0,0,0,0,0,0,0,0,0,0,0,0,0,0,0,0,0,0,0,0,0,0,0,0,0,0,0,0,0,0,0,0,0,0,0,0,,PreHM Reference
Bayswater_29,Reference,Pre,8/22/2018,Bayswater,HM Reference,14,0,0,37.5,37.5,0,62.5,2.5,0,0,0,0,0,0,0,0,0,0,0,0,0,0.5,0,0,0,0,0,0,0,0,0,0,0,0,0,0,0,0,0,0,0,0,0,0,140.5,0,0,0,8.75,0,0,0,0,0,0,0,0,0,0,0,0,0,0,0,0,0,0,0,0,0,0,0,0,0,0,0,0,0,0,0,0,0,0,0,0,0,0,0,0,0,0,0,0,0,0,0,0,0,0,0,0,0,0,0,0,0,0,0,0,0,0,0,0,0,0,0,0,0,0,0,0,0,0,0,0,0,0,0,0,0,,PreHM Reference
Bayswater_30,Reference,Pre,8/22/2018,Bayswater,HM Reference,15,0,0,37.5,37.5,0.5,0,0,0,2.5,0,0,0,0,0,0.5,0,0,0,0,0,0,0,0,0,0,0,0,0,0,0,0,0,0,62.5,0,0,0,0,0,0,0,0,0,141,0,0,2.5,2.5,0,0,0,0,0,0,0,0,0,0,0,0,0,0,0,0,0,0,0,0,0,0,0,870,200,34.5,38.1,33.7,0,0,21.26,1.9,1.8,1.7,0,0,1.08,870,200,41.9,39.3,37.1,0,0,23.66,1.9,2,2,0,0,1.18,0,0,0,0,0,0,0,0,0,0,0,0,0,0,0,0,0,0,0,0,0,0,0,0,0,0,0,0,0,0,,PreHM Reference
Bayswater_31,Restored,Pre,8/22/2018,Bayswater,LM Restored,1,37.5,0,0,0,0,0,0,0,0,0,0,0,0,0,0,62.5,0,0,0,0,0,0,0,0,0,0,0,0,0,0,0,0,0,0,0,0,0,0,0,0,0,0,0,100,0,0,2.5,87.5,0,0,0,0,0,0,0,0,0,0,0,0,0,0,0,0,0,0,0,0,0,0,0,0,0,0,0,0,0,0,0,0,0,0,0,0,0,0,0,0,0,0,0,0,0,0,0,0,0,0,0,0,0,0,0,0,0,0,0,0,0,0,0,0,0,0,0,0,0,0,0,0,0,0,0,0,0,0,0,0,0,,PreLM Restored
Bayswater_32,Restored,Pre,8/22/2018,Bayswater,LM Restored,2,0,0,18.75,0,0,0,0,0,0,0,0,0,0,0,0,0,0,0,0,0,37.5,0,0,0,0,0,0,0,0,0,0,0,0,0,0,0,0,0,0,0,0,0,0,56.25,18.75,62.5,8.75,0,3,0,0,0,0,0,0,0,0,0,0,0,0,0,0,0,0,0,0,0,0,0,0,0,0,0,0,0,0,0,0,0,0,0,0,0,0,0,0,0,0,0,0,0,0,0,0,0,0,0,0,0,0,0,0,0,0,0,0,0,0,0,0,0,0,0,0,0,0,0,0,0,0,0,0,0,0,0,0,0,0,,PreLM Restored
Bayswater_33,Restored,Pre,8/22/2018,Bayswater,LM Restored,3,0,2.5,0,0,0,0,0,0,0,0,0,0,0,0,0,0,0,0,0,0,87.5,0,0,0,0,0,0,0,0,0,0,0,0,0,0,0,0,0,0,0,0,0,0,90,62.5,0,2.5,0,5,0,18,7.11,5.32,5.19,5.22,5.6,5.688,0,0,0,0,0,0,0,0,0,0,0,0,0,0,0,0,0,0,0,0,0,0,0,0,0,0,0,0,0,0,0,0,0,0,0,0,0,0,0,0,0,0,0,0,0,0,0,0,0,0,0,0,0,0,0,0,0,0,0,0,0,0,0,0,0,0,0,0,0,0,0,0,,PreLM Restored
Bayswater_34,Restored,Pre,8/22/2018,Bayswater,LM Restored,4,0,0,0,18.75,0,87.5,0,0,0,0,0,0,0,2.5,0,0,0,0,0,0,0,0,0,0,0,0,0,0,0,0,0,0,0,0,0,0,0,0,0,0,0,0,0,108.75,37.5,18.75,2.5,0,9,0,0,0,0,0,0,0,0,0,0,0,0,0,0,0,0,0,0,0,0,0,0,0,0,0,0,0,0,0,0,0,0,0,0,0,0,0,0,0,0,0,0,0,0,0,0,0,0,0,0,0,0,0,0,0,0,0,0,0,0,0,0,0,0,0,0,0,0,0,0,0,0,0,0,0,0,0,0,0,0,,PreLM Restored
Bayswater_35,Restored,Pre,8/22/2018,Bayswater,LM Restored,5,0,0,2.5,0,0,2.5,0,0,0,0,0,0,0,0,0,0,0,0,0,0,0,0,0,0,0,0,0,0,0,0,0,0,0,0,0,0,0,0,0,0,0,0,0,5,87.5,0,2.5,0,9,0,0,0,0,0,0,0,0,0,0,0,0,0,0,0,0,0,0,0,0,0,0,0,0,0,0,0,0,0,0,0,0,0,0,0,0,0,0,0,0,0,0,0,0,0,0,0,0,0,0,0,0,0,0,0,0,0,0,0,0,0,0,0,0,0,0,0,0,0,0,0,0,0,0,0,0,0,0,0,0,,PreLM Restored
Bayswater_36,Restored,Pre,8/22/2018,Bayswater,LM Restored,6,0,0,0,0,0,0,0,0,0,0,0,0,0,0,0,2.5,0,0,0,0,0,0,0,0,0,0,0,0,0,62.5,18.75,0,0,0,0,0.5,0,0,0,0,62.5,0,0,146.75,0,0,8.75,8.75,0,0,0,0,0,0,0,0,0,0,0,0,0,0,0,0,0,0,0,0,0,0,0,0,0,0,0,0,0,0,0,0,0,0,0,0,0,0,0,0,0,0,0,0,0,0,0,0,0,0,0,0,0,0,0,0,0,0,0,0,0,0,0,0,0,0,0,0,0,0,0,0,0,0,0,0,0,0,0,0,0,,PreLM Restored
Bayswater_37,Restored,Pre,8/22/2018,Bayswater,LM Restored,7,87.5,0,0,0,18.75,0.5,0,0,0,0,0,0,0,0,0,0,0,0,0,0,0,0,0,0,0,0,0,0,0,0,0,0,0,0,0,0,0,0,0,0,0,0,0,106.75,0,62.5,8.75,0,0,0,0,0,0,0,0,0,0,0,0,0,0,0,0,0,0,0,0,0,0,0,0,0,0,0,0,0,0,0,0,0,0,0,0,0,0,0,0,0,0,0,0,0,0,0,0,0,0,0,0,0,0,0,0,0,0,0,0,0,0,0,0,0,0,12,17,207,182,208,171,204,194.4,6.5,5.7,8.1,6.1,7.2,6.72,0,0,,PreLM Restored
Bayswater_38,Restored,Pre,8/22/2018,Bayswater,LM Restored,8,18.75,0,8.75,37.5,62.5,0,0,0,18.75,0,0,0,0,8.75,0,0,0,0,0,0,0,0,0,0,0,0,0,0,0,0,0,0,0,0,0,0,0,0,0,0,0,0,0,155,8.75,0,2.5,2.5,4,0,0,0,0,0,0,0,0,0,0,0,0,0,0,0,0,0,0,0,0,0,0,0,0,0,0,0,0,0,0,0,0,0,0,0,0,0,0,0,0,0,0,0,0,0,0,0,0,0,0,0,0,0,0,0,0,0,0,0,0,0,0,0,0,0,0,0,0,0,0,0,0,0,0,0,0,0,0,0,0,,PreLM Restored
Bayswater_39,Restored,Pre,8/22/2018,Bayswater,LM Restored,9,18.75,0,0,0,0,0,0,0,37.5,0,0,0,0,0,0,0,0,0,0,0,0,0,0,0,0,0,0,0,0,0,0,0,0,0,0,0,0,0,0,0,0,0,0,56.25,0,87.5,2.5,0,0,0,0,0,0,0,0,0,0,0,0,0,0,0,0,0,0,0,0,0,0,0,0,0,0,0,0,0,0,0,0,0,0,0,0,0,0,0,0,0,0,0,0,0,0,0,0,0,0,0,0,0,0,0,0,0,0,0,0,0,0,0,0,0,0,0,0,0,0,0,0,0,0,0,0,0,0,0,0,0,0,,PreLM Restored
Bayswater_40,Restored,Pre,8/22/2018,Bayswater,LM Restored,10,62.5,0,0,0,8.75,8.75,0,0,0,0,0,0,0,0,0,0,0,0,0,0,0,0,0,0,0,0,8.75,0,0,0,0,0,0,0,0,0,0,0,0,0,0,0,0,88.75,2.5,62.5,8.75,37.5,0,0,0,0,0,0,0,0,0,0,0,0,0,0,0,0,0,0,0,0,0,0,0,0,0,0,0,0,0,0,0,0,0,0,0,0,0,0,0,0,0,0,0,0,0,0,0,0,0,0,0,0,0,0,0,0,0,0,0,0,0,0,0,0,0,10,10,171.4,165.3,149.1,161.7,149.6,159.42,5.3,4.8,4.6,5,4.9,4.92,0,0,,PreLM Restored
Bayswater_41,Restored,Pre,8/22/2018,Bayswater,LM Restored,11,0,18.75,0,0,0,0,0,0,0,0,0,0,0,0,0,0,0,0,0,0,0,0,0,0,0,0,0,0,0,0,0,0,0,0,0,0,0,0,0,0,0,0,0,18.75,87.5,18.75,2.5,0,0,0,0,0,0,0,0,0,0,0,0,0,0,0,0,0,0,0,0,0,0,0,0,0,0,0,0,0,0,0,0,0,0,0,0,0,0,0,0,0,0,0,0,0,0,0,0,0,0,0,0,0,0,0,0,0,0,0,0,0,0,0,0,0,0,0,0,0,0,0,0,0,0,0,0,0,0,0,0,0,0,,PreLM Restored
Bayswater_42,Restored,Pre,8/22/2018,Bayswater,LM Restored,12,0.5,0,0,0,0,8.75,0,0,0,0,0,0,0,8.75,0,0,0,0,0,0,0,0,0,0,0,0,0,0,0,0.5,0,0,0,0,0,0,0,0,0,0,37.5,0,0,56,0,62.5,2.5,0,0,0,0,0,0,0,0,0,0,0,0,0,0,0,0,0,0,0,0,0,0,0,0,0,0,0,0,0,0,0,0,0,0,0,0,0,0,0,0,0,0,0,0,0,0,0,0,0,0,0,0,0,0,0,0,0,0,0,0,0,0,0,0,0,0,0,0,0,0,0,0,0,0,0,0,0,0,0,0,0,0,,PreLM Restored
Bayswater_43,Restored,Pre,8/22/2018,Bayswater,LM Restored,13,18.75,0,0,0,8.75,37.5,0,0,0,0,0,0,0,0,0,0,0,0,0,0,0,0,0,0,0,0,0,0,0,0,0,0,0,0,0,0,0,0,0,0,0,0,0,65,0,87.5,2.5,0,0,0,0,0,0,0,0,0,0,0,0,0,0,0,0,0,0,0,0,0,0,0,0,0,0,0,0,0,0,0,0,0,0,0,0,0,0,0,0,0,0,0,0,0,0,0,0,0,0,0,0,0,0,0,0,0,0,0,0,0,0,0,0,0,0,0,0,0,0,0,0,0,0,0,0,0,0,0,0,0,0,,PreLM Restored
Bayswater_44,Restored,Pre,8/22/2018,Bayswater,LM Restored,14,37.5,0,0,0,0,18.75,0,0,0,0,0,0,0,0,0,0,0,0,0,0,0,0,0,0,0,0,0,0,0,0,0,0,0,0,0,0,0,0,0,0,0,0,0,56.25,0,87.5,18.75,0,0,0,0,0,0,0,0,0,0,0,0,0,0,0,0,0,0,0,0,0,0,0,0,0,0,0,0,0,0,0,0,0,0,0,0,0,0,0,0,0,0,0,0,0,0,0,0,0,0,0,0,0,0,0,0,0,0,0,0,0,0,0,0,0,0,15,10,67,90,133,155,131,115.2,5.3,5.1,5,6.4,5.5,5.46,0,0,,PreLM Restored
Bayswater_45,Restored,Pre,8/22/2018,Bayswater,LM Restored,15,2.5,0,0,0,37.5,0,0,0,0,0,0,0,0,0,0,0,2.5,0,0,0,0,0,0,0,0,0,0,0,0,0,0,0,87.5,0,8.75,0,0,0,0,0,8.75,0,0,147.5,0,62.5,2.5,0,0,0,0,0,0,0,0,0,0,0,0,0,0,0,0,0,0,0,0,0,0,0,0,0,0,0,0,0,0,0,0,0,0,0,0,0,0,0,0,0,0,0,0,0,0,0,0,0,0,0,0,0,0,0,0,0,0,0,0,0,0,0,0,0,0,0,0,0,0,0,0,0,0,0,0,0,0,0,0,0,0,,PreLM Restored
Bayswater_46,Reference,Pre,8/22/2018,Bayswater,LM Reference,1,0,0,87.5,0,0,0,0,0,0,0,0,0,0,0,0,0,0,0,0,0,0,0,0,0,0,0,0,0,0,0,0,0,0,0,0,0,0,0,0,0,0,0,0,87.5,18.75,0,2.5,0,4,0,140,6.16,6.23,3.59,3.62,4,4.72,42,0,93,72,68,56,67,71.2,5.4,5.1,5,3.9,5.8,5.04,0,0,0,0,0,0,0,0,0,0,0,0,0,0,0,0,0,0,0,0,0,0,0,0,0,0,0,0,0,0,0,0,0,0,0,0,0,0,0,0,0,0,0,0,0,0,0,0,0,0,0,0,0,0,0,0,0,0,,PreLM Reference
Bayswater_47,Reference,Pre,8/22/2018,Bayswater,LM Reference,2,0,37.5,0,0,0,0,0,0,0,0,0,0,0,0,0,0,0,0,0,0,62.5,0,0,0,0,0,0,0,0,0,0,0,0,0,0,0,0,0,0,0,0,0,0,100,18.75,0,2.5,0,44,0,3,5.19,5.5,4.02,0,0,2.942,0,0,0,0,0,0,0,0,0,0,0,0,0,0,0,0,0,0,0,0,0,0,0,0,0,0,0,0,0,0,0,0,0,0,0,0,0,0,0,0,0,0,0,0,0,0,0,0,0,0,0,0,0,0,0,0,0,0,0,0,0,0,0,0,0,0,0,0,0,0,0,0,,PreLM Reference
Bayswater_48,Reference,Pre,8/22/2018,Bayswater,LM Reference,3,0,37.5,0,0,0,0,0,0,0,0,0,0,0,0,0,0,0,0,0,0,18.75,0,0,0,0,0,0,0,0,0,0,0,0,0,0,0,0,0,0,0,0,0,0,56.25,37.5,0,2.5,0,13,0,39,6.92,4.56,7.36,5.75,5.56,6.03,33,0,93,105,109,114,97,103.6,6.9,7.6,5.7,7.5,4.1,6.36,0,0,0,0,0,0,0,0,0,0,0,0,0,0,0,0,0,0,0,0,0,0,0,0,0,0,0,0,0,0,0,0,0,0,0,0,0,0,0,0,0,0,0,0,0,0,0,0,0,0,0,0,0,0,0,0,0,0,,PreLM Reference
Bayswater_49,Reference,Pre,8/22/2018,Bayswater,LM Reference,4,0,0,0,0,0,0,0,0,0,0,0,0,0,0,0,0,0,0,0,0,0,0,0,0,0,0,0,0,0,0,0,0,0,0,0,0,0,0,0,0,0,0,0,0,0,87.5,2.5,0,0,0,0,0,0,0,0,0,0,0,0,0,0,0,0,0,0,0,0,0,0,0,0,0,0,0,0,0,0,0,0,0,0,0,0,0,0,0,0,0,0,0,0,0,0,0,0,0,0,0,0,0,0,0,0,0,0,0,0,0,0,0,0,0,0,0,0,0,0,0,0,0,0,0,0,0,0,0,0,0,0,,PreLM Reference
Bayswater_50,Reference,Pre,8/22/2018,Bayswater,LM Reference,5,8.75,0,0,0,0,18.75,0,0,8.75,0,0,0,0,18.75,0,0,0,0,0,0,37.35,0,0,0,0,0,0,0,0,2.5,0,0,0,0,0,0,0,0,0,0,0,0,0,94.85,8.75,37.5,2.5,0,6,0,0,0,0,0,0,0,0,0,0,0,0,0,0,0,0,0,0,0,0,0,0,0,0,0,0,0,0,0,0,0,0,0,0,0,0,0,0,0,0,0,0,0,0,0,0,0,0,0,0,0,0,0,0,0,0,0,0,0,0,0,0,0,0,0,0,0,0,0,0,0,0,0,0,0,0,0,0,0,0,,PreLM Reference
Bayswater_51,Reference,Pre,8/22/2018,Bayswater,LM Reference,6,18.75,62.5,0,0,0,0,0,0,0,0,0,0,0,0,0,0,0,0,0,0,0,0,0,0,0,0,0,0,0,0,0,0,0,0,0,0,0,0,0,0,0,0,0,81.25,18.75,8.75,2.5,0,18,0,6,5.56,8.38,9.22,6.92,5.01,7.018,62,0,77,64,102,100,62,81,10.01,10.03,7.7,8.2,5.3,8.248,0,0,0,0,0,0,0,0,0,0,0,0,0,0,0,0,0,0,0,0,0,0,0,0,0,0,0,0,0,0,0,0,0,0,0,0,0,0,0,0,0,0,0,0,0,0,0,0,0,0,0,0,0,0,0,0,0,0,,PreLM Reference
Bayswater_52,Reference,Pre,8/22/2018,Bayswater,LM Reference,7,2.5,0,0,0,0,0,0,0,0,0,0,0,0,0,0,0,0,0,0,0,0,0,0,0,0,0,0,0,0,0,0,0,0,0,0,0,0,0,0,0,0,0,0,2.5,0,87.5,2.5,0,0,0,0,0,0,0,0,0,0,0,0,0,0,0,0,0,0,0,0,0,0,0,0,0,0,0,0,0,0,0,0,0,0,0,0,0,0,0,0,0,0,0,0,0,0,0,0,0,0,0,0,0,0,0,0,0,0,0,0,0,0,0,0,0,0,0,0,0,0,0,0,0,0,0,0,0,0,0,0,0,0,,PreLM Reference
Bayswater_53,Reference,Pre,8/22/2018,Bayswater,LM Reference,8,0,87.5,0,0,0,0,0,0,0,0,0,0,0,0,0,0,0,0,0,0,0,0,0,0,0,0,0,0,0,0,0,0,0,0,0,0,0,0,0,0,0,0,0,87.5,8.75,0,2.5,0,1,4,176,6.6,3.54,5.38,5.5,5.48,5.3,70,0,110,62,112,88,69,88.2,5.9,6,5.7,4.3,5.2,5.42,0,0,0,0,0,0,0,0,0,0,0,0,0,0,0,0,0,0,0,0,0,0,0,0,0,0,0,0,0,0,0,0,0,0,0,0,0,0,0,0,0,0,0,0,0,0,0,0,0,0,0,0,0,0,0,0,0,0,,PreLM Reference
Bayswater_54,Reference,Pre,8/22/2018,Bayswater,LM Reference,9,0,0,87.5,0,0,0,0,0,0,0,0,0,0,0,0,0,0,0,0,0,0,0,0,0,0,0,0,0,0,0,0,0,0,0,0,0,0,0,0,0,0,0,0,87.5,2.5,0,0,0,0,4,199,6.16,4.87,5.56,6.96,6.2,5.95,65,0,155,134,138,148,161,147.2,7.4,5.2,6.6,5.9,7,6.42,0,0,0,0,0,0,0,0,0,0,0,0,0,0,0,0,0,0,0,0,0,0,0,0,0,0,0,0,0,0,0,0,0,0,0,0,0,0,0,0,0,0,0,0,0,0,0,0,0,0,0,0,0,0,0,0,0,0,,PreLM Reference
Bayswater_55,Reference,Pre,8/22/2018,Bayswater,LM Reference,10,0,87.5,0,0,0,0,0,0,0,0,0,0,0,0,0,0,0,0,0,0,0,0,0,0,0,0,0,0,0,0,0,0,0,0,0,0,0,0,0,0,0,0,0,87.5,2.5,0,2.5,0,15,3,160,4.56,6.15,5.75,6.22,6.21,5.778,72,0,139,142,133,98,91,120.6,6.7,8.5,7.1,6.6,6.7,7.12,0,0,0,0,0,0,0,0,0,0,0,0,0,0,0,0,0,0,0,0,0,0,0,0,0,0,0,0,0,0,0,0,0,0,0,0,0,0,0,0,0,0,0,0,0,0,0,0,0,0,0,0,0,0,0,0,0,0,,PreLM Reference
Bayswater_56,Reference,Pre,8/22/2018,Bayswater,LM Reference,11,0,37.5,0,0,0,0,0,0,0,0,0,0,0,0,0,0,0,0,0,0,0,0,0,0,0,0,0,0,0,0,0,0,0,0,0,0,0,0,0,0,0,0,0,37.5,18.75,18.75,2.5,0,5,1,109,5.49,3.88,5.25,6.12,3.99,4.946,24,0,33,44,39,47,43,41.2,5.2,5.4,7.1,4.8,5,5.5,0,0,0,0,0,0,0,0,0,0,0,0,0,0,0,0,0,0,0,0,0,0,0,0,0,0,0,0,0,0,0,0,0,0,0,0,0,0,0,0,0,0,0,0,0,0,0,0,0,0,0,0,0,0,0,0,0,0,,PreLM Reference
Bayswater_57,Reference,Pre,8/22/2018,Bayswater,LM Reference,12,0,62.5,0,0,0,0,0,0,0,0,0,0,0,0,0,0,0,0,0,0,0,0,0,0,0,0,0,0,0,0,0,0,0,0,0,0,0,0,0,0,0,62.5,0,125,37.5,0,0,0,18,4,191,6.78,6.46,5.52,5.69,6.22,6.134,41,0,102,100,44,48,36,66,5.8,5.7,5,4.9,5.4,5.36,0,0,0,0,0,0,0,0,0,0,0,0,0,0,0,0,0,0,0,0,0,0,0,0,0,0,0,0,0,0,0,0,0,0,0,0,0,0,0,0,0,0,0,0,0,0,0,0,0,0,0,0,0,0,0,0,0,0,,PreLM Reference
Bayswater_58,Reference,Pre,8/22/2018,Bayswater,LM Reference,13,0,8.75,0,0,0,0,0,0,0,0,0,0,0,0,0,0,0,0,0,0,0,0,0,0,0,0,0,0,0,0,0,0,0,0,0,0,0,0,0,0,0,0,0,8.75,87.5,2.5,2.5,0,4,0,0,0,0,0,0,0,0,0,0,0,0,0,0,0,0,0,0,0,0,0,0,0,0,0,0,0,0,0,0,0,0,0,0,0,0,0,0,0,0,0,0,0,0,0,0,0,0,0,0,0,0,0,0,0,0,0,0,0,0,0,0,0,0,0,0,0,0,0,0,0,0,0,0,0,0,0,0,0,0,,PreLM Reference
Bayswater_59,Reference,Pre,8/22/2018,Bayswater,LM Reference,14,0,87.5,0,0,0,0,0,0,0,0,0,0,0,0,0,0,0,0,0,0,0,0,0,0,0,0,0,0,0,0,0,0,0,0,0,0,0,0,0,0,0,0,0,87.5,2.5,0,0,0,1,0,2,6,7.12,0,0,0,2.624,84,0,82,43,66,64,78,66.6,14.3,4.3,3.6,4.4,5,6.32,0,0,0,0,0,0,0,0,0,0,0,0,0,0,0,0,0,0,0,0,0,0,0,0,0,0,0,0,0,0,0,0,0,0,0,0,0,0,0,0,0,0,0,0,0,0,0,0,0,0,0,0,0,0,0,0,0,0,,PreLM Reference
Bayswater_60,Reference,Pre,8/22/2018,Bayswater,LM Reference,15,0,87.5,0,0,0,0,0,0,0,0,0,0,0,0,0,0,0,0,0,0,0,0,0,0,0,0,0,0,0,0,0,0,0,0,0,0,0,0,0,0,0,0,0,87.5,37.5,0,2.5,0,10,0,0,0,0,0,0,0,0,54,0,59,56,62,89,60,65.2,4.8,2.7,5.8,4.5,4.3,4.42,0,0,0,0,0,0,0,0,0,0,0,0,0,0,0,0,0,0,0,0,0,0,0,0,0,0,0,0,0,0,0,0,0,0,0,0,0,0,0,0,0,0,0,0,0,0,0,0,0,0,0,0,0,0,0,0,0,0,,PreLM Reference
Bayswater_61,Restored,Post 2019,9/27/2019,Bayswater,HM Restored,1,0,0,2.5,2.5,0,0,0,0,2.5,0,0,0,0,0,0,0,0,0,0,0,0,0,0,0,0,0,0,0,0,0,0,0,0,0,0,0,0,0,0,0,0,0,0,7.5,37.5,37.5,37.5,0,0,0,0,0,0,0,0,0,0,0,0,0,0,0,0,0,0,0,0,0,0,0,0,15,0,0,0,0,0,0,0,0,0,0,0,0,0,22,0,0,0,0,0,0,0,0,0,0,0,0,0,0,0,0,0,0,0,0,0,0,0,0,0,0,0,0,0,0,0,0,0,0,0,0,0,0,0,0,0,3.265,0,,Post 2019HM Restored
Bayswater_62,Restored,Post 2019,9/27/2019,Bayswater,HM Restored,2,0,0,2.5,2.5,0,0,0,0,2.5,0,0,0,0,0,0,0,0,0,0,0,0,0,0,0,0,0,0,0,0,0,0,0,0,0,0,0,0,0,0,0,0,0,0,7.5,62.5,37.5,2.5,0,0,0,0,0,0,0,0,0,0,0,0,0,0,0,0,0,0,0,0,0,0,0,0,15,0,0,0,0,0,0,0,0,0,0,0,0,0,20,0,0,0,0,0,0,0,0,0,0,0,0,0,0,0,0,0,0,0,0,0,0,0,0,0,0,0,0,0,0,0,0,0,0,0,0,0,0,0,0,0,3.232,0,,Post 2019HM Restored
Bayswater_63,Restored,Post 2019,9/27/2019,Bayswater,HM Restored,3,2.5,0,2.5,2.5,0,0,0,0,2.5,0,0,0,0,2.5,0,0,0,0,0,0,0,0,0,0,0,0,0,0,0,0,0,0,0,0,0,0,0,0,0,0,0,0,0,12.5,62.5,37.5,2.5,0,0,0,0,0,0,0,0,0,0,0,0,0,0,0,0,0,0,0,0,0,0,0,0,13,0,0,0,0,0,0,0,0,0,0,0,0,0,4,0,0,0,0,0,0,0,0,0,0,0,0,0,0,0,0,0,0,0,0,0,0,0,0,0,0,0,0,0,0,0,0,0,0,0,0,0,0,0,0,0,3.604,0,,Post 2019HM Restored
Bayswater_64,Restored,Post 2019,9/27/2019,Bayswater,HM Restored,4,0,0,2.5,2.5,0,2.5,0,0,0,0,0,0,0,0,0,0,0,0,0,0,0,0,0,0,0,0,0,0,0,0,0,0,0,0,0,0,0,0,0,0,0,0,0,7.5,87.5,0,8.75,0,0,0,0,0,0,0,0,0,0,0,0,0,0,0,0,0,0,0,0,0,0,0,0,20,0,0,0,0,0,0,0,0,0,0,0,0,0,15,0,0,0,0,0,0,0,0,0,0,0,0,0,0,0,0,0,0,0,0,0,0,0,0,0,0,0,0,0,0,0,0,0,0,0,0,0,0,0,0,0,3.431,0,,Post 2019HM Restored
Bayswater_65,Restored,Post 2019,9/27/2019,Bayswater,HM Restored,5,0,0.5,2.5,2.5,0,0,0,0,0,0,0,0,0,0,0,0,0,0,0,0,0,0,0,0,0,0,0,0,0,0,0,0,0,0,0,0,0,0,0,0,0,0,0,5.5,87.5,0,2.5,0,0,0,0,0,0,0,0,0,0,0,0,0,0,0,0,0,0,0,0,0,0,0,0,15,0,0,0,0,0,0,0,0,0,0,0,0,0,15,0,0,0,0,0,0,0,0,0,0,0,0,0,0,0,0,0,0,0,0,0,0,0,0,0,0,0,0,0,0,0,0,0,0,0,0,0,0,0,0,0,3.026,0,,Post 2019HM Restored
Bayswater_66,Restored,Post 2019,9/27/2019,Bayswater,HM Restored,6,0,0,2.5,8.75,0,0,0,0,0,0,0,0,0,2.5,0,0,0,0,0,0,0,0,0,0,0,0,0,0,0,0,0,0,0,0,0,0,0,0,0,0,0,0,0,13.75,62.5,18.75,0,0,0,0,0,0,0,0,0,0,0,0,0,0,0,0,0,0,0,0,0,0,0,0,0,15,0,0,0,0,0,0,0,0,0,0,0,0,0,45,0,0,0,0,0,0,0,0,0,0,0,0,0,0,0,0,0,0,0,0,0,0,0,0,0,0,0,0,0,0,0,0,0,0,0,0,0,0,0,0,0,3.282,0,,Post 2019HM Restored
Bayswater_67,Restored,Post 2019,9/27/2019,Bayswater,HM Restored,7,0,0,2.5,2.5,0,0,0,0,0,0,0,0,0,0,0,0,0,0,0,0,0,0,0,0,0,0,0,0,0,0,0,0,0,0,0,0,0,0,0,0,0,0,0,5,87.5,0,2.5,0,0,0,0,0,0,0,0,0,0,0,0,0,0,0,0,0,0,0,0,0,0,0,0,15,0,0,0,0,0,0,0,0,0,0,0,0,0,15,0,0,0,0,0,0,0,0,0,0,0,0,0,0,0,0,0,0,0,0,0,0,0,0,0,0,0,0,0,0,0,0,0,0,0,0,0,0,0,0,0,3.066,0,,Post 2019HM Restored
Bayswater_68,Restored,Post 2019,9/27/2019,Bayswater,HM Restored,8,0,0,2.5,2.5,0,0,0,0,0,0,0,0,0,2.5,0,0,0,0,0,0,0,0,0,0,0,0,0,0,0,0,0,0,0,0,0,0,0,0,0,0,0,0,0,7.5,87.5,0,8.75,0,0,0,0,0,0,0,0,0,0,0,0,0,0,0,0,0,0,0,0,0,0,0,0,0,0,0,0,0,0,0,0,0,0,0,0,0,0,30,0,0,0,0,0,0,0,0,0,0,0,0,0,0,0,0,0,0,0,0,0,0,0,0,0,0,0,0,0,0,0,0,0,0,0,0,0,0,0,0,0,3.424,0,,Post 2019HM Restored
Bayswater_69,Restored,Post 2019,9/27/2019,Bayswater,HM Restored,9,0,0,2.5,2.5,2.5,0,0,0,0,0,0,0,0,2.5,0,0,0,0,0,0,0,0,0,0,0,0,0,0,0,0,0,0,0,0,0,0,0,0,0,0,0,0,0,10,62.5,8.75,0,0,0,0,0,0,0,0,0,0,0,0,0,0,0,0,0,0,0,0,0,0,0,0,0,45,0,0,0,0,0,0,0,0,0,0,0,0,0,0,0,0,0,0,0,0,0,0,0,0,0,0,0,0,0,0,0,0,0,0,0,0,0,0,0,0,0,0,0,0,0,0,0,0,0,0,0,0,0,0,0,4.182,0,,Post 2019HM Restored
Bayswater_70,Restored,Post 2019,9/27/2019,Bayswater,HM Restored,10,8.75,0,2.5,2.5,2.5,0,0,0,0,0,0,0,0,2.5,0,0,0,0,0,0,0,0,0,0,0,0,0,0,0,0,0,0,0,0,0,0,0,0,0,0,0,0,0,18.75,62.5,0,2.5,0,0,0,0,0,0,0,0,0,0,0,0,0,0,0,0,0,0,0,0,0,0,0,0,15,0,0,0,0,0,0,0,0,0,0,0,0,0,15,0,0,0,0,0,0,0,0,0,0,0,0,0,0,0,0,0,0,0,0,0,0,0,0,0,0,0,0,0,0,0,0,0,0,0,0,0,0,0,0,0,4.26,0,,Post 2019HM Restored
Bayswater_71,Restored,Post 2019,9/27/2019,Bayswater,HM Restored,11,8.75,0,2.5,2.5,0,0,0,0,0,0,0,0,0,2.5,0,0,0,0,0,0,0,0,0,0,0,0,0,0,0,0,0,0,0,0,0,0,0,0,0,0,0,0,0,16.25,62.5,8.75,2.5,0,0,0,0,0,0,0,0,0,0,0,0,0,0,0,0,0,0,0,0,0,0,0,0,15,0,0,0,0,0,0,0,0,0,0,0,0,0,0,0,0,0,0,0,0,0,0,0,0,0,0,0,0,0,0,0,0,0,0,0,0,0,0,0,0,0,0,0,0,0,0,0,0,0,0,0,0,0,0,0,3.928,0,,Post 2019HM Restored
Bayswater_72,Restored,Post 2019,9/27/2019,Bayswater,HM Restored,12,0,0,2.5,2.5,0,2.5,0,0,0,0,0,0,0,8.5,0,0,0,0,0,0,0,0,0,0,0,0,0,0,0,0,0,0,0,0,0,0,0,0,0,0,0,0,0,16,87.5,0,0,0,0,0,0,0,0,0,0,0,0,0,0,0,0,0,0,0,0,0,0,0,0,0,0,5,0,0,0,0,0,0,0,0,0,0,0,0,0,5,0,0,0,0,0,0,0,0,0,0,0,0,0,0,0,0,0,0,0,0,0,0,0,0,0,0,0,0,0,0,0,0,0,0,0,0,0,0,0,0,0,4.01,0,,Post 2019HM Restored
Bayswater_73,Restored,Post 2019,9/27/2019,Bayswater,HM Restored,13,0,2.5,2.5,2.5,0,2.5,0,0,0,0,0,0,0,37.5,0,0,0,0,0,0,0,0,0,0,0,0,0,0,0,0,0,0,0,0,0,0,0,0,0,0,0,0,0,47.5,37.5,8.75,0,8.75,0,0,0,0,0,0,0,0,0,5,0,0,0,0,0,0,0,0,0,0,0,0,0,15,0,0,0,0,0,0,0,0,0,0,0,0,0,30,0,0,0,0,0,0,0,0,0,0,0,0,0,0,0,0,0,0,0,0,0,0,0,0,0,0,0,0,0,0,0,0,0,0,0,0,0,0,0,0,0,4.03,0,,Post 2019HM Restored
Bayswater_74,Restored,Post 2019,9/27/2019,Bayswater,HM Restored,14,0,0,2.5,2.5,0,0,0,0,0,0,0,0,0,2.5,0,0,0,0,0,0,2.5,0,0,0,0,0,0,0,0,0,0,0,0,0,0,0,0,0,0,0,0,0,0,10,87.5,0,0,0,0,0,0,0,0,0,0,0,0,0,0,0,0,0,0,0,0,0,0,0,0,0,0,15,0,0,0,0,0,0,0,0,0,0,0,0,0,15,0,0,0,0,0,0,0,0,0,0,0,0,0,0,0,0,0,0,0,0,0,0,0,0,0,0,0,0,0,0,0,0,0,0,0,0,0,0,0,0,0,3.601,0,,Post 2019HM Restored
Bayswater_75,Restored,Post 2019,9/27/2019,Bayswater,HM Restored,15,8.75,0,2.5,2.5,0,0,0,0,0,0,0,0,0,8.75,0,0,0,0,0,0,0,0,0,0,0,0,0,0,0,0,0,0,0,0,0,0,0,0,0,0,0,0,0,22.5,62.5,8.75,2.5,0,0,0,0,0,0,0,0,0,0,0,0,0,0,0,0,0,0,0,0,0,0,0,0,15,0,0,0,0,0,0,0,0,0,0,0,0,0,15,0,0,0,0,0,0,0,0,0,0,0,0,0,0,0,0,0,0,0,0,0,0,0,0,0,0,0,0,0,0,0,0,0,0,0,0,0,0,0,0,0,3.8,0,,Post 2019HM Restored
Bayswater_76,Reference,Post 2019,9/27/2019,Bayswater,HM Reference,1,,0,62.5,0,8.75,0,0,0,0,0,0,0,0,0,0,0,0,0,0,0,0,0,0,0,0,0,0,0,0,0,0,0,0,0,0,0,0,0,0,0,0,0,0,71.25,0,0,2.5,0,0,0,0,0,0,0,0,0,0,0,"SPPA, SOSE",0,0,0,0,0,0,0,0,0,0,0,0,200,0,0,0,0,0,0,0,0,0,0,0,0,0,0,0,0,0,0,0,0,0,0,0,0,0,0,0,0,0,0,0,0,0,0,0,0,0,0,0,0,0,0,0,0,0,0,0,0,0,0,0,0,0,0,0,4.249,0,,Post 2019HM Reference
Bayswater_77,Reference,Post 2019,9/27/2019,Bayswater,HM Reference,2,2.5,0,18.75,18.75,8.75,0,0,0,0,0,0,0,0,0,0,0,0,0,0,0,0,0,0,0,0,0,0,0,0,0,0,0,0,0,0,0,0,0,0,0,0,0,0,48.75,8.75,2.5,2.5,0,0,0,0,0,0,0,0,0,0,0,"DISP, SPPA, SOSE",0,0,0,0,0,0,0,0,0,0,0,0,50,0,0,0,0,0,0,0,0,0,0,0,0,0,50,0,0,0,0,0,0,0,0,0,0,0,0,0,0,0,0,0,0,0,0,0,0,0,0,0,0,0,0,0,0,0,0,0,0,0,0,0,0,0,0,0,4.089,0,,Post 2019HM Reference
Bayswater_78,Reference,Post 2019,9/27/2019,Bayswater,HM Reference,3,0,0,0,2.5,0,0,2.5,0,0,0,0,0,0,18.75,0,0,0,0,0,0,0,0,0,0,0,0,0,0,0,0,0,0,0,0,0,0,0,0,0,0,0,0,0,23.75,62.5,0,8.75,0,0,0,0,0,0,0,0,0,0,0,0,0,0,0,0,0,0,0,0,0,0,0,0,0,0,0,0,0,0,0,0,0,0,0,0,0,0,0,0,0,0,0,0,0,0,0,0,0,0,0,0,0,0,0,0,0,0,0,0,0,0,0,0,0,0,0,0,0,0,0,0,0,0,0,0,0,0,0,0,3.581,0,,Post 2019HM Reference
Bayswater_79,Reference,Post 2019,9/27/2019,Bayswater,HM Reference,4,8.75,0,2.5,8.75,37.5,0,0,0,0,0,0,0,0,18.75,0,0,0,0,0,0,0,0,0,0,0,0,0,0,0,0,0,0,0,0,0,0,0,0,0,0,0,0,0,76.25,18.75,0,8.75,0,0,0,0,0,0,0,0,0,0,0,"DISP, SOSE",0,0,0,0,0,0,0,0,0,0,0,0,0,0,0,0,0,0,0,0,0,0,0,0,0,0,0,0,0,0,0,0,0,0,0,0,0,0,0,0,0,0,0,0,0,0,0,0,0,0,0,0,0,0,1,0,0,0,0,0,0,0,0,0,0,0,0,0,3.978,0,,Post 2019HM Reference
Bayswater_80,Reference,Post 2019,9/27/2019,Bayswater,HM Reference,5,8.75,0,0,8.75,0,0,0,0,0,0,0,0,0,0,0,0,0,0,0,0,2.5,0,0,0,0,0,0,0,0,0,0,0,0,0,0,0,0,0,0,0,0,0,0,20,37.5,37.5,8.75,0,0,0,0,0,0,0,0,0,0,0,0,0,0,0,0,0,0,0,0,0,0,0,0,0,0,0,0,0,0,0,0,0,0,0,0,0,0,15,0,0,0,0,0,0,0,0,0,0,0,0,0,0,0,0,0,0,0,0,0,0,0,0,0,0,0,0,0,0,0,0,0,0,0,0,0,0,0,0,0,3.405,0,,Post 2019HM Reference
Bayswater_81,Reference,Post 2019,9/27/2019,Bayswater,HM Reference,6,0,0,37.5,37.5,0,0,0,0,0,0,0,0,0,2.5,0,0,0,0,0,0,0,0,0,0,0,0,0,0,0,0,0,0,0,0,0,0,0,0,0,0,0,0,0,77.5,0,18.75,0,0,0,0,0,0,0,0,0,0,0,0,"DISP, SPPA",0,0,0,0,0,0,0,0,0,0,0,0,100,0,0,0,0,0,0,0,0,0,0,0,0,0,100,0,0,0,0,0,0,0,0,0,0,0,0,0,0,0,0,0,0,0,0,0,0,0,0,0,0,0,0,0,0,0,0,0,0,0,0,0,0,0,0,0,3.844,0,,Post 2019HM Reference
Bayswater_82,Reference,Post 2019,9/27/2019,Bayswater,HM Reference,7,0,0,37.5,37.5,0,0,0,0,0,0,0,0,0,0,0,0,0,0,0,0,0,0,0,0,0,0,0,0,0,0,0,0,0,0,0,0,0,0,0,0,0,0,0,75,2.5,2.5,0,8.75,0,0,0,0,0,0,0,0,0,0,"DISP, SPPA",0,0,0,0,0,0,0,0,0,0,0,0,150,0,0,0,0,0,0,0,0,0,0,0,0,0,150,0,0,0,0,0,0,0,0,0,0,0,0,0,0,0,0,0,0,0,0,0,0,0,0,0,0,0,0,0,0,0,0,0,0,0,0,0,0,0,0,0,3.953,0,,Post 2019HM Reference
Bayswater_83,Reference,Post 2019,9/27/2019,Bayswater,HM Reference,8,0,0,0,37.5,0,0,2.5,0,0,0,0,0,0,0,0,0,0,0,0,0,0,0,0,0,0,0,0,0,0,0,0,0,0,0,0,0,0,0,0,0,0,0,0,40,37.5,0,0,0,0,0,0,0,0,0,0,0,0,0,DISP,0,0,0,0,0,0,0,0,0,0,0,0,0,0,0,0,0,0,0,0,0,0,0,0,0,0,100,0,0,0,0,0,0,0,0,0,0,0,0,0,0,0,0,0,0,0,0,0,0,0,0,0,0,0,0,0,0,0,0,0,0,0,0,0,0,0,0,0,3.696,0,,Post 2019HM Reference
Bayswater_84,Reference,Post 2019,9/27/2019,Bayswater,HM Reference,9,0,0,18.75,37.5,0,2.5,0,0,0,0,0,0,0,0,0,0,0,0,0,0,0,0,0,0,0,0,0,0,0,0,0,0,0,0,0,0,0,0,0,0,0,0,0,58.75,2.5,2.5,0,0,0,0,0,0,0,0,0,0,0,0,DISP,0,0,0,0,0,0,0,0,0,0,0,0,100,0,0,0,0,0,0,0,0,0,0,0,0,0,100,0,0,0,0,0,0,0,0,0,0,0,0,0,0,0,0,0,0,0,0,0,0,0,0,0,0,0,0,0,0,0,0,0,0,0,0,0,0,0,0,0,3.668,0,,Post 2019HM Reference
Bayswater_85,Reference,Post 2019,9/27/2019,Bayswater,HM Reference,10,0,0,0,37.5,0,0,0,0,0,0,0,0,0,0,0,0,0,0,0,0,2.5,0,0,0,0,0,0,0,0,0,0,0,0,0,0,0,0,0,0,0,0,0,0,40,8.75,2.5,2.5,0,0,0,0,0,0,0,0,0,0,0,0,0,0,0,0,0,0,0,0,0,0,0,0,0,0,0,0,0,0,0,0,0,0,0,0,0,0,150,0,0,0,0,0,0,0,0,0,0,0,0,0,0,0,0,0,0,0,0,0,0,0,0,0,0,0,0,0,0,0,0,0,0,0,0,0,0,0,0,0,3.657,0,,Post 2019HM Reference
Bayswater_86,Reference,Post 2019,9/27/2019,Bayswater,HM Reference,11,0,0,18.75,37.5,0,0,2.5,0,0,0,0,0,0,0,0,0,0,0,0,0,0,0,0,0,0,0,0,0,0,0,0,0,0,0,0,0,0,0,0,0,0,0,0,58.75,2.5,2.5,0,0,0,0,0,0,0,0,0,0,0,0,0,0,0,0,0,0,0,0,0,0,0,0,0,100,0,0,0,0,0,0,0,0,0,0,0,0,0,200,0,0,0,0,0,0,0,0,0,0,0,0,0,0,0,0,0,0,0,0,0,0,0,0,0,0,0,0,0,0,0,0,0,0,0,0,0,0,0,0,0,3.677,0,,Post 2019HM Reference
Bayswater_87,Reference,Post 2019,9/27/2019,Bayswater,HM Reference,12,0,0,18.75,2.5,0,0,0,0,0,0,0,0,0,0,0,0,0,0,0,0,0,0,0,0,0,0,0,0,0,0,0,0,0,0,0,0,0,0,0,0,0,0,0,21.25,0,62.5,2,0,0,0,0,0,0,0,0,0,0,0,DISP,0,0,0,0,0,0,0,0,0,0,0,0,150,0,0,0,0,0,0,0,0,0,0,0,0,0,15,0,0,0,0,0,0,0,0,0,0,0,0,0,0,0,0,0,0,0,0,0,0,0,0,0,0,0,0,0,0,0,0,0,0,0,0,0,0,0,0,0,3.447,0,,Post 2019HM Reference
Bayswater_88,Reference,Post 2019,9/27/2019,Bayswater,HM Reference,13,0,0,18.75,37.5,0,2.5,0,0,0,0,0,0,0,0,0,0,0,0,0,0,2.5,0,0,0,0,0,0,0,0,0,0,0,0,0,0,0,0,0,0,0,0,0,0,61.25,0,2.5,0,0,0,0,0,0,0,0,0,0,0,5,DISP,0,0,0,0,0,0,0,0,0,0,0,0,100,0,0,0,0,0,0,0,0,0,0,0,0,0,200,0,0,0,0,0,0,0,0,0,0,0,0,0,0,0,0,0,0,0,0,0,0,0,0,0,0,0,0,0,0,0,0,0,0,0,0,0,0,0,0,0,3.567,0,,Post 2019HM Reference
Bayswater_89,Reference,Post 2019,9/27/2019,Bayswater,HM Reference,14,0,0,37.5,37.5,0,8.75,0,0,0,0,0,0,0,0,0,0,0,0,0,0,8.75,0,0,0,0,0,0,0,0,0,0,0,0,0,0,0,0,0,0,0,0,0,0,92.5,2.5,0,0,8.75,0,0,0,0,0,0,0,0,0,0,DISP,0,0,0,0,0,0,0,0,0,0,0,0,300,0,0,0,0,0,0,0,0,0,0,0,0,0,300,0,0,0,0,0,0,0,0,0,0,0,0,0,0,0,0,0,0,0,0,0,0,0,0,0,0,0,0,0,0,0,0,0,0,0,0,0,0,0,0,0,3.514,0,,Post 2019HM Reference
Bayswater_90,Reference,Post 2019,9/27/2019,Bayswater,HM Reference,15,0,0,37.5,37.5,0,0,0,0,0,0,0,0,0,0,0,0,0,0,0,0,0,0,0,0,0,0,0,0,0,0,0,0,0,0,0,0,0,0,0,0,0,0,0,75,8.75,0,0,8.75,0,0,0,0,0,0,0,0,0,0,DISP,0,0,0,0,0,0,0,0,0,0,0,0,300,0,0,0,0,0,0,0,0,0,0,0,0,0,300,0,0,0,0,0,0,0,0,0,0,0,0,0,0,0,0,0,0,0,0,0,0,0,0,0,0,0,0,0,0,0,0,0,0,0,0,0,0,0,0,0,3.424,0,,Post 2019HM Reference
Bayswater_91,Restored,Post 2019,9/27/2019,Bayswater,LM Restored,1,18.75,8.75,0,0,0,0,0,0,0,0,0,0,0,0,0,0,0,0,0,0,0,0,0,0,0,0,0,0,0,0,0,0,0,0,0,0,0,0,0,0,0,0,0,27.5,37.5,37.5,2.5,0,0,0,0,0,0,0,0,0,0,0,0,0,0,0,0,0,0,0,0,0,0,0,0,0,0,0,0,0,0,0,0,0,0,0,0,0,0,0,0,0,0,0,0,0,0,0,0,0,0,0,0,0,0,0,0,0,0,0,0,0,0,0,0,0,0,0,0,0,0,0,0,0,0,0,0,0,0,0,0,3.864,0,,Post 2019LM Restored
Bayswater_92,Restored,Post 2019,9/27/2019,Bayswater,LM Restored,2,0,8.75,0,0,0,0,0,0,0,0,0,0,0,0,0,0,0,0,0,0,0,0,0,0,0,0,0,0,0,0,0,0,0,0,0,0,0,0,0,0,0,0,0,8.75,87.5,0,0,0,0,0,0,0,0,0,0,0,0,7,0,2,1.5,1,1.5,7.3,2.66,0.16,0.13,0.2,0.23,0.21,0.186,0,0,0,0,0,0,0,0,0,0,0,0,0,0,0,0,0,0,0,0,0,0,0,0,0,0,0,0,0,0,0,0,0,0,0,0,0,0,0,0,0,0,0,0,0,0,0,0,0,0,0,0,0,0,0,0,2.881,0,,Post 2019LM Restored
Bayswater_93,Restored,Post 2019,9/27/2019,Bayswater,LM Restored,3,0,18.75,0,0,0,0,0,0,0,0,0,0,0,0,0,0,0,0,0,0,0,0,0,0,0,0,0,0,0,0,0,0,0,0,0,0,0,0,0,0,0,2.5,0,21.25,87.5,0,0,0,0,0,0,0,0,0,0,0,0,31,SPAL,8.3,13.8,2.5,11.5,11.1,9.44,0.31,0.31,0.25,0.35,0.33,0.31,0,0,0,0,0,0,0,0,0,0,0,0,0,0,0,0,0,0,0,0,0,0,0,0,0,0,0,0,0,0,0,0,0,0,0,0,0,0,0,0,0,0,0,0,0,0,0,0,0,0,0,0,0,0,0,0,1.859,0,,Post 2019LM Restored
Bayswater_94,Restored,Post 2019,9/27/2019,Bayswater,LM Restored,4,0,8.75,0,0,0,0,0,0,0,0,0,0,0,0,0,0,0,0,0,0,0,0,0,0,0,0,0,0,0,0,0,0,0,0,0,0,0,0,0,0,0,0,0,8.75,87.5,0,0,0,0,0,0,0,0,0,0,0,0,14,0,6,4.8,2,3,3.8,3.92,0.3,0.24,0.24,0.24,0.24,0.252,0,0,0,0,0,0,0,0,0,0,0,0,0,0,0,0,0,0,0,0,0,0,0,0,0,0,0,0,0,0,0,0,0,0,0,0,0,0,0,0,0,0,0,0,0,0,0,0,0,0,0,0,0,0,0,0,2.811,0,,Post 2019LM Restored
Bayswater_95,Restored,Post 2019,9/27/2019,Bayswater,LM Restored,5,0,18.75,0,0,0,0,0,0,0,0,0,0,0,0,0,0,0,0,0,0,0,0,0,0,0,0,0,0,0,0,0,0,0,0,0,0,0,0,0,0,0,0,0,18.75,87.5,0,2.5,0,7,0,0,0,0,0,0,0,0,39,SPAL,28.5,9,15.4,10.2,19.8,16.58,0.33,0.31,0.38,0.39,0.39,0.36,0,0,0,0,0,0,0,0,0,0,0,0,0,0,0,0,0,0,0,0,0,0,0,0,0,0,0,0,0,0,0,0,0,0,0,0,0,0,0,0,0,0,0,0,0,0,0,0,0,0,0,0,0,0,0,0,2.217,0,,Post 2019LM Restored
Bayswater_96,Restored,Post 2019,9/27/2019,Bayswater,LM Restored,6,2.5,8.75,0,0,0,0,0,0,0,0,0,0,0,0,0,0,0,0,0,0,0,0,0,0,0,0,0,0,0,0,0,0,0,0,0,0,0,0,0,0,0,0,0,11.25,87.5,0,0.5,0,1,0,0,0,0,0,0,0,0,20,SPAL,5,7.4,29.5,17,8.8,13.54,0.18,0.2,0.25,0.3,0.23,0.232,0,0,0,0,0,0,0,0,0,0,0,0,0,0,0,0,0,0,0,0,0,0,0,0,0,0,0,0,0,0,0,0,0,0,0,0,0,0,0,0,0,0,0,0,0,0,0,0,0,0,0,0,0,0,0,0,3.031,0,,Post 2019LM Restored
Bayswater_97,Restored,Post 2019,9/27/2019,Bayswater,LM Restored,7,0,2.5,0,0,0,0,0,0,0,0,0,0,0,0,0,0,0,0,0,0,0,0,0,0,0,0,0,0,0,0,0,0,0,0,0,0,0,0,0,0,0,0,0,2.5,87.5,0.5,0.5,0.5,5,0,0,0,0,0,0,0,0,17,0,10.4,5,2.5,1.8,5,4.94,0.32,0.43,0.16,0.34,0.17,0.284,0,0,0,0,0,0,0,0,0,0,0,0,0,0,0,0,0,0,0,0,0,0,0,0,0,0,0,0,0,0,0,0,0,0,0,0,0,0,0,0,0,0,0,0,0,0,0,0,0,0,0,0,0,0,0,0,2.566,0,,Post 2019LM Restored
Bayswater_98,Restored,Post 2019,9/27/2019,Bayswater,LM Restored,8,2.5,2.5,0,0,0,0,0,0,0,0,0,0,0,0,0,0,0,0,0,0,0,0,0,0,0,0,0,0,0,0,0,0,0,0,0,0,0,0,0,0,0,0,0,5,87.5,0,2.5,2.5,0,0,0,0,0,0,0,0,0,0,0,2,2.9,4.3,1.1,2,2.46,0.15,0.15,0.16,0.15,0.09,0.14,0,0,0,0,0,0,0,0,0,0,0,0,0,0,0,0,0,0,0,0,0,0,0,0,0,0,0,0,0,0,0,0,0,0,0,0,0,0,0,0,0,0,0,0,0,0,0,0,0,0,0,0,0,0,0,0,2.978,0,,Post 2019LM Restored
Bayswater_99,Restored,Post 2019,9/27/2019,Bayswater,LM Restored,9,0,2.5,0,0,0,0,0,0,0,0,0,0,0,2.5,0,0,0,0,0,0,0,0,0,0,0,0,0,0,0,0,0,0,0,0,0,0,0,0,0,0,0,0,0,5,87.5,0.5,0.5,0.5,0,0,0,0,0,0,0,0,0,23,SPAL,8.3,6.5,14,8.5,5,8.46,0.16,0.2,0.21,0.15,0.18,0.18,0,0,0,0,0,0,0,0,0,0,0,0,0,0,0,0,0,0,0,0,0,0,0,0,0,0,0,0,0,0,0,0,0,0,0,0,0,0,0,0,0,0,0,0,0,0,0,0,0,0,0,0,0,0,0,0,2.987,0,,Post 2019LM Restored
Bayswater_100,Restored,Post 2019,9/27/2019,Bayswater,LM Restored,10,0,18.75,0,0,0,0,0,0,0,0,0,0,0,2.5,0,0,0,0,0,0,0,0,0,0,0,0,0,0,0,0,0,0,0,0,0,0,0,0,0,0,0,0,0,21.25,87.5,0,2.5,0,0,0,0,0,0,0,0,0,0,81,SPAL,31.2,17.5,3.8,35.5,30,23.6,0.3,0.21,0.35,0.3,0.33,0.298,0,0,0,0,0,0,0,0,0,0,0,0,0,0,0,0,0,0,0,0,0,0,0,0,0,0,0,0,0,0,0,0,0,0,0,0,0,0,0,0,0,0,0,0,0,0,0,0,0,0,0,0,0,0,0,0,2.813,0,,Post 2019LM Restored
Bayswater_101,Restored,Post 2019,9/27/2019,Bayswater,LM Restored,11,0,18.75,0,0,0,0,0,0,0,0,0,0,0,0,0,0,0,0,0,0,0,0,0,0,0,0,0,0,0,0,0,0,0,0,0,0,0,0,0,0,0,0,0,18.75,87.5,0,0.5,0,1,0,0,0,0,0,0,0,0,52,SPAL,8.5,29.3,10,21,6.3,15.02,0.32,0.35,0.28,0.31,0.38,0.328,0,0,0,0,0,0,0,0,0,0,0,0,0,0,0,0,0,0,0,0,0,0,0,0,0,0,0,0,0,0,0,0,0,0,0,0,0,0,0,0,0,0,0,0,0,0,0,0,0,0,0,0,0,0,0,0,2.514,0,,Post 2019LM Restored
Bayswater_102,Restored,Post 2019,9/27/2019,Bayswater,LM Restored,12,0,8.75,0,0,0,0,0,0,0,0,0,0,0,0,0,0,0,0,0,0,0,0,0,0,0,0,0,0,0,0,0,0,0,0,0,0,0,0,0,0,0,0,0,8.75,87.5,0,0,0,0,0,0,0,0,0,0,0,0,37,SPAL,1,17.7,27.8,21,3,14.1,0.24,0.36,0.32,0.3,0.19,0.282,0,0,0,0,0,0,0,0,0,0,0,0,0,0,0,0,0,0,0,0,0,0,0,0,0,0,0,0,0,0,0,0,0,0,0,0,0,0,0,0,0,0,0,0,0,0,0,0,0,0,0,0,0,0,0,0,2.697,0,,Post 2019LM Restored
Bayswater_103,Restored,Post 2019,9/27/2019,Bayswater,LM Restored,13,0,2.5,0,0,0,0,0,0,0,0,0,0,0,2.5,0,0,0,0,0,0,2.5,0,0,0,0,0,0,0,0,0,0,0,0,0,0,0,0,0,0,0,0,0,0,7.5,87.5,0,0.5,0,0,0,0,0,0,0,0,0,0,4,0,0.7,0.1,3,1.5,0,1.06,0.2,0.22,0.2,0.17,0,0.158,0,0,0,0,0,0,0,0,0,0,0,0,0,0,0,0,0,0,0,0,0,0,0,0,0,0,0,0,0,0,0,0,0,0,0,0,0,0,0,0,0,0,0,0,0,0,0,0,0,0,0,0,0,0,0,0,2.763,0,,Post 2019LM Restored
Bayswater_104,Restored,Post 2019,9/27/2019,Bayswater,LM Restored,14,0,2.5,0,0,0,0,0,0,0,0,0,0,0,0,0,0,0,0,0,0,0,0,0,0,0,0,0,0,0,0,0,0,0,0,0,0,0,0,0,0,0,0,0,2.5,87.5,0,0.5,0,0,0,0,0,0,0,0,0,0,4,0,2,1.5,1,12.5,0,3.4,0.32,0.2,0.25,0.28,0,0.21,0,0,0,0,0,0,0,0,0,0,0,0,0,0,0,0,0,0,0,0,0,0,0,0,0,0,0,0,0,0,0,0,0,0,0,0,0,0,0,0,0,0,0,0,0,0,0,0,0,0,0,0,0,0,0,0,2.818,0,,Post 2019LM Restored
Bayswater_105,Restored,Post 2019,9/27/2019,Bayswater,LM Restored,15,0,2.5,0,0,0,0,0,0,0,0,0,0,0,0,0,0,0,0,0,0,2.5,0,0,0,0,0,0,0,0,0,0,0,0,0,0,0,0,0,0,0,0,0,0,5,87.5,0,0,0,0,0,0,0,0,0,0,0,0,9,0,3.5,2.5,6,2,2,3.2,0.2,0.21,0.32,0.21,0.24,0.236,0,0,0,0,0,0,0,0,0,0,0,0,0,0,0,0,0,0,0,0,0,0,0,0,0,0,0,0,0,0,0,0,0,0,0,0,0,0,0,0,0,0,0,0,0,0,0,0,0,0,0,0,0,0,0,0,3.214,0,,Post 2019LM Restored
Bayswater_106,Reference,Post 2019,9/27/2019,Bayswater,LM Reference,1,0,62.5,0,0,0,0,0,0,0,0,0,0,0,0,0,0,0,0,0,0,0,0,0,0,0,0,0,0,0,0,0,0,0,0,0,0,0,0,0,0,0,0,0,62.5,18.75,0,8.75,0,0,0,20,0,0,0,0,0,0,18,SPAL,60.8,63.3,45.5,63,55.5,57.62,0.35,0.92,0.89,0.43,0.35,0.588,0,0,0,0,0,0,0,0,0,0,0,0,0,0,0,0,0,0,0,0,0,0,0,0,0,0,0,0,0,0,0,0,0,0,0,0,0,0,0,0,0,0,0,0,0,0,0,0,0,0,0,0,0,0,0,0,1.509,0,,Post 2019LM Reference
Bayswater_107,Reference,Post 2019,9/27/2019,Bayswater,LM Reference,2,0,62.5,0,0,0,0,0,0,0,0,0,0,0,0,0,0,0,0,0,0,0,0,0,0,0,0,0,0,0,0,0,0,0,0,0,0,0,0,0,0,0,0,0,62.5,62.5,0,2.5,0,4,0,16,0,0,0,0,0,0,75,SPAL,132,123.5,126.5,110.4,104.9,119.46,0.73,0.6,0.32,0.62,0.41,0.536,0,0,0,0,0,0,0,0,0,0,0,0,0,0,0,0,0,0,0,0,0,0,0,0,0,0,0,0,0,0,0,0,0,0,0,0,0,0,0,0,0,0,0,0,0,0,0,0,0,0,0,0,0,0,0,0,1.821,0,,Post 2019LM Reference
Bayswater_108,Reference,Post 2019,9/27/2019,Bayswater,LM Reference,3,0,87.5,0,0,0,0,0,0,0,0,0,0,0,0,0,0,0,0,0,0,0,0,0,0,0,0,0,0,0,0,0,0,0,0,0,0,0,0,0,0,0,0,0,87.5,37.5,0,2.5,0,0,0,71,0,0,0,0,0,0,48,SPAL,161.5,158.4,126.1,169.7,141.5,151.44,0.64,0.63,0.78,0.88,0.76,0.738,0,0,0,0,0,0,0,0,0,0,0,0,0,0,0,0,0,0,0,0,0,0,0,0,0,0,0,0,0,0,0,0,0,0,0,0,0,0,0,0,0,0,0,0,0,0,0,0,0,0,0,0,0,0,0,0,0.917,0,,Post 2019LM Reference
Bayswater_109,Reference,Post 2019,9/27/2019,Bayswater,LM Reference,4,0,37.5,0,0,0,0,0,0,0,0,0,0,0,0,0,0,0,0,0,0,0,0,0,0,0,0,0,0,0,0,0,0,0,0,0,0,0,0,0,0,0,0,0,37.5,8.75,0,8.75,0,2,0,16,0,0,0,0,0,0,40,SPAL,54.8,131.5,189.4,81.4,74.5,106.32,0.65,0.8,0.82,0.59,0.49,0.67,0,0,0,0,0,0,0,0,0,0,0,0,0,0,0,0,0,0,0,0,0,0,0,0,0,0,0,0,0,0,0,0,0,0,0,0,0,0,0,0,0,0,0,0,0,0,0,0,0,0,0,0,0,0,0,0,1.675,0,,Post 2019LM Reference
Bayswater_110,Reference,Post 2019,9/27/2019,Bayswater,LM Reference,5,2.5,0,0,0,0,18.75,0,0,0,0,0,0,0,8.75,0,0,0,0,0,0,62.5,0,0,0,0,0,0,0,0,0,0,0,0,0,0,0,0,0,0,0,0,0,0,92.5,18.75,0,0.5,0,0,0,0,0,0,0,0,0,0,0,0,0,0,0,0,0,0,0,0,0,0,0,0,0,0,0,0,0,0,0,0,0,0,0,0,0,0,0,0,0,0,0,0,0,0,0,0,0,0,0,0,0,0,0,0,0,0,0,0,0,0,0,0,0,0,0,0,0,0,0,0,0,0,0,0,0,0,0,0,2.499,0,,Post 2019LM Reference
Bayswater_111,Reference,Post 2019,9/27/2019,Bayswater,LM Reference,6,0,62.5,0,0,0,0,8.75,0,0,0,0,0,0,0,0,0,0,0,0,0,8.75,0,0,0,0,0,0,0,0,0,0,0,0,0,0,0,0,0,0,0,0,0,0,80,87.5,0,0.5,0,4,0,38,0,0,0,0,0,0,45,SPAL,56.6,100.4,114.2,91.1,104.2,93.3,0.5,0.45,0.54,0.39,0.56,0.488,0,0,0,0,0,0,0,0,0,0,0,0,0,0,0,0,0,0,0,0,0,0,0,0,0,0,0,0,0,0,0,0,0,0,0,0,0,0,0,0,0,0,0,0,0,0,0,0,0,0,0,0,0,0,0,0,2.29,0,,Post 2019LM Reference
Bayswater_112,Reference,Post 2019,9/27/2019,Bayswater,LM Reference,7,0,37.5,0,0,0,0,8.75,0,0,0,0,0,0,0,0,0,0,0,0,0,2.5,0,0,0,0,0,0,0,0,0,0,0,0,0,0,0,0,0,0,0,0,0,0,48.75,87.5,0,8.75,0,1,0,8,0,0,0,0,0,0,32,0,69.8,55.3,11,70.6,12.4,43.82,0.56,0.48,0.49,0.55,0.26,0.468,0,0,0,0,0,0,0,0,0,0,0,0,0,0,0,0,0,0,0,0,0,0,0,0,0,0,0,0,0,0,0,0,0,0,0,0,0,0,0,0,0,0,0,0,0,0,0,0,0,0,0,0,0,0,0,0,2.571,0,,Post 2019LM Reference
Bayswater_113,Reference,Post 2019,9/27/2019,Bayswater,LM Reference,8,0,87.5,0,0,0,0,0,0,0,0,0,0,0,0,0,0,0,0,0,0,0,0,0,0,0,0,0,0,0,0,0,0,0,0,0,0,0,0,0,0,0,0,0,87.5,87.5,0,2.5,0,0,0,200,0,0,0,0,0,0,54,0,125.6,125,137.1,133.5,98.3,123.9,0.44,0.58,0.65,0.57,0.41,0.53,0,0,0,0,0,0,0,0,0,0,0,0,0,0,0,0,0,0,0,0,0,0,0,0,0,0,0,0,0,0,0,0,0,0,0,0,0,0,0,0,0,0,0,0,0,0,0,0,0,0,0,0,0,0,0,0,1.546,0,,Post 2019LM Reference
Bayswater_114,Reference,Post 2019,9/27/2019,Bayswater,LM Reference,9,0,87.5,0,0,0,0,0,0,0,0,0,0,0,0,0,0,0,0,0,0,0,0,0,0,0,0,0,0,0,0,0,0,0,0,0,0,0,0,0,0,0,0,0,87.5,87.5,0,0.5,0,2,0,260,0,0,0,0,0,0,56,0,166.2,129.9,171.1,153.8,137.4,151.68,0.69,0.49,0.63,0.79,0.64,0.648,0,0,0,0,0,0,0,0,0,0,0,0,0,0,0,0,0,0,0,0,0,0,0,0,0,0,0,0,0,0,0,0,0,0,0,0,0,0,0,0,0,0,0,0,0,0,0,0,0,0,0,0,0,0,0,0,0.37,0,,Post 2019LM Reference
Bayswater_115,Reference,Post 2019,9/27/2019,Bayswater,LM Reference,10,8.75,62.5,0,0,0,0,2.5,0,0,0,0,0,0,0,0,0,0,0,0,0,0,0,0,0,0,0,0,0,0,0,0,0,0,0,0,0,0,0,0,0,0,0,0,73.75,87.5,0,0,0,6,0,20,0,0,0,0,0,0,66,0,141.6,113.8,95.5,67.5,117.6,107.2,0.75,0.61,0.6,0.73,0.95,0.728,0,0,0,0,0,0,0,0,0,0,0,0,0,0,0,0,0,0,0,0,0,0,0,0,0,0,0,0,0,0,0,0,0,0,0,0,0,0,0,0,0,0,0,0,0,0,0,0,0,0,0,0,0,0,0,0,1.494,0,,Post 2019LM Reference
Bayswater_116,Reference,Post 2019,9/27/2019,Bayswater,LM Reference,11,0,62.5,0,0,0,0,8.75,0,0,0,0,0,0,0,0,0,0,0,0,0,0,0,0,0,0,0,0,0,0,0,0,0,0,0,0,0,0,0,0,0,0,0,0,71.25,37.5,0,8.75,0,0,0,115,0,0,0,0,0,0,59,0,79,123,103.5,138.6,130,114.82,0.46,0.78,0.52,0.68,0.79,0.646,0,0,0,0,0,0,0,0,0,0,0,0,0,0,0,0,0,0,0,0,0,0,0,0,0,0,0,0,0,0,0,0,0,0,0,0,0,0,0,0,0,0,0,0,0,0,0,0,0,0,0,0,0,0,0,0,2.087,0,,Post 2019LM Reference
Bayswater_117,Reference,Post 2019,9/27/2019,Bayswater,LM Reference,12,0,37.5,0,0,0,0,0,0,0,0,0,0,0,2.5,0,0,0,0,0,0,0,0,0,0,0,0,0,0,0,0,0,0,0,0,0,0,0,0,0,0,0,0,0,40,37.5,0,2.5,0,1,0,50,0,0,0,0,0,0,24,0,97.5,65.6,70.4,71.5,71.6,75.32,0.53,0.61,0.71,0.53,0.55,0.586,0,0,0,0,0,0,0,0,0,0,0,0,0,0,0,0,0,0,0,0,0,0,0,0,0,0,0,0,0,0,0,0,0,0,0,0,0,0,0,0,0,0,0,0,0,0,0,0,0,0,0,0,0,0,0,0,1.64,0,,Post 2019LM Reference
Bayswater_118,Reference,Post 2019,9/27/2019,Bayswater,LM Reference,13,0,37.5,0,0,0,0,8.75,0,0,0,0,0,0,0,0,0,0,0,0,0,8.75,0,0,0,0,0,0,0,0,0,0,0,0,0,0,0,0,0,0,0,0,0,0,55,8.75,0,0,0,4,0,106,0,0,0,0,0,0,33,LICA,70.5,72.7,84.1,88.4,97.8,82.7,0.41,0.5,0.56,0.45,0.65,0.514,0,0,0,0,0,0,0,0,0,0,0,0,0,0,0,0,0,0,0,0,0,0,0,0,0,0,0,0,0,0,0,0,0,0,0,0,0,0,0,0,0,0,0,0,0,0,0,0,0,0,0,0,0,0,0,0,2.362,0,,Post 2019LM Reference
Bayswater_119,Reference,Post 2019,9/27/2019,Bayswater,LM Reference,14,0,62.5,0,0,0,0,0,0,0,0,0,0,0,0,0,0,0,0,0,0,0,0,0,0,0,0,0,0,0,0,0,0,0,0,0,0,0,0,0,0,0,0,0,62.5,62.5,0,2.5,18.75,0,0,0,0,0,0,0,0,0,64,0,42,24,35.1,33.9,49.8,36.96,0.53,0.44,0.51,0.74,0.44,0.532,0,0,0,0,0,0,0,0,0,0,0,0,0,0,0,0,0,0,0,0,0,0,0,0,0,0,0,0,0,0,0,0,0,0,0,0,0,0,0,0,0,0,0,0,0,0,0,0,0,0,0,0,0,0,0,0,2.464,0,,Post 2019LM Reference
Bayswater_120,Reference,Post 2019,9/27/2019,Bayswater,LM Reference,15,0,62.5,0,0,0,0,0,0,0,0,0,0,0,0,0,0,0,0,0,0,0,0,0,0,0,0,0,0,0,0,0,0,0,0,0,0,0,0,0,0,0,0,0,62.5,8.75,0,2.5,0,6,0,10,0,0,0,0,0,0,55,0,81.9,74.5,45.5,82.7,111.8,79.28,0.62,0.55,0.44,0.46,0.65,0.544,0,0,0,0,0,0,0,0,0,0,0,0,0,0,0,0,0,0,0,0,0,0,0,0,0,0,0,0,0,0,0,0,0,0,0,0,0,0,0,0,0,0,0,0,0,0,0,0,0,0,0,0,0,0,0,0,2.497,0,,Post 2019LM Reference
Bayswater_121,Restored,Post 2020,8/26/2020,Bayswater,HM Restored,1,0,0,2.5,2.5,0,0,0,0,0,0,0,0,0,0,0,0,0,0,0,0,0,0,0,0,0,0,0,0,0,0,0,0,0,0,0,0,0,0,0,0,0,0,0,5,37.5,37.5,0.5,0,0,0,0,0,0,0,0,0,0,0,0,0,0,0,0,0,0,0,0,0,0,0,0,10,0,0,0,0,0,0,0,0,0,0,0,0,0,10,0,0,0,0,0,0,0,0,0,0,0,0,0,0,0,0,0,0,0,0,0,0,0,0,0,0,0,0,0,0,0,0,0,0,0,0,0,0,0,0,0,3.343,0,,Post 2020HM Restored
Bayswater_122,Restored,Post 2020,8/26/2020,Bayswater,HM Restored,2,0,0,2.5,8.75,0,0,0,0,0,0,2.5,0,0,0,0,0,0,0,0,0,0,0,0,0,0,0,0,0,0,0,0,0,0,0,0,0,0,0,0,0,0,0,0,13.75,37.5,18.75,2.5,0,9,0,0,0,0,0,0,0,0,0,0,0,0,0,0,0,0,0,0,0,0,0,0,0,0,0,0,0,0,0,0,0,0,0,0,0,0,10,0,0,0,0,0,0,0,0,0,0,0,0,0,0,0,0,0,0,0,0,0,0,0,0,0,0,0,0,0,0,0,0,0,0,0,0,0,0,0,0,0,3.219,0,,Post 2020HM Restored
Bayswater_123,Restored,Post 2020,8/26/2020,Bayswater,HM Restored,3,0.5,0.5,18.75,18.75,0,0.5,2.5,0,0,0,18.75,0,0,0,0,0,0,0,0,0,0,0,0,0,0,0,0,0,0,0,0,0,0,0,0,0,0,0,0,0,0,0,0,60.25,18.75,2.5,2.5,0,1,0,0,0,0,0,0,0,0,0,0,0,0,0,0,0,0,0,0,0,0,0,0,25,0,0,0,0,0,0,0,0,0,0,0,0,0,25,0,0,0,0,0,0,0,0,0,0,0,0,0,0,0,0,0,0,0,0,0,0,0,0,0,0,0,0,0,0,0,0,0,0,0,0,0,0,0,0,0,3.751,0,,Post 2020HM Restored
Bayswater_124,Restored,Post 2020,8/26/2020,Bayswater,HM Restored,4,0,0,18.75,8.75,0,2.5,0,0,0,0,8.75,0,0,0,0,0,0,0,0,0,0.5,0,0,0,0,0,0,0,0,0,0,0,0,0,0,0,0,0,0,0,0,0,0,39.25,62.5,0,0.5,0,0,0,0,0,0,0,0,0,0,0,0,0,0,0,0,0,0,0,0,0,0,0,0,25,0,0,0,0,0,0,0,0,0,0,0,0,0,25,0,0,0,0,0,0,0,0,0,0,0,0,0,0,0,0,0,0,0,0,0,0,0,0,0,0,0,0,0,0,0,0,0,0,0,0,0,0,0,0,0,3.452,0,,Post 2020HM Restored
Bayswater_125,Restored,Post 2020,8/26/2020,Bayswater,HM Restored,5,0,0,8.75,18.75,0,0,2.5,0,0,0,2.5,0,0,0,0,0,0,0,0,0,0,0,0,0,0,0,0,0,0,0,0,0,0,0,0,0,0,0,0,0,0,0,0,32.5,62.5,0,0,0,0,0,0,0,0,0,0,0,0,0,0,0,0,0,0,0,0,0,0,0,0,0,0,30,0,0,0,0,0,0,0,0,0,0,0,0,0,50,0,0,0,0,0,0,0,0,0,0,0,0,0,0,0,0,0,0,0,0,0,0,0,0,0,0,0,0,0,0,0,0,0,0,0,0,0,0,0,0,0,3.423,0,,Post 2020HM Restored
Bayswater_126,Restored,Post 2020,8/26/2020,Bayswater,HM Restored,6,0,0,8.75,8.75,0,0,0,0,0,0,18.75,0,0,0,0,0,0,0,0,0,0.5,0,0,0,0,0,0,0,0,0,0,0,0,0,0,0,0,0,0,0,0,0,0,36.75,62.5,0,0.5,0,0,0,0,0,0,0,0,0,0,0,0,0,0,0,0,0,0,0,0,0,0,0,0,20,0,0,0,0,0,0,0,0,0,0,0,0,0,30,0,0,0,0,0,0,0,0,0,0,0,0,0,0,0,0,0,0,0,0,0,0,0,0,0,0,0,0,0,0,0,0,0,0,0,0,0,0,0,0,0,3.514,0,,Post 2020HM Restored
Bayswater_127,Restored,Post 2020,8/26/2020,Bayswater,HM Restored,7,0,0,18.75,18.75,0,0,0,0,0,0,8.75,0,0,0,0,0,0,0,0,0,0.5,0,0,0,0,0,0,0,0,0,0,0,0,0,0,0,0,0,0,0,0,0,0,46.75,62.5,0,0,0,0,0,0,0,0,0,0,0,0,0,0,0,0,0,0,0,0,0,0,0,0,0,0,75,0,0,0,0,0,0,0,0,0,0,0,0,0,40,0,0,0,0,0,0,0,0,0,0,0,0,0,0,0,0,0,0,0,0,0,0,0,0,0,0,0,0,0,0,0,0,0,0,0,0,0,0,0,0,0,3.261,0,,Post 2020HM Restored
Bayswater_128,Restored,Post 2020,8/26/2020,Bayswater,HM Restored,8,0,0,18.75,8.75,0,0,0,0,0,0,8.75,0,0,0,0,0,0,0,0,0,0.5,0,0,0,0,0,0,0,0,0,0,0,0,0,0,0,0,0,0,0,0,0,0,36.75,62.5,8.75,0.5,0,0,0,0,0,0,0,0,0,0,0,0,0,0,0,0,0,0,0,0,0,0,0,0,35,0,0,0,0,0,0,0,0,0,0,0,0,0,15,0,0,0,0,0,0,0,0,0,0,0,0,0,0,0,0,0,0,0,0,0,0,0,0,0,0,0,0,0,0,0,0,0,0,0,0,0,0,0,0,0,3.377,0,,Post 2020HM Restored
Bayswater_129,Restored,Post 2020,8/26/2020,Bayswater,HM Restored,9,0,0,18.75,18.75,8.75,0.5,0,0,0,0,8.75,0.5,0,0,0,0,0,0,0,0,0.5,0,0,0,0,0,0,0,0,0,0,0,0,0,0,0,0,0,0,0,0,0,0,56.5,62.5,0,0.5,0,0,0,0,0,0,0,0,0,0,0,0,0,0,0,0,0,0,0,0,0,0,0,0,75,0,0,0,0,0,0,0,0,0,0,0,0,0,10,0,0,0,0,0,0,0,0,0,0,0,0,0,0,0,0,0,0,0,0,0,0,0,0,0,0,0,0,0,0,0,0,0,0,0,0,0,0,0,0,0,4.133,0,,Post 2020HM Restored
Bayswater_130,Restored,Post 2020,8/26/2020,Bayswater,HM Restored,10,0,0,8.75,8.75,2.5,8.75,0,0,0,0,8.75,18.75,0,0,0,0,0,0,0,0,0,0,0,0,0,2.5,0,0,0,0,0,0,0,0,0,0,0,0,0,0,0,0,0,58.75,62.5,0,0,0,0,0,0,0,0,0,0,0,0,0,0,0,0,0,0,0,0,0,0,0,0,0,0,25,0,0,0,0,0,0,0,0,0,0,0,0,0,20,0,0,0,0,0,0,0,0,0,0,0,0,0,0,0,0,0,0,0,0,0,0,0,0,0,0,0,0,0,0,0,0,0,0,0,0,0,0,0,0,0,4.153,0,,Post 2020HM Restored
Bayswater_131,Restored,Post 2020,8/26/2020,Bayswater,HM Restored,11,0,0,18.75,0,0,2.5,0,0,0.5,0,37.5,2.5,0,0,0,0,0,0,0,0,0,0,0,0,0,0.5,0,0,0,0,0,0,0,0,0,0,2.5,0,0,0,0,0,0,64.75,18.75,0,2.5,0,0,0,0,0,0,0,0,0,0,0,0,0,0,0,0,0,0,0,0,0,0,0,0,125,0,0,0,0,0,0,0,0,0,0,0,0,0,0,0,0,0,0,0,0,0,0,0,0,0,0,0,0,0,0,0,0,0,0,0,0,0,0,0,0,0,0,0,0,0,0,0,0,0,0,0,0,0,0,0,3.796,0,,Post 2020HM Restored
Bayswater_132,Restored,Post 2020,8/26/2020,Bayswater,HM Restored,12,0,0,18.75,18.75,0,8.75,0,0,0,0,8.75,0,0,0,0,0,0,0,0,0,0,0,0,0,0,0.5,0,0,0,0,0,0,0,0,0,0,0,0,0,0,0,0,0,55.5,37.5,2.5,0,0,0,0,0,0,0,0,0,0,0,0,0,0,0,0,0,0,0,0,0,0,0,0,0,50,0,0,0,0,0,0,0,0,0,0,0,0,0,50,0,0,0,0,0,0,0,0,0,0,0,0,0,0,0,0,0,0,0,0,0,0,0,0,0,0,0,0,0,0,0,0,0,0,0,0,0,0,0,0,0,4.024,0,,Post 2020HM Restored
Bayswater_133,Restored,Post 2020,8/26/2020,Bayswater,HM Restored,13,0,0.5,18.75,18.75,2.5,8.75,0,0,0,0,8.75,8.75,0,0,0,0,0,0,0,0,0,0,0,0,0,0.5,0,0,0,0,0,0,0,0,0,0,0,0,0,0,0,0,0,67.25,37.5,0,0,0,0,0,0,0,0,0,0,0,0,0,0,0,0,0,0,0,0,0,0,0,0,0,0,15,0,0,0,0,0,0,0,0,0,0,0,0,0,300,0,0,0,0,0,0,0,0,0,0,0,0,0,0,0,0,0,0,0,0,0,0,0,0,0,0,0,0,0,0,0,0,0,0,0,0,0,0,0,0,0,4.142,0,,Post 2020HM Restored
Bayswater_134,Restored,Post 2020,8/26/2020,Bayswater,HM Restored,14,0,0,2.5,8.75,0,0,0,0,0,0,8.75,0,0,0,0,0,0,0,0,0,2.5,0,0,0,0,0,0,0,0,0,0,0,0,0,0,0,0,0,0,0,0,0,0,22.5,0,87.5,0.5,0,0,0,0,0,0,0,0,0,0,0,0,0,0,0,0,0,0,0,0,0,0,0,0,0,0,0,0,0,0,0,0,0,0,0,0,0,0,20,0,0,0,0,0,0,0,0,0,0,0,0,0,0,0,0,0,0,0,0,0,0,0,0,0,0,0,0,0,0,0,0,0,0,0,0,0,0,0,0,0,3.463,0,,Post 2020HM Restored
Bayswater_135,Restored,Post 2020,8/26/2020,Bayswater,HM Restored,15,8.75,0,8.75,8.75,0,0,0,0,0,0,0,0,0,0,0,0,0,0,0,0,0,0,0,0,0,0,0,0,0,0,0,0,0,0,0,0,0,0,0,0,0,0,0,26.25,18.75,37.5,0.5,0,0,0,0,0,0,0,0,0,0,0,0,0,0,0,0,0,0,0,0,0,0,0,0,0,0,0,0,0,0,0,0,0,0,0,0,0,0,50,0,0,0,0,0,0,0,0,0,0,0,0,0,0,0,0,0,0,0,0,0,0,0,0,0,0,0,0,0,0,0,0,0,0,0,0,0,0,0,0,0,3.618,0,,Post 2020HM Restored
Bayswater_136,Reference,Post 2020,8/26/2020,Bayswater,HM Reference,1,0,0,37.5,0,18.75,37.5,0,0,0,0,0,0,0,0,0,0,0,0,0,0,0,0,0,0,0,0,0,0,0,0,0,0,0,0,0,0,0,0,0,0,0,0,0,93.75,0,0,2.5,2.5,0,0,0,0,0,0,0,0,0,0,0,0,0,0,0,0,0,0,0,0,0,0,0,1500,0,0,0,0,0,0,0,0,0,0,0,0,0,0,0,0,0,0,0,0,0,0,0,0,0,0,0,0,0,0,0,0,0,0,0,0,0,0,0,0,0,0,0,0,0,0,0,0,0,0,0,0,0,0,0,4.439,0,,Post 2020HM Reference
Bayswater_137,Reference,Post 2020,8/26/2020,Bayswater,HM Reference,2,0,0,37.5,0,0,37.5,0,0,0.5,0,8.75,0,0,0,0,0,0,0,0,0,8.75,0,0,0,0,0,0,0,0,0,0,0,0,0,0,0,0,0,0,0,0,0,0,93,0,0,2.5,8.75,0,0,0,0,0,0,0,0,0,0,0,0,0,0,0,0,0,0,0,0,0,0,0,300,0,0,0,0,0,0,0,0,0,0,0,0,0,0,0,0,0,0,0,0,0,0,0,0,0,0,0,0,0,0,0,0,0,0,0,0,0,0,0,0,0,0,0,0,0,0,0,0,0,0,0,0,0,0,0,4.226,0,,Post 2020HM Reference
Bayswater_138,Reference,Post 2020,8/26/2020,Bayswater,HM Reference,3,8.75,0,0,8.75,0,18.75,0.5,0,0,0,18.75,0,0,0,0,0,0,0,0,0,2.5,0,0,0,0,0,0,0,0,0,0,0,0,0,0,0,0,0,0,0,0,0,0,58,37.5,0,8.75,0,0,0,0,0,0,0,0,0,0,0,0,0,0,0,0,0,0,0,0,0,0,0,0,0,0,0,0,0,0,0,0,0,0,0,0,0,0,100,0,0,0,0,0,0,0,0,0,0,0,0,0,0,0,0,0,0,0,0,0,0,0,0,0,0,0,0,0,0,0,0,0,0,0,0,0,0,0,0,0,3.768,0,,Post 2020HM Reference
Bayswater_139,Reference,Post 2020,8/26/2020,Bayswater,HM Reference,4,0.5,0,0,0,8.75,18.75,0,0,0.5,0,18.75,0,0,0,0,0,8.75,0,0,0,0,0,0,0,0,0,0,0,0,0,0,0,0,0,0,0,0,0,0,0,0,0,0,56,0,0,2.5,18.75,0,0,0,0,0,0,0,0,0,0,0,0,0,0,0,0,0,0,0,0,0,0,0,0,0,0,0,0,0,0,0,0,0,0,0,0,0,0,0,0,0,0,0,0,0,0,0,0,0,0,0,0,0,0,0,0,0,0,0,0,0,0,0,0,0,0,0,0,0,0,0,0,0,0,0,0,0,0,0,4.136,0,,Post 2020HM Reference
Bayswater_140,Reference,Post 2020,8/26/2020,Bayswater,HM Reference,5,0,0,0,8.75,0,18.75,0,0,0,0,2.5,0,0,0,0,0,0,0,0,0,0.5,0,0,0,0,0,0,0,0,0,0,0,0,0,0,0,0,0,0,0,0,0,0,30.5,18.75,18.75,0,0,1,0,0,0,0,0,0,0,0,0,0,0,0,0,0,0,0,0,0,0,0,0,0,0,0,0,0,0,0,0,0,0,0,0,0,0,0,2,0,0,0,0,0,0,0,0,0,0,0,0,0,0,0,0,0,0,0,0,0,0,0,0,0,0,0,0,0,0,0,0,0,0,0,0,0,0,0,0,0,3.503,0,,Post 2020HM Reference
Bayswater_141,Reference,Post 2020,8/26/2020,Bayswater,HM Reference,6,0,0,37.5,18.75,0,18.75,0,0,0,0,0,0,0,0,0,0,0,0,0,0,0,0,0,0,0,0,0,0,0,0,0,0,0,0,0,0,0,0,0,0,0,0,0,75,0.5,18.75,0,0,0,0,0,0,0,0,0,0,0,0,0,0,0,0,0,0,0,0,0,0,0,0,0,2000,0,0,0,0,0,0,0,0,0,0,0,0,0,20,0,0,0,0,0,0,0,0,0,0,0,0,0,0,0,0,0,0,0,0,0,0,0,0,0,0,0,0,0,0,0,0,0,0,0,0,0,0,0,0,0,3.972,0,,Post 2020HM Reference
Bayswater_142,Reference,Post 2020,8/26/2020,Bayswater,HM Reference,7,0,0,62.5,2.5,0,18.75,0,0,0,0,0,0,0,0,0,0,0,0,0,0,0,0,0,0,0,0,0,0,0,0,0,0,0,0,0,0,0,0,0,0,0,0,0,83.75,0,0,0.5,0,0,0,0,0,0,0,0,0,0,0,0,0,0,0,0,0,0,0,0,0,0,0,0,2000,0,0,0,0,0,0,0,0,0,0,0,0,0,20,0,0,0,0,0,0,0,0,0,0,0,0,0,0,0,0,0,0,0,0,0,0,0,0,0,0,0,0,0,0,0,0,0,0,0,0,0,0,0,0,0,3.937,0,,Post 2020HM Reference
Bayswater_143,Reference,Post 2020,8/26/2020,Bayswater,HM Reference,8,0,0,0.5,18.75,0,37.5,0,0,0,0,0,0,0,0,0,0,0,0,0,0,0,0,0,0,0,0,0,0,0,0,0,0,0,0,0,0,0,0,0,0,0,0,0,56.75,8.75,0,0.5,0,0,0,0,0,0,0,0,0,0,0,0,0,0,0,0,0,0,0,0,0,0,0,0,0,0,0,0,0,0,0,0,0,0,0,0,0,0,200,0,0,0,0,0,0,0,0,0,0,0,0,0,0,0,0,0,0,0,0,0,0,0,0,0,0,0,0,0,0,0,0,0,0,0,0,0,0,0,0,0,3.566,0,,Post 2020HM Reference
Bayswater_144,Reference,Post 2020,8/26/2020,Bayswater,HM Reference,9,0,0,18.75,18.75,0,18.75,0.5,0,0,0,8.75,0,0,0,0,0,0,0,0,0,0,0,0,0,0,0,0,0,0,0,0,0,0,0,0,0,0,0,0,0,0,0,0,65.5,0,2.5,0,0,0,0,0,0,0,0,0,0,0,0,0,0,0,0,0,0,0,0,0,0,0,0,0,100,0,0,0,0,0,0,0,0,0,0,0,0,0,500,0,0,0,0,0,0,0,0,0,0,0,0,0,0,0,0,0,0,0,0,0,0,0,0,0,0,0,0,0,0,0,0,0,0,0,0,0,0,0,0,0,3.662,0,,Post 2020HM Reference
Bayswater_145,Reference,Post 2020,8/26/2020,Bayswater,HM Reference,10,0,0,37.5,2.5,0,37.5,0.5,0,0,0,0.5,0,0,0,0,0,0,0,0,0,0,0,0,0,0,0,0,0,0,0,0,0,0,0,0,0,0,0,0,0,0,0,0,78.5,0,0,0.5,2.5,0,0,0,0,0,0,0,0,0,0,0,0,0,0,0,0,0,0,0,0,0,0,0,200,0,0,0,0,0,0,0,0,0,0,0,0,0,0,0,0,0,0,0,0,0,0,0,0,0,0,0,0,0,0,0,0,0,0,0,0,0,0,0,0,0,0,0,0,0,0,0,0,0,0,0,0,0,0,0,3.604,0,,Post 2020HM Reference
Bayswater_146,Reference,Post 2020,8/26/2020,Bayswater,HM Reference,11,0,0,37.5,8.75,0,37.5,0,0,2.5,0,0.5,0,0,0,0,0,0,0,0,0,0,0,0,0,0,0,0,0,0,0,0,0,0,0,0,0,0,0,0,0,0,0,0,86.75,0,0,0.5,0,0,0,0,0,0,0,0,0,0,0,0,0,0,0,0,0,0,0,0,0,0,0,0,1000,0,0,0,0,0,0,0,0,0,0,0,0,0,0,0,0,0,0,0,0,0,0,0,0,0,0,0,0,0,0,0,0,0,0,0,0,0,0,0,0,0,0,0,0,0,0,0,0,0,0,0,0,0,0,0,3.669,0,,Post 2020HM Reference
Bayswater_147,Reference,Post 2020,8/26/2020,Bayswater,HM Reference,12,0,0,37.5,18.75,0,0,0,0,0,0,2.5,0,0,0,0,0,0,0,0,0,0,0,0,0,0,0,0,0,0,0,0,0,0,0,0,0,0,0.5,0,0,0,0,0,59.25,0,8.75,2.5,0,0,0,0,0,0,0,0,0,0,0,0,0,0,0,0,0,0,0,0,0,0,0,0,200,0,0,0,0,0,0,0,0,0,0,0,0,0,100,0,0,0,0,0,0,0,0,0,0,0,0,0,0,0,0,0,0,0,0,0,0,0,0,0,0,0,0,0,0,0,0,0,0,0,0,0,0,0,0,0,3.466,0,,Post 2020HM Reference
Bayswater_148,Reference,Post 2020,8/26/2020,Bayswater,HM Reference,13,0,0,0,37.5,0,18.75,2.5,0,0,0,8.75,0,0,0,0,0,0,0,0,0,0,0,0,0,0,0,0,0,0,0,0,0,0,0,0,0,0,0,0,0,0,0,0,67.5,0,18.75,2.5,0,0,0,0,0,0,0,0,0,0,0,0,0,0,0,0,0,0,0,0,0,0,0,0,0,0,0,0,0,0,0,0,0,0,0,0,0,0,75,0,0,0,0,0,0,0,0,0,0,0,0,0,0,0,0,0,0,0,0,0,0,0,0,0,0,0,0,0,0,0,0,0,0,0,0,0,0,0,0,0,3.529,0,,Post 2020HM Reference
Bayswater_149,Reference,Post 2020,8/26/2020,Bayswater,HM Reference,14,0,0,0,87.5,0,0,0,0,0,0,0,0,0,0,0,0,0,0,0,0,2.5,0,0,0,0,0,0,0,0,0,0,0,0,0,0,0,0,0,0,0,0,0,0,90,0,0,0.5,0,0,0,0,0,0,0,0,0,0,0,0,0,0,0,0,0,0,0,0,0,0,0,0,0,0,0,0,0,0,0,0,0,0,0,0,0,0,1500,0,0,0,0,0,0,0,0,0,0,0,0,0,0,0,0,0,0,0,0,0,0,0,0,0,0,0,0,0,0,0,0,0,0,0,0,0,0,0,0,0,3.441,0,,Post 2020HM Reference
Bayswater_150,Reference,Post 2020,8/26/2020,Bayswater,HM Reference,15,0,0,0,87.5,0,8.75,0,0,0,0,0,0,0,0,0,0,0,0,0,0,0,0,0,0,0,0,0,0,0,0,0,0,0,0,0,0,0,0,0,0,0,0,0,96.25,0,0,2.5,0,0,0,0,0,0,0,0,0,0,0,0,0,0,0,0,0,0,0,0,0,0,0,0,0,0,0,0,0,0,0,0,0,0,0,0,0,0,0,0,0,0,0,0,0,0,0,0,0,0,0,0,0,0,0,0,0,0,0,0,0,0,0,0,0,0,0,0,0,0,0,0,0,0,0,0,0,0,0,0,3.386,0,,Post 2020HM Reference
Bayswater_151,Restored,Post 2020,8/26/2020,Bayswater,LM Restored,1,2.5,0,0,0,0,2.5,0,0,18.75,0,18.75,0,0,0,0,0,0,0,0,0,0,0,0,0,0,0,0,0,0,0,0,0,0,0,0,0,0,0,0,0,0,0,0,42.5,18.75,18.75,2.5,0,0,0,0,0,0,0,0,0,0,0,0,0,0,0,0,0,0,0,0,0,0,0,0,0,0,0,0,0,0,0,0,0,0,0,0,0,0,0,0,0,0,0,0,0,0,0,0,0,0,0,0,0,0,0,0,0,0,0,0,0,0,0,0,0,0,0,0,0,0,0,0,0,0,0,0,0,0,0,0,3.786,0,,Post 2020LM Restored
Bayswater_152,Restored,Post 2020,8/26/2020,Bayswater,LM Restored,2,0,0.5,0,0,0,0,0,0,0,0,0,0,0,0,0,0,0,0,0,0,0,0,0,0,0,0,0,0,0,0,0,0,0,0,0,0,0,0,0,0,0,0,0,0.5,87.5,0,0,0,0,0,0,0,0,0,0,0,0,0,0,0,0,0,0,0,0,0,0,0,0,0,0,0,0,0,0,0,0,0,0,0,0,0,0,0,0,0,0,0,0,0,0,0,0,0,0,0,0,0,0,0,0,0,0,0,0,0,0,0,0,0,0,0,0,0,0,0,0,0,0,0,0,0,0,0,0,0,0,2.759,0,,Post 2020LM Restored
Bayswater_153,Restored,Post 2020,8/26/2020,Bayswater,LM Restored,3,0,87.5,0,0,0,0,0,0,0,0,0,0,0,0,0,0,0,0,0,0,0,0,0,0,0,0,0,0,0,0,0,0,0,0,0,0,0,0,0,0,0,0,0,87.5,18.75,0,0,0.5,0,0,0,0,0,0,0,0,0,53,0,96,103.5,46.5,49,40,67,0.7,0.62,0.5,0.38,0.46,0.532,0,0,0,0,0,0,0,0,0,0,0,0,0,0,0,0,0,0,0,0,0,0,0,0,0,0,0,0,0,0,0,0,0,0,0,0,0,0,0,0,0,0,0,0,0,0,0,0,0,0,0,0,0,0,0,0,1.866,0,,Post 2020LM Restored
Bayswater_154,Restored,Post 2020,8/26/2020,Bayswater,LM Restored,4,0.5,18.75,0,0,0,0,0,0,0,0,0.5,0,0,0,0,0,0,0,0,0,0,0,0,0,0,0,0,0,0,0,0,0,0,0,0,0,0,0,0,0,0,0,0,19.75,87.5,0.5,0,0,3,0,0,0,0,0,0,0,0,31,0,4,3,33,17,2.5,11.9,0.29,0.26,0.38,0.39,0.49,0.362,0,0,0,0,0,0,0,0,0,0,0,0,0,0,0,0,0,0,0,0,0,0,0,0,0,0,0,0,0,0,0,0,0,0,0,0,0,0,0,0,0,0,0,0,0,0,0,0,0,0,0,0,0,0,0,0,2.8,0,,Post 2020LM Restored
Bayswater_155,Restored,Post 2020,8/26/2020,Bayswater,LM Restored,5,0,62.5,0,0,0,0,18.75,0,0,0,0,0,0,0,0,0,0,0,0,0,0,0,0,0,0,0,0,0,0,0,0,0,0,0,0,0,0,0,0,0,0,0,0,81.25,18.75,0,0,0,5,0,0,0,0,0,0,0,0,39,0,92,76,17.5,73.5,20,55.8,0.63,0.45,0.5,0.87,0.46,0.582,0,0,0,0,0,0,0,0,0,0,0,0,0,0,0,0,0,0,0,0,0,0,0,0,0,0,0,0,0,0,0,0,0,0,0,0,0,0,0,0,0,0,0,0,0,0,0,0,0,0,0,0,0,0,0,0,2.275,0,,Post 2020LM Restored
Bayswater_156,Restored,Post 2020,8/26/2020,Bayswater,LM Restored,6,2.5,8.75,0,0,0,0,18.75,0,0,0,18.75,0,0,0,0,0,0,0,0,0,0,0,0,0,0,0,0,0,0,0,0,0,0,0,0,0,0,0,0,0,0,0,0,48.75,37.5,0,0,0,6,0,0,0,0,0,0,0,0,14,0,16.5,3,3,26.5,8,11.4,0.36,0.25,0.35,0.25,0.27,0.296,0,0,0,0,0,0,0,0,0,0,0,0,0,0,0,0,0,0,0,0,0,0,0,0,0,0,0,0,0,0,0,0,0,0,0,0,0,0,0,0,0,0,0,0,0,0,0,0,0,0,0,0,0,0,0,0,2.963,0,,Post 2020LM Restored
Bayswater_157,Restored,Post 2020,8/26/2020,Bayswater,LM Restored,7,0,8.75,0,0,0,0,18.75,0,0,0,8.75,0,0,0,0,0,0,0,0,0,0,0,0,0,0,0,0,0,0,0,0,0,0,0,0,0,0,0,0,0,0,0,0,36.25,37.5,0,0,0,6,0,0,0,0,0,0,0,0,9,0,40.5,14.5,6,19,9,17.8,0.34,0.31,0.22,0.45,0.25,0.314,0,0,0,0,0,0,0,0,0,0,0,0,0,0,0,0,0,0,0,0,0,0,0,0,0,0,0,0,0,0,0,0,0,0,0,0,0,0,0,0,0,0,0,0,0,0,0,0,0,0,0,0,0,0,0,0,2.46,0,,Post 2020LM Restored
Bayswater_158,Restored,Post 2020,8/26/2020,Bayswater,LM Restored,8,0.5,2.5,0,0,0,0,8.75,0,0,0,8.75,0,0,0,0,0,0,0,0,0,0,0,0,0,0,0,0,0,0,0,0,0,0,0,0,0,0,0,0,0,0,0,0,20.5,62.5,0,0,0,3,0,0,0,0,0,0,0,0,1,0,4,0,0,0,0,0.8,0.31,0,0,0,0,0.062,0,0,0,0,0,0,0,0,0,0,0,0,0,0,0,0,0,0,0,0,0,0,0,0,0,0,0,0,0,0,0,0,0,0,0,0,0,0,0,0,0,0,0,0,0,0,0,0,0,0,0,0,0,0,0,0,2.968,0,,Post 2020LM Restored
Bayswater_159,Restored,Post 2020,8/26/2020,Bayswater,LM Restored,9,0,2.5,0,0,0,0,8.75,0,0,0,8.75,0,0,0,0,0,0,0,0,0,0,0,0,0,0,0,0,0,0,0,0,0,0,0,0,0,0,0,0,0,0,0,0,20,87.5,0,0,0,0,0,0,0,0,0,0,0,0,5,0,36.5,41.5,8,12,4.5,20.5,0.34,0.26,0.31,0.34,0.24,0.298,0,0,0,0,0,0,0,0,0,0,0,0,0,0,0,0,0,0,0,0,0,0,0,0,0,0,0,0,0,0,0,0,0,0,0,0,0,0,0,0,0,0,0,0,0,0,0,0,0,0,0,0,0,0,0,0,2.721,0,,Post 2020LM Restored
Bayswater_160,Restored,Post 2020,8/26/2020,Bayswater,LM Restored,10,0,18.75,0,0,0,0,2.5,0,0,0,8.75,0,0,0,0,0,0,0,0,0,0,0,0,0,0,0,0,0,0,0,0,0,0,0,0,0,0,0,0,0,0,0,0,30,62.5,0,0,0,5,0,0,0,0,0,0,0,0,28,0,113,19,55,68,17.5,54.5,0.9,0.51,0.42,0.69,0.29,0.562,0,0,0,0,0,0,0,0,0,0,0,0,0,0,0,0,0,0,0,0,0,0,0,0,0,0,0,0,0,0,0,0,0,0,0,0,0,0,0,0,0,0,0,0,0,0,0,0,0,0,0,0,0,0,0,0,2.709,0,,Post 2020LM Restored
Bayswater_161,Restored,Post 2020,8/26/2020,Bayswater,LM Restored,11,0,18.75,0,0,0,0,8.75,0,0,0,0.5,0,0,0,0,0,0,0,0,0,0,0,0,0,0,0,0,0,0,0,0,0,0,0,0,0,0,0,0,0,0,0,0,28,62.5,0,0,0,3,0,0,0,0,0,0,0,0,33,0,64.5,44,60,46,49.5,52.8,0.46,0.41,0.54,0.42,0.56,0.478,0,0,0,0,0,0,0,0,0,0,0,0,0,0,0,0,0,0,0,0,0,0,0,0,0,0,0,0,0,0,0,0,0,0,0,0,0,0,0,0,0,0,0,0,0,0,0,0,0,0,0,0,0,0,0,0,2.59,0,,Post 2020LM Restored
Bayswater_162,Restored,Post 2020,8/26/2020,Bayswater,LM Restored,12,0,18.75,0,0,0,0,18.75,0,0,0,0,0,0,0,0,0,0,0,0,0,0,0,0,0,0,0,0,0,0,0,0,0,0,0,0,0,0,0,0,0,0,0,0,37.5,62.5,0,0,0,3,0,0,0,0,0,0,0,0,25,0,53,6.5,19,37.5,42.5,31.7,0.52,0.37,0.41,0.38,0.4,0.416,0,0,0,0,0,0,0,0,0,0,0,0,0,0,0,0,0,0,0,0,0,0,0,0,0,0,0,0,0,0,0,0,0,0,0,0,0,0,0,0,0,0,0,0,0,0,0,0,0,0,0,0,0,0,0,0,2.65,0,,Post 2020LM Restored
Bayswater_163,Restored,Post 2020,8/26/2020,Bayswater,LM Restored,13,0,8.75,0,0,0,0,18.75,0,0,0,8.75,0,0,0,0,0,0,0,0,0,8.75,0,0,0,0,0,0,0,0,0,0,0,0,0,0,0,0,0,0,0,0,0,0,45,62.5,0,0,0,6,0,0,0,0,0,0,0,0,4,0,2,5,5,1.5,0,2.7,0.25,0.22,0.35,0.34,0,0.232,0,0,0,0,0,0,0,0,0,0,0,0,0,0,0,0,0,0,0,0,0,0,0,0,0,0,0,0,0,0,0,0,0,0,0,0,0,0,0,0,0,0,0,0,0,0,0,0,0,0,0,0,0,0,0,0,2.452,0,,Post 2020LM Restored
Bayswater_164,Restored,Post 2020,8/26/2020,Bayswater,LM Restored,14,0,8.75,0,0,0,0,2.5,0,0,0,0,0,0,0,0,0,0,0,0,0,0,0,0,0,0,0,0,0,0,0,0,0,0,0,0,0,0,0,0,0,0,0,0,11.25,87.5,8.75,0,0,0,0,0,0,0,0,0,0,0,6,0,64.5,6.5,15,2.5,33,24.3,0.45,0.4,0.32,0.3,0.46,0.386,0,0,0,0,0,0,0,0,0,0,0,0,0,0,0,0,0,0,0,0,0,0,0,0,0,0,0,0,0,0,0,0,0,0,0,0,0,0,0,0,0,0,0,0,0,0,0,0,0,0,0,0,0,0,0,0,2.643,0,,Post 2020LM Restored
Bayswater_165,Restored,Post 2020,8/26/2020,Bayswater,LM Restored,15,0,0.5,0,0,0,0,0,0,0,0,0,0,0,0,0,0,0,0,0,0,0,0,0,0,0,0,0,0,0,0,0,0,0,0,0,0,0,0,0,0,0,0,0,0.5,87.5,2.5,0,0,1,0,0,0,0,0,0,0,0,4,0,1.5,2,2,0.5,0,1.2,0.26,0.14,0.16,0.15,0,0.142,0,0,0,0,0,0,0,0,0,0,0,0,0,0,0,0,0,0,0,0,0,0,0,0,0,0,0,0,0,0,0,0,0,0,0,0,0,0,0,0,0,0,0,0,0,0,0,0,0,0,0,0,0,0,0,0,3.057,0,,Post 2020LM Restored
Bayswater_166,Reference,Post 2020,8/26/2020,Bayswater,LM Reference,1,0,37.5,0,0,0,0,0,0,0,0,0,0,0,0,0,0,0,0,0,0,0,0,0,0,0,0,0,0,0,0,0,0,0,0,0,0,0,0,0,0,0,0,0,37.5,37.5,0,8.75,0,5,3,100,0,0,0,0,0,0,27,0,42,30.5,13.5,10,15.5,22.3,0.49,0.41,0.49,0.43,0.55,0.474,0,0,0,0,0,0,0,0,0,0,0,0,0,0,0,0,0,0,0,0,0,0,0,0,0,0,0,0,0,0,0,0,0,0,0,0,0,0,0,0,0,0,0,0,0,0,0,0,0,0,0,0,0,0,0,0,1.525,0,,Post 2020LM Reference
Bayswater_167,Reference,Post 2020,8/26/2020,Bayswater,LM Reference,2,0,37.5,0,0,0,0,0.5,0,0,0,0,0,0,0,0,0,0,0,0,0,0,0,0,0,0,0,0,0,0,0,0,0,0,0,0,0,0,0,0,0,0,0,0,38,2.5,62.5,8.75,0,5,0,15,0,0,0,0,0,0,36,0,30.5,26,79.5,68,103,61.4,0.69,0.49,0.44,0.65,0.86,0.626,0,0,0,0,0,0,0,0,0,0,0,0,0,0,0,0,0,0,0,0,0,0,0,0,0,0,0,0,0,0,0,0,0,0,0,0,0,0,0,0,0,0,0,0,0,0,0,0,0,0,0,0,0,0,0,0,1.906,0,,Post 2020LM Reference
Bayswater_168,Reference,Post 2020,8/26/2020,Bayswater,LM Reference,3,0,37.5,0,0,0,0,0,0,0,0,0,0,0,0,0,0,0,0,0,0,0,0,0,0,0,0,0,0,0,0,0,0,0,0,0,0,0,0,0,0,0,0,0,37.5,62.5,0,0,0,0,0,150,0,0,0,0,0,0,24,0,73,102,59,102.5,43,75.9,0.71,0.82,0.39,0.65,0.54,0.622,0,0,0,0,0,0,0,0,0,0,0,0,0,0,0,0,0,0,0,0,0,0,0,0,0,0,0,0,0,0,0,0,0,0,0,0,0,0,0,0,0,0,0,0,0,0,0,0,0,0,0,0,0,0,0,0,0.871,0,,Post 2020LM Reference
Bayswater_169,Reference,Post 2020,8/26/2020,Bayswater,LM Reference,4,0,62.5,0,0,0,0,0,0,0,0,0,0,0,0,0,0,0,0,0,0,0,0,0,0,0,0,0,0,0,0,0,0,0,0,0,0,0,0,0,0,0,0,0,62.5,37.5,0,0,0,3,0,50,0,0,0,0,0,0,22,0,98,32,61,63.5,104.5,71.8,0.65,0.72,0.53,0.37,0.53,0.56,0,0,0,0,0,0,0,0,0,0,0,0,0,0,0,0,0,0,0,0,0,0,0,0,0,0,0,0,0,0,0,0,0,0,0,0,0,0,0,0,0,0,0,0,0,0,0,0,0,0,0,0,0,0,0,0,1.475,0,,Post 2020LM Reference
Bayswater_170,Reference,Post 2020,8/26/2020,Bayswater,LM Reference,5,0,37.5,0,0,0,0,0,0,0,0,0,0,0,0,0,0,0,0,0,0,8.75,0,0,0,0,0,0,0,0,0,0,0,0,0,0,0,0,0,0,0,0,0,0,46.25,37.5,0,0,0,0,0,60,0,0,0,0,0,0,25,0,84,63,79,62,92,76,0.48,0.63,0.64,0.45,0.8,0.6,0,0,0,0,0,0,0,0,0,0,0,0,0,0,0,0,0,0,0,0,0,0,0,0,0,0,0,0,0,0,0,0,0,0,0,0,0,0,0,0,0,0,0,0,0,0,0,0,0,0,0,0,0,0,0,0,1.603,0,,Post 2020LM Reference
Bayswater_171,Reference,Post 2020,8/26/2020,Bayswater,LM Reference,6,0,62.5,0,0,0,0,0,0,0,0,0,0,0,0,0,0,0,0,0,0,8.75,0,0,0,0,0,0,0,0,0,0,0,0,0,0,0,0,0,0,0,0,0,0,71.25,18.75,0,0.5,0,5,0,50,0,0,0,0,0,0,28,0,101,116,113.5,101.5,110,108.4,0.57,0.71,0.56,0.47,0.51,0.564,0,0,0,0,0,0,0,0,0,0,0,0,0,0,0,0,0,0,0,0,0,0,0,0,0,0,0,0,0,0,0,0,0,0,0,0,0,0,0,0,0,0,0,0,0,0,0,0,0,0,0,0,0,0,0,0,2.225,0,,Post 2020LM Reference
Bayswater_172,Reference,Post 2020,8/26/2020,Bayswater,LM Reference,7,0,0,0,0,0,0,0,0,0,0,0,0,0,0,0,0,0,0,0,0,0,0,0,0,0,0,0,0,0,0,0,0,0,0,0,0,0,0,0,0,0,0,0,0,0,87.5,8.75,0,0,0,0,0,0,0,0,0,0,0,0,0,0,0,0,0,0,0,0,0,0,0,0,0,0,0,0,0,0,0,0,0,0,0,0,0,0,0,0,0,0,0,0,0,0,0,0,0,0,0,0,0,0,0,0,0,0,0,0,0,0,0,0,0,0,0,0,0,0,0,0,0,0,0,0,0,0,0,0,2.42,0,,Post 2020LM Reference
Bayswater_173,Reference,Post 2020,8/26/2020,Bayswater,LM Reference,8,0,18.75,0,0,0,0,0,0,0,0,0,0,0,0,0,0,0,0,0,0,0,0,0,0,0,0,0,0,0,0,0,0,0,0,0,0,0,0,0,0,0,0,0,18.75,87.5,0,0,2.5,0,0,250,0,0,0,0,0,0,15,0,16.5,11.5,25,26,12.5,18.3,0.32,0.3,0.31,0.33,0.32,0.316,0,0,0,0,0,0,0,0,0,0,0,0,0,0,0,0,0,0,0,0,0,0,0,0,0,0,0,0,0,0,0,0,0,0,0,0,0,0,0,0,0,0,0,0,0,0,0,0,0,0,0,0,0,0,0,0,1.339,0,,Post 2020LM Reference
Bayswater_174,Reference,Post 2020,8/26/2020,Bayswater,LM Reference,9,0,37.5,0,0,0,0,0,0,0,0,0,0,0,0,0,0,0,0,0,0,0,0,0,0,0,0,0,0,0,0,0,0,0,0,0,0,0,0,0,0,0,0,0,37.5,37.5,0,0,8.75,3,0,150,0,0,0,0,0,0,25,0,139.5,88.5,81.5,130.5,118.5,111.7,0.82,0.4,0.37,0.59,0.65,0.566,0,0,0,0,0,0,0,0,0,0,0,0,0,0,0,0,0,0,0,0,0,0,0,0,0,0,0,0,0,0,0,0,0,0,0,0,0,0,0,0,0,0,0,0,0,0,0,0,0,0,0,0,0,0,0,0,0.174,0,,Post 2020LM Reference
Bayswater_175,Reference,Post 2020,8/26/2020,Bayswater,LM Reference,10,0,0.5,0,0,0,0,0,0,0,0,0,0,0,0,0,0,0,0,0,0,0,0,0,0,0,0,0,0,0,0,0,0,0,0,0,0,0,0,0,0,0,0,0,0.5,2.5,37.5,37.5,0,0,0,2,0,0,0,0,0,0,0,0,0,0,0,0,0,0,0,0,0,0,0,0,0,0,0,0,0,0,0,0,0,0,0,0,0,0,0,0,0,0,0,0,0,0,0,0,0,0,0,0,0,0,0,0,0,0,0,0,0,0,0,0,0,0,0,0,0,0,0,0,0,0,0,0,0,0,0,0,1.299,0,,Post 2020LM Reference
Bayswater_176,Reference,Post 2020,8/26/2020,Bayswater,LM Reference,11,0,62.5,0,0,0,0,0,0,0,0,0,0,0,0,0,0,0,0,0,0,0,0,0,0,0,0,0,0,0,0,0,0,0,0,0,0,0,0,0,0,0,0,0,62.5,37.5,0,0,0,3,0,40,0,0,0,0,0,0,22,0,20,11.5,22,67.5,43,32.8,0.34,0.57,0.26,0.64,0.62,0.486,0,0,0,0,0,0,0,0,0,0,0,0,0,0,0,0,0,0,0,0,0,0,0,0,0,0,0,0,0,0,0,0,0,0,0,0,0,0,0,0,0,0,0,0,0,0,0,0,0,0,0,0,0,0,0,0,1.725,0,,Post 2020LM Reference
Bayswater_177,Reference,Post 2020,8/26/2020,Bayswater,LM Reference,12,0,37.5,0,0,0,0,0,0,0,0,0,0,0,0,0,0,0,0,0,0,0,0,0,0,0,0,0,0,0,0,0,0,0,0,0,0,0,0,0,0,0,0,0,37.5,62.5,0,2.5,0,10,0,40,0,0,0,0,0,0,25,0,125,122,130,110.5,50,107.5,0.72,0.69,0.79,0.73,0.77,0.74,0,0,0,0,0,0,0,0,0,0,0,0,0,0,0,0,0,0,0,0,0,0,0,0,0,0,0,0,0,0,0,0,0,0,0,0,0,0,0,0,0,0,0,0,0,0,0,0,0,0,0,0,0,0,0,0,1.57,0,,Post 2020LM Reference
Bayswater_178,Reference,Post 2020,8/26/2020,Bayswater,LM Reference,13,0,62.5,0,0,0,0,18.75,0,0,0,8.75,0,0,0,0,0,0,0,0,0,18.75,0,0,0,0,0,0,0,0,0,0,0,0,0,0,0,0,0,0,0,0,0,0,108.75,8.75,0,0,0,3,0,30,0,0,0,0,0,0,52,0,84.5,80.5,82,43.5,93,76.7,0.51,0.36,0.51,0.41,0.73,0.504,0,0,0,0,0,0,0,0,0,0,0,0,0,0,0,0,0,0,0,0,0,0,0,0,0,0,0,0,0,0,0,0,0,0,0,0,0,0,0,0,0,0,0,0,0,0,0,0,0,0,0,0,0,0,0,0,2.183,0,,Post 2020LM Reference
Bayswater_179,Reference,Post 2020,8/26/2020,Bayswater,LM Reference,14,0,87.5,0,0,0,0,0,0,0,0,0,0,0,0,0,0,0,0,0,0,0,0,0,0,0,0,0,0,0,0,0,0,0,0,0,0,0,0,0,0,0,0,0,87.5,8.75,0,0,8.75,0,0,20,0,0,0,0,0,0,45,0,22,59,37,43,70,46.2,0.45,0.32,0.48,0.75,0.43,0.486,0,0,0,0,0,0,0,0,0,0,0,0,0,0,0,0,0,0,0,0,0,0,0,0,0,0,0,0,0,0,0,0,0,0,0,0,0,0,0,0,0,0,0,0,0,0,0,0,0,0,0,0,0,0,0,0,2.357,0,,Post 2020LM Reference
Bayswater_180,Reference,Post 2020,8/26/2020,Bayswater,LM Reference,15,0,87.5,0,0,0,0,0,0,0,0,0,0,0,0,0,0,0,0,0,0,0,0,0,0,0,0,0,0,0,0,0,0,0,0,0,0,0,0,0,0,0,0,0,87.5,8.75,0,0.5,2.5,5,0,10,0,0,0,0,0,0,52,0,70,127,112,68.5,98,95.1,0.54,0.49,0.46,0.36,0.42,0.454,0,0,0,0,0,0,0,0,0,0,0,0,0,0,0,0,0,0,0,0,0,0,0,0,0,0,0,0,0,0,0,0,0,0,0,0,0,0,0,0,0,0,0,0,0,0,0,0,0,0,0,0,0,0,0,0,2.163,0,,Post 2020LM Reference
Bayswater_181,Restored,Post 2021,8/19/2021,Bayswater,HM Restored,1,0,0.5,2.5,2.5,0,0,0,0,0.5,0,0,0,0,0,0,0,0,0,0,0,0,0,0,0,0,0,0,0,0,0,0,0,0,0,0,0,0,0,0,0,0,0,0,6,87.5,0,2.5,0,0,0,0,0,0,0,0,0,0,0,0,0,0,0,0,0,0,0,0,0,0,0,0,0,0,0,0,0,0,0,0,0,0,0,0,0,0,0,0,0,0,0,0,0,0,0,0,0,0,0,0,0,0,0,0,0,0,0,0,0,0,0,0,0,0,0,0,0,0,0,0,0,0,0,0,0,0,0,0,3.141,0,,Post 2021HM Restored
Bayswater_182,Restored,Post 2021,8/19/2021,Bayswater,HM Restored,2,0,0,18.75,8.75,0,0.5,0,0,0,0,0,0,0,0,0,0,0,0,0,0,0.5,0,0,0,0,0,0,0,0,0,0,0,0,0,0,0,2.5,0,0,0,0,0,0,31,0.5,18.75,2.5,0,3,0,0,0,0,0,0,0,0,0,0,0,0,0,0,0,0,0,0,0,0,0,0,0,0,0,0,0,0,0,0,0,0,0,0,0,0,0,0,0,0,0,0,0,0,0,0,0,0,0,0,0,0,0,0,0,0,0,0,0,0,0,0,0,0,0,0,0,0,0,0,0,0,0,0,0,0,0,0,3.109,0,,Post 2021HM Restored
Bayswater_183,Restored,Post 2021,8/19/2021,Bayswater,HM Restored,3,0.5,0.5,8.75,2.5,0,8.75,0,0,0,0,0.5,0,0,0,0,0,0,0,0,0,0,0,0,0,0,0,0,0,0,0,0,0,0,0,0,0,0,0,0,0,0,0,0,21.5,2.5,62.5,0.5,0,2,0,0,0,0,0,0,0,0,0,0,0,0,0,0,0,0,0,0,0,0,0,0,0,0,0,0,0,0,0,0,0,0,0,0,0,0,0,0,0,0,0,0,0,0,0,0,0,0,0,0,0,0,0,0,0,0,0,0,0,0,0,0,0,0,0,0,0,0,0,0,0,0,0,0,0,0,0,0,3.469,0,,Post 2021HM Restored
Bayswater_184,Restored,Post 2021,8/19/2021,Bayswater,HM Restored,4,0,0,8.75,2.5,0,2.5,0,0,2.5,0,8.75,8.75,0,0,0,0,0,0,0,0,0,0,0,0,0,0,0,0,0,0,0,0,0,0,0,0,0,0,0,0,0,0,0,33.75,2.5,62.5,0,0,2,0,0,0,0,0,0,0,0,0,0,0,0,0,0,0,0,0,0,0,0,0,0,0,0,0,0,0,0,0,0,0,0,0,0,0,0,0,0,0,0,0,0,0,0,0,0,0,0,0,0,0,0,0,0,0,0,0,0,0,0,0,0,0,0,0,0,0,0,0,0,0,0,0,0,0,0,0,0,3.473,0,,Post 2021HM Restored
Bayswater_185,Restored,Post 2021,8/19/2021,Bayswater,HM Restored,5,0,0,37.5,2.5,0,0,0,0,0,0,0,8.75,0,0,0,0,0,0,0,0,0,0,0,0,0,0,0,0,0,0,0,0,0,0,0,0,0,0,0,0,0,0,0,48.75,8.75,8.75,0,0,1,0,0,0,0,0,0,0,0,0,0,0,0,0,0,0,0,0,0,0,0,0,0,0,0,0,0,0,0,0,0,0,0,0,0,0,0,0,0,0,0,0,0,0,0,0,0,0,0,0,0,0,0,0,0,0,0,0,0,0,0,0,0,0,0,0,0,0,0,0,0,0,0,0,0,0,0,0,0,3.197,0,,Post 2021HM Restored
Bayswater_186,Restored,Post 2021,8/19/2021,Bayswater,HM Restored,6,0,0,18.75,0.5,0,8.75,0,0,0,0,0,18.75,0,0,0,0,0,0,0,0,8.75,0,0,0,0,0,0,0,0,0,0,0,0,0,0,0,0,0,0,0,0,0,0,55.5,37.5,0,0,0,1,0,0,0,0,0,0,0,0,0,0,0,0,0,0,0,0,0,0,0,0,0,0,0,0,0,0,0,0,0,0,0,0,0,0,0,0,,0,0,0,0,0,0,0,0,0,0,0,0,0,0,0,0,0,0,0,0,0,0,0,0,0,0,0,0,0,0,0,0,0,0,0,0,0,0,0,0,0,3.423,0,,Post 2021HM Restored
Bayswater_187,Restored,Post 2021,8/19/2021,Bayswater,HM Restored,7,0,0,18.75,18.75,0,0,0,0,0,0,0.5,0,0,0,0,0,0,0,0,0,2.5,0,0,0,0,0,0,0,0,0,0,0,0,0,0,0,0,0,0,0,0,0,0,40.5,37.5,0,0,0,5,0,0,0,0,0,0,0,0,0,0,0,0,0,0,0,0,0,0,0,0,0,0,150,0,0,0,0,0,0,0,0,0,0,0,0,0,150,0,0,0,0,0,0,0,0,0,0,0,0,0,0,0,0,0,0,0,0,0,0,0,0,0,0,0,0,0,0,0,0,0,0,0,0,0,0,0,0,0,3.133,0,,Post 2021HM Restored
Bayswater_188,Restored,Post 2021,8/19/2021,Bayswater,HM Restored,8,0,0,18.75,18.75,0,0.5,0,0,0,0,0.5,8.75,0,0,0,0,0,0,0,0,8.75,0,0,0,0,0,0,0,0,0,0,0,0,0,0,0,0,0,0,0,0,0,0,56,18.75,18.75,0,0,0,0,0,0,0,0,0,0,0,0,0,0,0,0,0,0,0,0,0,0,0,0,0,90,0,0,0,0,0,0,0,0,0,0,0,0,0,70,0,0,0,0,0,0,0,0,0,0,0,0,0,0,0,0,0,0,0,0,0,0,0,0,0,0,0,0,0,0,0,0,0,0,0,0,0,0,0,0,0,3.532,0,,Post 2021HM Restored
Bayswater_189,Restored,Post 2021,8/19/2021,Bayswater,HM Restored,9,0,0,18.75,8.75,8.75,8.75,0,0,0,0,0,2.5,0,0,0,0,0,0,0,0,0.5,0,0,0,0,0,0,0,0,0,0,0,0,0,0,0,0,0,0,0,0,0,0,48,18.75,0,8.75,0,0,0,0,0,0,0,0,0,0,0,0,0,0,0,0,0,0,0,0,0,0,0,0,150,0,0,0,0,0,0,0,0,0,0,0,0,0,50,0,0,0,0,0,0,0,0,0,0,0,0,0,0,0,0,0,0,0,0,0,0,0,0,0,0,0,0,0,0,0,0,0,0,0,0,0,0,0,0,0,4.11,0,,Post 2021HM Restored
Bayswater_190,Restored,Post 2021,8/19/2021,Bayswater,HM Restored,10,0.5,0,18.75,18.75,0,18.75,0,0,0,0,0,18.75,0,0,0,0,0,0,0,0,0,0,0,0,0,8.75,0,0,0,0,0,0,0,0,0,0,0,0,0,0,0,0,0,84.25,18.75,2.5,0,0,0,0,0,0,0,0,0,0,0,0,0,0,0,0,0,0,0,0,0,0,0,0,0,80,0,0,0,0,0,0,0,0,0,0,0,0,0,100,0,0,0,0,0,0,0,0,0,0,0,0,0,0,0,0,0,0,0,0,0,0,0,0,0,0,0,0,0,0,0,0,0,0,0,0,0,0,0,0,0,4.134,0,,Post 2021HM Restored
Bayswater_191,Restored,Post 2021,8/19/2021,Bayswater,HM Restored,11,0,0,18.75,0.5,2.5,8.75,0,0,0,0,0,18.75,0,0,0,0,0,0,0,0,0,0,0,0,0,8.75,0,0,0,0,0,0,0,0,0,0,18.75,0,0,0,0,0,0,76.75,2.5,18.75,0,0,0,0,0,0,0,0,0,0,0,0,0,0,0,0,0,0,0,0,0,0,0,0,0,250,0,0,0,0,0,0,0,0,0,0,0,0,0,0,0,0,0,0,0,0,0,0,0,0,0,0,0,0,0,0,0,0,0,0,0,0,0,0,0,0,0,0,0,0,0,0,0,0,0,0,0,0,0,0,0,3.871,0,,Post 2021HM Restored
Bayswater_192,Restored,Post 2021,8/19/2021,Bayswater,HM Restored,12,0,0,18.75,18.75,8.75,18.75,0,0,0,0,0,0.5,0,0,0,0,0.5,0,0,0,0,0,0,0,0,0,0,0,0,0,0,0,0,0,0,0,0,0,0,0,0,0,0,66,0,18.75,0.5,0,0,0,0,0,0,0,0,0,0,0,0,0,0,0,0,0,0,0,0,0,0,0,0,20,0,0,0,0,0,0,0,0,0,0,0,0,0,60,0,0,0,0,0,0,0,0,0,0,0,0,0,0,0,0,0,0,0,0,0,0,0,0,0,0,0,0,0,0,0,0,0,0,0,0,0,0,0,0,0,4.025,0,,Post 2021HM Restored
Bayswater_193,Restored,Post 2021,8/19/2021,Bayswater,HM Restored,13,0,0,8.75,8.75,0,37.5,0,0,0,0,0,0,0,0,0,0,0,0,0,0,0,0,0,0,0,2.5,0,0,0,0,0,0,0,0,0,0,0,0,0,0,0,0,0,57.5,0,37.5,0.5,0,0,0,0,0,0,0,0,0,0,0,0,0,0,0,0,0,0,0,0,0,0,0,0,75,0,0,0,0,0,0,0,0,0,0,0,0,0,75,0,0,0,0,0,0,0,0,0,0,0,0,0,0,0,0,0,0,0,0,0,0,0,0,0,0,0,0,0,0,0,0,0,0,0,0,0,0,0,0,0,4.131,0,,Post 2021HM Restored
Bayswater_194,Restored,Post 2021,8/19/2021,Bayswater,HM Restored,14,0,0,2.5,8.75,0.5,0,0,0,0,0,0,0,0,0,0,0,0,0,0,0,2.5,0,0,0,0,0,0,0,0,0,0,0,0,0,0,0,0,0,0,0,0,0,0,14.25,0.5,62.5,0.5,0,0,0,0,0,0,0,0,0,0,0,0,0,0,0,0,0,0,0,0,0,0,0,0,0,0,0,0,0,0,0,0,0,0,0,0,0,0,100,0,0,0,0,0,0,0,0,0,0,0,0,0,0,0,0,0,0,0,0,0,0,0,0,0,0,0,0,0,0,0,0,0,0,0,0,0,0,0,0,0,3.508,0,,Post 2021HM Restored
Bayswater_195,Restored,Post 2021,8/19/2021,Bayswater,HM Restored,15,8.75,0,18.75,2.5,0,0,0,0,0,0,8.75,0,0,0,0,0,0,0,0,0,0.5,0,0,0,0,0,0,0,0,0,0,0,0,0,0,0,0,0,0,0,0,0,0,39.25,2.5,18.75,8.75,0,8,0,0,0,0,0,0,0,0,0,0,0,0,0,0,0,0,0,0,0,0,0,0,250,0,0,0,0,0,0,0,0,0,0,0,0,0,0,0,0,0,0,0,0,0,0,0,0,0,0,0,0,0,0,0,0,0,0,0,0,0,0,0,0,0,4,0,0,0,0,0,0,0,0,0,0,0,0,0,3.715,0,,Post 2021HM Restored
Bayswater_196,Reference,Post 2021,8/19/2021,Bayswater,HM Reference,1,0.5,0,37.5,0,18.75,37.5,0,0,0,2.5,0,0,0,0,0,0,0,0,0,0,0,0,0,0,0,0,0,0,0,0,0,0,0,0,0,0,0,0,2.5,0.5,0,0,0,99.75,0,0,2.5,0,0,0,0,0,0,0,0,0,0,0,0,0,0,0,0,0,0,0,0,0,0,0,0,200,0,0,0,0,0,0,0,0,0,0,0,0,0,0,0,0,0,0,0,0,0,0,0,0,0,0,0,0,0,0,0,0,0,0,0,0,0,0,0,0,0,0,0,0,0,0,0,0,0,0,0,0,0,0,0,4.505,0,,Post 2021HM Reference
Bayswater_197,Reference,Post 2021,8/19/2021,Bayswater,HM Reference,2,0,0,62.5,2.5,2.5,18.75,0,0,0,0,2.5,0,0,0,0,0,0,0,0,0,0,0,0,0,0,0,0,0,0,0,0,0,0,0,0,0,0,0,0,0,0,0,0,88.75,8.75,0,2.5,0,0,0,0,0,0,0,0,0,0,0,0,0,0,0,0,0,0,0,0,0,0,0,0,200,0,0,0,0,0,0,0,0,0,0,0,0,0,0,0,0,0,0,0,0,0,0,0,0,0,0,0,0,0,0,0,0,0,0,0,0,0,0,0,0,0,0,0,0,0,0,0,0,0,0,0,0,0,0,0,4.058,0,,Post 2021HM Reference
Bayswater_198,Reference,Post 2021,8/19/2021,Bayswater,HM Reference,3,2.5,0,8.75,2.5,0,37.5,0,0,0,0,8.75,2.5,0,0,0,0,0,0,0,0,0,0,0,0,0,0,0,0,0,0,0,0,0,0,0,0,0,0,0,0,0,0,0,62.5,18.75,0,8.75,2.5,0,0,0,0,0,0,0,0,0,0,0,0,0,0,0,0,0,0,0,0,0,0,0,0,0,0,0,0,0,0,0,0,0,0,0,0,0,50,0,0,0,0,0,0,0,0,0,0,0,0,0,0,0,0,0,0,0,0,0,0,0,0,0,0,0,0,0,0,0,0,0,0,0,0,0,0,0,0,0,3.619,0,,Post 2021HM Reference
Bayswater_199,Reference,Post 2021,8/19/2021,Bayswater,HM Reference,4,8.75,0,0.5,2.5,2.5,37.5,0,0,0,0,8.75,0,0,0,0,0,0,0,0,0,0,0,0,0,0,0,0,0,0,0,0,0,0,0,0,0,0,0,0,0,0,0,0,60.5,0,18.75,8.75,8.75,0,0,0,0,0,0,0,0,0,0,0,0,0,0,0,0,0,0,0,0,0,0,0,0,0,0,0,0,0,0,0,0,0,0,0,0,0,0,0,0,0,0,0,0,0,0,0,0,0,0,0,0,0,0,0,0,0,0,0,0,0,0,0,0,0,0,0,0,0,0,0,0,0,0,0,0,0,0,0,3.997,0,,Post 2021HM Reference
Bayswater_200,Reference,Post 2021,8/19/2021,Bayswater,HM Reference,5,0,0,0,8.75,0,18.75,0,0,0,0,2.5,0,0,0,0,0,0,0,0,0,2.5,0,0,0,0,0,0,0,0,0,0,0,0,0,0,0,0,0,0,0,0,0,0,32.5,62.5,0,0.5,0,4,0,0,0,0,0,0,0,0,0,0,0,0,0,0,0,0,0,0,0,0,0,0,0,0,0,0,0,0,0,0,0,0,0,0,0,0,20,0,0,0,0,0,0,0,0,0,0,0,0,0,0,0,0,0,0,0,0,0,0,0,0,0,0,0,0,0,0,0,0,0,0,0,0,0,0,0,0,0,3.366,0,,Post 2021HM Reference
Bayswater_201,Reference,Post 2021,8/19/2021,Bayswater,HM Reference,6,0,0,18.75,8.75,0,37.5,0,0,0,0,0,0,0,0,0,0,0,0,0,0,0,0,0,0,0,0,0,0,0,0,0,0,0,0,0,0,0,0,0,0,0,0,0,65,0,8.75,0.5,8.75,0,0,0,0,0,0,0,0,0,0,0,0,0,0,0,0,0,0,0,0,0,0,0,150,0,0,0,0,0,0,0,0,0,0,0,0,0,0,0,0,0,0,0,0,0,0,0,0,0,0,0,0,0,0,0,0,0,0,0,0,0,0,0,0,0,0,0,0,0,0,0,0,0,0,0,0,0,0,0,3.902,0,,Post 2021HM Reference
Bayswater_202,Reference,Post 2021,8/19/2021,Bayswater,HM Reference,7,0,0,2.5,2.5,0,37.5,0,0,0,0,0,0,0,0,0,0,0,0,0,0,0,0,0,0,0,0,0,0,0,0,0,0,0,0,0,0,0,0,0,0,0,0,0,42.5,0,18.75,8.75,8.75,0,0,0,0,0,0,0,0,0,0,0,0,0,0,0,0,0,0,0,0,0,0,0,0,0,0,0,0,0,0,0,0,0,0,0,0,0,10,0,0,0,0,0,0,0,0,0,0,0,0,0,0,0,0,0,0,0,0,0,0,0,0,0,0,0,0,0,0,0,0,0,0,0,0,0,0,0,0,0,3.998,0,,Post 2021HM Reference
Bayswater_203,Reference,Post 2021,8/19/2021,Bayswater,HM Reference,8,0,0,8.75,2.5,0,62.5,0,0,0,0,0,0,0,0,0,0,0,0,0,0,0,0,0,0,0,0,0,0,0,0,0,0,0,0,0,0,0,0,0,0,0,0,0,73.75,0,37.5,8.75,0,0,0,0,0,0,0,0,0,0,0,0,0,0,0,0,0,0,0,0,0,0,0,0,50,0,0,0,0,0,0,0,0,0,0,0,0,0,0,0,0,0,0,0,0,0,0,0,0,0,0,0,0,0,0,0,0,0,0,0,0,0,0,0,0,0,0,0,0,0,0,0,0,0,0,0,0,0,0,0,3.73,0,,Post 2021HM Reference
Bayswater_204,Reference,Post 2021,8/19/2021,Bayswater,HM Reference,9,0,0,2.5,8.75,2.5,37.5,0,0,0,0,0,0,0,0,0,0,0,0,0,0,0,0,0,0,0,0,0,0,0,0,0,0,0,0,0,0,0,0,0,0,0,0,0,51.25,0,37.5,2.5,0,0,0,0,0,0,0,0,0,0,0,0,0,0,0,0,0,0,0,0,0,0,0,0,0,0,0,0,0,0,0,0,0,0,0,0,0,0,60,0,0,0,0,0,0,0,0,0,0,0,0,0,0,0,0,0,0,0,0,0,0,0,0,0,0,0,0,0,0,0,0,0,0,0,0,0,0,0,0,0,3.805,0,,Post 2021HM Reference
Bayswater_205,Reference,Post 2021,8/19/2021,Bayswater,HM Reference,10,0,0,8.75,8.75,2.5,62.5,0,0,0,0,0,0,8.75,0,0,0,0,0,0,0,0,0,0,0,0,0,0,0,0,0,0,0,0,0,0,0,0,0,0,0,0,0,0,91.25,0,8.75,2.5,8.75,0,0,0,0,0,0,0,0,0,0,0,0,0,0,0,0,0,0,0,0,0,0,0,40,0,0,0,0,0,0,0,0,0,0,0,0,0,40,0,0,0,0,0,0,0,0,0,0,0,0,0,0,0,0,0,0,0,0,0,0,0,0,0,0,0,0,0,0,0,0,0,0,0,0,0,0,0,0,0,3.696,0,,Post 2021HM Reference
Bayswater_206,Reference,Post 2021,8/19/2021,Bayswater,HM Reference,11,0,0,8.75,8.75,2.5,62.5,0,0,0,0,0,0,0,0,0,0,0,0,0,0,0,0,0,0,0,0,0,0,0,0,0,0,0,0,0,0,0,0,0,0,0,0,0,82.5,0,0,0.5,18.75,0,0,0,0,0,0,0,0,0,0,0,0,0,0,0,0,0,0,0,0,0,0,0,0,0,0,0,0,0,0,0,0,0,0,0,0,0,100,0,0,0,0,0,0,0,0,0,0,0,0,0,0,0,0,0,0,0,0,0,0,0,0,0,0,0,0,0,0,0,0,0,0,0,0,0,0,0,0,0,3.726,0,,Post 2021HM Reference
Bayswater_207,Reference,Post 2021,8/19/2021,Bayswater,HM Reference,12,0,0,62.5,18.75,0,0,0,0,0,0,0,0,0,0,0,0,0,0,0,0,0,0,0,0,0,0,0,0,0,0,0,0,0,0,0,0,0,0,0,0,0,0,0,81.25,0,2.5,0.5,0,0,0,0,0,0,0,0,0,0,0,0,0,0,0,0,0,0,0,0,0,0,0,0,300,0,0,0,0,0,0,0,0,0,0,0,0,0,100,0,0,0,0,0,0,0,0,0,0,0,0,0,0,0,0,0,0,0,0,0,0,0,0,0,0,0,0,0,0,0,0,0,0,0,0,0,0,0,0,0,3.506,0,,Post 2021HM Reference
Bayswater_208,Reference,Post 2021,8/19/2021,Bayswater,HM Reference,13,0,0,18.75,37.5,0,18.75,0,0,0,0,0,0,0,0,0,0,0,0,0,0,0,0,0,0,0,0,0,0,0,0,0,0,0,0,0,0,0,0,0,0,0,0,0,75,0,8.75,0.5,0,0,0,0,0,0,0,0,0,0,0,0,0,0,0,0,0,0,0,0,0,0,0,0,0,0,0,0,0,0,0,0,0,0,0,0,0,0,50,0,0,0,0,0,0,0,0,0,0,0,0,0,0,0,0,0,0,0,0,0,0,0,0,0,0,0,0,0,0,0,0,0,0,0,0,0,0,0,0,0,3.629,0,,Post 2021HM Reference
Bayswater_209,Reference,Post 2021,8/19/2021,Bayswater,HM Reference,14,0,0,62.5,37.5,0,0,0,0,0,0,0,0,0,0,0,0,0,0,0,0,0,0,0,0,0,0,0,0,0,0,0,0,0,0,0,0,0,0,0,0,0,0,0,100,0,0,0.5,0,0,0,0,0,0,0,0,0,0,0,0,0,0,0,0,0,0,0,0,0,0,0,0,250,0,0,0,0,0,0,0,0,0,0,0,0,0,200,0,0,0,0,0,0,0,0,0,0,0,0,0,0,0,0,0,0,0,0,0,0,0,0,0,0,0,0,0,0,0,0,0,0,0,0,0,0,0,0,0,3.492,0,,Post 2021HM Reference
Bayswater_210,Reference,Post 2021,8/19/2021,Bayswater,HM Reference,15,0,0,37.5,37.5,0,18.75,0,0,0,0,0,0,0,0,0,0,0,0,0,0,0,0,0,0,0,0,0,0,0,0,0,0,0,0,0,0,0,0,0,0,0,0,0,93.75,0,0,0.5,0,0,0,0,0,0,0,0,0,0,0,0,0,0,0,0,0,0,0,0,0,0,0,0,200,0,0,0,0,0,0,0,0,0,0,0,0,0,200,0,0,0,0,0,0,0,0,0,0,0,0,0,0,0,0,0,0,0,0,0,0,0,0,0,0,0,0,0,0,0,0,0,0,0,0,0,0,0,0,0,3.321,0,,Post 2021HM Reference
Bayswater_211,Restored,Post 2021,8/19/2021,Bayswater,LM Restored,1,0,8.75,0,0,0,0,0,0,0,0,8.75,0,0,0,0,0,0,0,0,0,0,0,0,0,0,0,0,0,0,0,0,0,0,0,0,0,0,0,0,0,0,0,0,17.5,62.5,0,37.5,0,4,0,0,0,0,0,0,0,0,0,0,0,0,0,0,0,0,0,0,0,0,0,0,0,0,0,0,0,0,0,0,0,0,0,0,0,0,,0,0,0,0,0,0,0,0,0,0,0,0,0,0,0,0,0,0,0,0,0,0,0,0,0,0,0,0,0,0,0,0,0,0,0,0,0,0,0,0,0,2.627,0,,Post 2021LM Restored
Bayswater_212,Restored,Post 2021,8/19/2021,Bayswater,LM Restored,2,0,2.5,0,0,0,0,0,0,0,0,18.75,0,0,0,0,0,0,0,0,0,0,0,0,0,0,0,0,0,0,0,0,0,0,0,0,0,0,0,0,0,0,0,0,21.25,87.5,0,0,0,0,0,0,0,0,0,0,0,0,0,0,0,0,0,0,0,0,0,0,0,0,0,0,0,0,0,0,0,0,0,0,0,0,0,0,0,0,0,0,0,0,0,0,0,0,0,0,0,0,0,0,0,0,0,0,0,0,0,0,0,0,0,0,0,0,0,0,0,0,0,0,0,0,0,0,0,0,0,0,2.723,0,,Post 2021LM Restored
Bayswater_213,Restored,Post 2021,8/19/2021,Bayswater,LM Restored,3,0,37.5,0,0,0,0,2.5,0,0,0,0,0,0,0,0,0,0,0,0,0,0,0,0,0,0,0,0,0,0,0,0,0,0,0,0,0,0,0,0,0,0,0,0,40,37.5,0,0,0,7,0,0,0,0,0,0,0,0,57,0,43,38,42,44,73,48,7,5.5,4.1,5.2,6,5.56,0,0,0,0,0,0,0,0,0,0,0,0,0,0,0,0,0,0,0,0,0,0,0,0,0,0,0,0,0,0,0,0,0,0,0,0,0,0,0,0,0,0,0,0,0,0,0,0,0,0,0,0,0,0,0,0,1.859,0,,Post 2021LM Restored
Bayswater_214,Restored,Post 2021,8/19/2021,Bayswater,LM Restored,4,0,18.75,2.5,8.75,0,0,0,0,0,0,0,2.5,0,0,0,0,0,0,0,0,0.5,0,0,0,0,0,0,0,0,0,0,0,0,0,0,0,0,0,0,0,0,0,0,33,37.5,8.75,0,0,5,0,0,0,0,0,0,0,0,28,0,10,35,12,2,4,12.6,4.3,4.5,3.4,2.7,3,3.58,0,0,0,0,0,0,0,0,0,0,0,0,0,0,0,0,0,0,0,0,0,0,0,0,0,0,0,0,0,0,0,0,0,0,0,0,0,0,0,0,0,0,0,0,0,0,0,0,0,0,0,0,0,0,0,0,2.837,0,,Post 2021LM Restored
Bayswater_215,Restored,Post 2021,8/19/2021,Bayswater,LM Restored,5,0,62.5,0,0,0,0,0,0,0,0,0,0,0,0,0,0,0,0,0,0,0.5,0,0,0,0,0,0,0,0,0,0,0,0,0,0,0,0,0,0,0,0,0,0,63,37.5,0,0,0,2,0,0,0,0,0,0,0,0,44,0,12,28,30,24,7,20.2,4.9,6.5,6.3,7,5,5.94,0,0,0,0,0,0,0,0,0,0,0,0,0,0,0,0,0,0,0,0,0,0,0,0,0,0,0,0,0,0,0,0,0,0,0,0,0,0,0,0,0,0,0,0,0,0,0,0,0,0,0,0,0,0,0,0,2.222,0,,Post 2021LM Restored
Bayswater_216,Restored,Post 2021,8/19/2021,Bayswater,LM Restored,6,2.5,8.75,0,2.5,0,0,2.5,0,0,0,2.5,2.5,0,0,0,0,0,0,0,0,8.75,0,0,0,0,0,0,0,0,0,0,0,0,0,0,0,0,0,0,0,0,0,0,30,37.5,18.75,0,0,11,0,0,0,0,0,0,0,0,0,0,0,0,0,0,0,0,0,0,0,0,0,0,0,0,0,0,0,0,0,0,0,0,0,0,0,0,0,0,0,0,0,0,0,0,0,0,0,0,0,0,0,0,0,0,0,0,0,0,0,0,0,0,0,0,0,0,0,0,0,0,0,0,0,0,0,0,0,0,3.062,0,,Post 2021LM Restored
Bayswater_217,Restored,Post 2021,8/19/2021,Bayswater,LM Restored,7,0,18.75,0,0,0,0,37.5,0,0,0,0.5,0,0,0,0,0,0,0,0,0,2.5,0,0,0,0,0,0,0,0,0,0,0,0,0,0,0,0,0,0,0,0,0,0,59.25,37.5,0,0,0,20,0,0,0,0,0,0,0,0,6,0,3,2.2,11.5,3.5,8,5.64,6,3,3.6,1.9,3.6,3.62,0,0,0,0,0,0,0,0,0,0,0,0,0,0,0,0,0,0,0,0,0,0,0,0,0,0,0,0,0,0,0,0,0,0,0,0,0,0,0,0,0,0,0,0,0,0,0,0,0,0,0,0,0,0,0,0,2.587,0,,Post 2021LM Restored
Bayswater_218,Restored,Post 2021,8/19/2021,Bayswater,LM Restored,8,2.5,8.75,0,0,0,0,8.75,0,0,0,0.5,2.5,0,0,0,0,0,0,0,0,0.5,0,0,0,0,0,0,0,0,0,0,0,0,0,0,0,0,0,0,0,0,0,0,23.5,62.5,0,0,0,11,0,0,0,0,0,0,0,0,8,0,3,3.5,15.5,3,1.5,5.3,2.4,2.4,5.1,3,1.2,2.82,0,0,0,0,0,0,0,0,0,0,0,0,0,0,0,0,0,0,0,0,0,0,0,0,0,0,0,0,0,0,0,0,0,0,0,0,0,0,0,0,0,0,0,0,0,0,0,0,0,0,0,0,0,0,0,0,2.927,0,,Post 2021LM Restored
Bayswater_219,Restored,Post 2021,8/19/2021,Bayswater,LM Restored,9,0,2.5,0,0,0,0,37.5,0,0,0,0.5,0,0,0,0,0,0,0,0,0,0.5,0,0,0,0,0,0,0,0,0,0,0,0,0,0,0,0,0,0,0,0,0,0,41,37.5,0,0,0,11,0,0,0,0,0,0,0,0,3,0,4,10.5,11.5,0,0,5.2,2,2.1,3,0,0,1.42,0,0,0,0,0,0,0,0,0,0,0,0,0,0,0,0,0,0,0,0,0,0,0,0,0,0,0,0,0,0,0,0,0,0,0,0,0,0,0,0,0,0,0,0,0,0,0,0,0,0,0,0,0,0,0,0,2.853,0,,Post 2021LM Restored
Bayswater_220,Restored,Post 2021,8/19/2021,Bayswater,LM Restored,10,0,37.5,0,2.5,0,0,0,0,0,0,0,0,0,0,0,0,0,0,0,0,0,0,0,0,0,0,0,0,0,0,0,0,0,0,0,0,0,0,0,0,0,0,0,40,0,62.5,8.75,0,3,0,0,0,0,0,0,0,0,16,0,18,12,28,13,13,16.8,4.8,6.3,6.4,3.9,9.6,6.2,0,0,0,0,0,0,0,0,0,0,0,0,0,0,10,0,0,0,0,0,0,0,0,0,0,0,0,0,0,0,0,0,0,0,0,0,0,0,0,0,0,0,0,0,0,0,0,0,0,0,0,0,0,0,0,0,2.781,0,,Post 2021LM Restored
Bayswater_221,Restored,Post 2021,8/19/2021,Bayswater,LM Restored,11,0,62.5,0,0,0,0,0,0,0,0,0,0,0,0,0,0,0,0,0,0,0,0,0,0,0,0,0,0,0,0,0,0,0,0,0,0,0,0,0,0,0,0,0,62.5,18.75,8.75,0,0,3,0,0,0,0,0,0,0,0,26,0,43,45,24,16,17,29,6.9,6.1,4.8,3.2,3.2,4.84,0,0,0,0,0,0,0,0,0,0,0,0,0,0,0,0,0,0,0,0,0,0,0,0,0,0,0,0,0,0,0,0,0,0,0,0,0,0,0,0,0,0,0,0,0,0,0,0,0,0,0,0,0,0,0,0,2.517,0,,Post 2021LM Restored
Bayswater_222,Restored,Post 2021,8/19/2021,Bayswater,LM Restored,12,0,18.75,0,0,0,0,37.5,0,0,0,8.75,0,0,0,0,0,0,0,0,0,8.75,0,0,0,0,0,0,0,0,0,0,0,0,0,0,0,0,0,0,0,0,0,0,73.75,2.5,2.5,0,0,3,0,0,0,0,0,0,0,0,13,0,57,11,31,14,14,25.4,4.5,3.3,3.9,7,4.9,4.72,0,0,0,0,0,0,0,0,0,0,0,0,0,0,0,0,0,0,0,0,0,0,0,0,0,0,0,0,0,0,0,0,0,0,0,0,0,0,0,0,0,0,0,0,0,0,0,0,0,0,0,0,0,0,0,0,2.591,0,,Post 2021LM Restored
Bayswater_223,Restored,Post 2021,8/19/2021,Bayswater,LM Restored,13,0,8.75,0,0,0,0,37.5,0,0,0,2.5,0,0,0,0,0,0,0,0,0,18.75,0,0,0,0,0,0,0,0,0,0,0,0,0,0,0,0,0,0,0,0,0,0,67.5,18.75,0,8.75,0,8,0,0,0,0,0,0,0,0,5,0,2,4,2,2,6,3.2,3.1,5.9,1.6,1.4,6.5,3.7,0,0,0,0,0,0,0,0,0,0,0,0,0,0,0,0,0,0,0,0,0,0,0,0,0,0,0,0,0,0,0,0,0,0,0,0,0,0,0,0,0,0,0,0,0,0,0,0,0,0,0,0,0,0,0,0,2.529,0,,Post 2021LM Restored
Bayswater_224,Restored,Post 2021,8/19/2021,Bayswater,LM Restored,14,0,18.75,0,0,0,0,0,0,0,0,0,0,0,0,0,0,0,0,0,0,0,0,0,0,0,0,0,0,0,0,0,0,0,0,0,0,0,0,0,0,0,0,0,18.75,0.5,87.5,0.5,0,3,0,0,0,0,0,0,0,0,21,0,7,18,6,6,7,8.8,3.5,6.3,3.2,4,5.5,4.5,0,0,0,0,0,0,0,0,0,0,0,0,0,0,0,0,0,0,0,0,0,0,0,0,0,0,0,0,0,0,0,0,0,0,0,0,0,0,0,0,0,0,0,0,0,0,0,0,0,0,0,0,0,0,0,0,2.639,0,,Post 2021LM Restored
Bayswater_225,Restored,Post 2021,8/19/2021,Bayswater,LM Restored,15,0,2.5,0,0,0,0,2.5,0,0,0,0,0,0,0,0,0,0,0,0,0,2.5,0,0,0,0,0,0,0,0,0,0,0,0,0,0,0,0,0,0,0,0,0,0,7.5,87.5,0,8.75,0,5,0,0,0,0,0,0,0,0,5,0,7,5,2,2,5,4.2,3.1,3,2.5,1.7,4,2.86,0,0,0,0,0,0,0,0,0,0,0,0,0,0,0,0,0,0,0,0,0,0,0,0,0,0,0,0,0,0,0,0,0,0,0,0,0,0,0,0,0,0,0,0,0,0,0,0,0,0,0,0,0,0,0,0,3.041,0,,Post 2021LM Restored
Bayswater_226,Reference,Post 2021,8/19/2021,Bayswater,LM Reference,1,0,18.75,0,0,0,0,0,0,0,0,0,0,0,0,0,0,0,0,0,0,0,0,0,0,0,0,0,0,0,0,0,0,0,0,0,0,0,0,0,0,0,0,0,18.75,62.5,0,8.75,0,25,0,35,0,0,0,0,0,0,0,0,0,0,0,0,0,0,0,0,0,0,0,0,0,0,0,0,0,0,0,0,0,0,0,0,0,0,0,0,0,0,0,0,0,0,0,0,0,0,0,0,0,0,0,0,0,0,0,0,0,0,0,0,0,0,0,0,0,0,0,0,0,0,0,0,0,0,0,0,1.474,0,,Post 2021LM Reference
Bayswater_227,Reference,Post 2021,8/19/2021,Bayswater,LM Reference,2,0,37.5,0,0,0,0,0,0,0,0,0,0,0,0,0,0,0,0,0,0,0,0,0,0,0,0,0,0,0,0,0,0,0,0,0,0,0,0,0,0,0,0,0,37.5,37.5,0,2.5,0,5,0,0,0,0,0,0,0,0,27,0,110,134,100,75.5,117.5,107.4,5.9,7.5,6.1,5,6.5,6.2,0,0,0,0,0,0,0,0,0,0,0,0,0,0,0,0,0,0,0,0,0,0,0,0,0,0,0,0,0,0,0,0,0,0,0,0,0,0,0,0,0,0,0,0,0,0,0,0,0,0,0,0,0,0,0,0,1.806,0,,Post 2021LM Reference
Bayswater_228,Reference,Post 2021,8/19/2021,Bayswater,LM Reference,3,0,62.5,0,0,0,0,0,0,0,0,0,0,0,0,0,0,0,0,0,0,0,0,0,0,0,0,0,0,0,0,0,0,0,0,0,0,0,0,0,0,0,0,0,62.5,8.75,18.75,2.5,0,1,0,50,0,0,0,0,0,0,32,0,121,52,60,77,109,83.8,6.5,4.5,7,6.5,7.1,6.32,0,0,0,0,0,0,0,0,0,0,0,0,0,0,0,0,0,0,0,0,0,0,0,0,0,0,0,0,0,0,0,0,0,0,0,0,0,0,0,0,0,0,0,0,0,0,0,0,0,0,0,0,0,0,0,0,1.24,0,,Post 2021LM Reference
Bayswater_229,Reference,Post 2021,8/19/2021,Bayswater,LM Reference,4,0,37.5,0,0,0,0,0,0,0,0,0,0,0,0,0,0,0,0,0,0,0,0,0,0,0,0,0,0,0,0,0,0,0,0,0,0,0,0,0,0,0,0,0,37.5,37.5,0,8.75,0,8,0,45,0,0,0,0,0,0,24,0,40,32,58,94,72,59.2,4.4,3.9,5.6,4.9,8.3,5.42,0,0,0,0,0,0,0,0,0,0,0,0,0,0,0,0,0,0,0,0,0,0,0,0,0,0,0,0,0,0,0,0,0,0,0,0,0,0,0,0,0,0,0,0,0,0,0,0,0,0,0,0,0,0,0,0,1.415,0,,Post 2021LM Reference
Bayswater_230,Reference,Post 2021,8/19/2021,Bayswater,LM Reference,5,0,62.5,0,0,0,0,0,0,0,0,0,0,0,0,0,0,0,0,0,0,18.75,0,0,0,0,0,0,0,0,0,0,0,0,0,0,0,0,0,0,0,0,0,0,81.25,8.75,0,8.75,0,6,0,70,0,0,0,0,0,0,43,0,34.5,44.5,24.5,77.5,62,48.6,4.7,4.9,6,6.5,5,5.42,0,0,0,0,0,0,0,0,0,0,0,0,0,0,0,0,0,0,0,0,0,0,0,0,0,0,0,0,0,0,0,0,0,0,0,0,0,0,0,0,0,0,0,0,0,0,0,0,0,0,0,0,0,0,0,0,1.725,0,,Post 2021LM Reference
Bayswater_231,Reference,Post 2021,8/19/2021,Bayswater,LM Reference,6,0,37.5,0,0,0,0,0,0,0,0,0,0,0,0,0,0,0,0,0,0,18.75,0,0,0,0,0,0,0,0,0,0,0,0,0,0,0,0,0,0,0,0,0,0,56.25,37.5,0,0,0,10,0,57,0,0,0,0,0,0,26,0,16.5,19,15,127,91,53.7,5.5,3.9,4.1,7.8,5.9,5.44,0,0,0,0,0,0,0,0,0,0,0,0,0,0,0,0,0,0,0,0,0,0,0,0,0,0,0,0,0,0,0,0,0,0,0,0,0,0,0,0,0,0,0,0,0,0,0,0,0,0,0,0,0,0,0,0,2.238,0,,Post 2021LM Reference
Bayswater_232,Reference,Post 2021,8/19/2021,Bayswater,LM Reference,7,0,0.5,0,0,0,0,0,0,0,0,0,0,0,0,0,0,0,0,0,0,0,0,0,0,0,0,0,0,0,0,0,0,0,0,0,0,0,0,0,0,0,0,0,0.5,87.5,0,0.5,0,1,0,9,0,0,0,0,0,0,0,0,0,0,0,0,0,0,0,0,0,0,0,0,0,0,0,0,0,0,0,0,0,0,0,0,0,0,0,0,0,0,0,0,0,0,0,0,0,0,0,0,0,0,0,0,0,0,0,0,0,0,0,0,0,0,0,0,0,0,0,0,0,0,0,0,0,0,0,0,2.169,0,,Post 2021LM Reference
Bayswater_233,Reference,Post 2021,8/19/2021,Bayswater,LM Reference,8,0,37.5,0,0,0,0,18.75,0,0,0,0,0,0,0,0,0,0,0,0,0,0,0,0,0,0,0,0,0,0,0,0,0,0,0,0,0,0,0,0,0,0,0,0,56.25,37.5,0,0.5,0,3,1,285,0,0,0,0,0,0,53,0,69.5,111.5,87,113,104,97,3.9,6,4.8,6.5,5.1,5.26,0,0,0,0,0,0,0,0,0,0,0,0,0,0,0,0,0,0,0,0,0,0,0,0,0,0,0,0,0,0,0,0,0,0,0,0,0,0,0,0,0,0,0,0,0,0,0,0,0,0,0,0,0,0,0,0,1.224,0,,Post 2021LM Reference
Bayswater_234,Reference,Post 2021,8/19/2021,Bayswater,LM Reference,9,0,62.5,0,0,0,0,0,0,0,0,0,0,0,0,0,0,0,0,0,0,0,0,0,0,0,0,0,0,0,0,0,0,0,0,0,0,0,0,0,0,0,0,0,62.5,37.5,0,0,0,3,0,240,0,0,0,0,0,0,50,0,149,121,152,159,151,146.4,9.3,5.9,7.5,7.8,7.5,7.6,0,0,0,0,0,0,0,0,0,0,0,0,0,0,0,0,0,0,0,0,0,0,0,0,0,0,0,0,0,0,0,0,0,0,0,0,0,0,0,0,0,0,0,0,0,0,0,0,0,0,0,0,0,0,0,0,-0.082,0,,Post 2021LM Reference
Bayswater_235,Reference,Post 2021,8/19/2021,Bayswater,LM Reference,10,0,8.75,0,0,0,0,18.75,0,0,0,0,0,0,0,0,0,0,0,0,0,0,0,0,0,0,0,0,0,0,0,0,0,0,0,0,0,0,0,0,0,0,0,0,27.5,67.5,0.5,0,0,15,0,23,0,0,0,0,0,0,15,0,20,6.5,5,18,7,11.3,3.5,2.3,2.2,2.5,1.8,2.46,0,0,0,0,0,0,0,0,0,0,0,0,0,0,0,0,0,0,0,0,0,0,0,0,0,0,0,0,0,0,0,0,0,0,0,0,0,0,0,0,0,0,0,0,0,0,0,0,0,0,0,0,0,0,0,0,1.191,0,,Post 2021LM Reference
Bayswater_236,Reference,Post 2021,8/19/2021,Bayswater,LM Reference,11,0,62.5,0,0,0,0,0,0,0,0,0,0,0,0,0,0,0,0,0,0,0,0,0,0,0,0,0,0,0,0,0,0,0,0,0,0,0,0,0,0,0,0,0,62.5,8.75,8.75,8.75,0,5,0,118,0,0,0,0,0,0,40,0,39.5,114.5,78,36,77,69,4.3,9.1,5.5,4.6,6.2,5.94,0,0,0,0,0,0,0,0,0,0,0,0,0,0,0,0,0,0,0,0,0,0,0,0,0,0,0,0,0,0,0,0,0,0,0,0,0,0,0,0,0,0,0,0,0,0,0,0,0,0,0,0,0,0,0,0,1.816,0,,Post 2021LM Reference
Bayswater_237,Reference,Post 2021,8/19/2021,Bayswater,LM Reference,12,0,62.5,0,0,0,0,0,0,0,0,0,0,0,0,0,0,0,0,0,0,0,0,0,0,0,0,0,0,0,0,0,0,0,0,0,0,0,0,0,0,0,0,0,62.5,18.75,8.75,2.5,0,5,0,165,0,0,0,0,0,0,51,0,71,92,87.5,109,96,91.1,5.8,7.5,7.2,6.5,6.3,6.66,0,0,0,0,0,0,0,0,0,0,0,0,0,0,0,0,0,0,0,0,0,0,0,0,0,0,0,0,0,0,0,0,0,0,0,0,0,0,0,0,0,0,0,0,0,0,0,0,0,0,0,0,0,0,0,0,1.415,0,,Post 2021LM Reference
Bayswater_238,Reference,Post 2021,8/19/2021,Bayswater,LM Reference,13,0,18.75,0,0,0,0,8.75,0,0,0,0.5,0,0,0,0,0,0,0,0,0,18.75,0,0,0,0,0,0,0,0,0,0,0,0,0,0,0,0,0,0,0,0,0,0,46.75,8.75,18.75,2.5,0,4,0,71,0,0,0,0,0,0,33,0,88,19,38,42.5,41,45.7,5.9,2.5,3.1,4.2,4.1,3.96,0,0,0,0,0,0,0,0,0,0,0,0,0,0,0,0,0,0,0,0,0,0,0,0,0,0,0,0,0,0,0,0,0,0,0,0,0,0,0,0,0,0,0,0,0,0,0,0,0,0,0,0,0,0,0,0,2.228,0,,Post 2021LM Reference
Bayswater_239,Reference,Post 2021,8/19/2021,Bayswater,LM Reference,14,0,87.5,0,0,0,0,0,0,0,0,0,0,0,0,0,0,0,0,0,0,2.5,0,0,0,0,0,0,0,0,0,0,0,0,0,0,0,0,0,0,0,0,0,0,90,8.75,0.5,0,0,3,0,14,0,0,0,0,0,0,64,0,23,24,85.5,18,26,35.3,2.6,5,5,3.9,6.5,4.6,0,0,0,0,0,0,0,0,0,0,0,0,0,0,0,0,0,0,0,0,0,0,0,0,0,0,0,0,0,0,0,0,0,0,0,0,0,0,0,0,0,0,0,0,0,0,0,0,0,0,0,0,0,0,0,0,2.393,0,,Post 2021LM Reference
Bayswater_240,Reference,Post 2021,8/19/2021,Bayswater,LM Reference,15,0,62.5,0,0,0,0,0,0,0,0,0,0,0,0,0,0,0,0,0,0,0,0,0,0,0,0,0,0,0,0,0,0,0,0,0,0,0,0,0,0,0,0,0,62.5,18.75,0,0,0,10,0,13,0,0,0,0,0,0,67,0,28,43,31,32,86,44,4.3,7,3.4,6.6,5.3,5.32,0,0,0,0,0,0,0,0,0,0,0,0,0,0,0,0,0,0,0,0,0,0,0,0,0,0,0,0,0,0,0,0,0,0,0,0,0,0,0,0,0,0,0,0,0,0,0,0,0,0,0,0,0,0,0,0,2.313,0,,Post 2021LM Reference
Bayswater_241,Restored,Post 2022,8/23/2022,Bayswater,HM Restored,1,0,0,0,0,0,0,0,0,0,0,0,0,0,0,0,0,0,0,0,0,0,0,0,0,0,0,0,0,0,0,0,0,0,0,0,0,0,0,0,0,0,0,0,0,87.5,0,8.75,8.75,0,0,0,0,0,0,0,0,0,0,0,0,0,0,0,0,0,0,0,0,0,0,0,0,0,0,0,0,0,0,0,0,0,0,0,0,0,0,0,0,0,0,0,0,0,0,0,0,0,0,0,0,0,0,0,0,0,0,0,0,0,0,0,0,0,0,0,0,0,0,0,0,0,0,0,0,0,0,0,3.288,,,Post 2022HM Restored
Bayswater_242,Restored,Post 2022,8/23/2022,Bayswater,HM Restored,2,0,8.75,2.5,37.5,2.5,8.75,0,0,0,0,0,0,0,0,0,0,0,0,0,0,0,0,0,0,0,0,0,0,0,0,0,0,0,0,0,0,0,0,0,0,0,0,0,60,0,37.5,18.75,0,0,0,0,0,0,0,0,0,0,0,0,0,0,0,0,0,0,0,0,0,0,0,0,25,0,0,0,0,0,0,0,0,0,0,0,0,0,500,0,0,0,0,0,0,0,0,0,0,0,0,0,0,0,0,0,0,0,0,0,0,0,0,0,0,0,0,0,0,0,0,0,0,0,0,0,0,0,0,0,3.265,,,Post 2022HM Restored
Bayswater_243,Restored,Post 2022,8/23/2022,Bayswater,HM Restored,3,0.5,0,18.75,8.75,2.5,8.75,0,0,0,0,0.5,0,0,0,0,0,0,0,0,0,0,0,0,0,0,0,0,0,0,0,0,0,0,0,0,0,0,0,0,0,0,0,0,39.75,0,87.5,8.75,0,0,0,0,0,0,0,0,0,0,0,0,0,0,0,0,0,0,0,0,0,0,0,0,1250,0,0,0,0,0,0,0,0,0,0,0,0,0,250,0,0,0,0,0,0,0,0,0,0,0,0,0,0,0,0,0,0,0,0,0,0,0,0,0,0,0,0,0,0,0,0,0,0,0,0,0,0,0,0,0,3.603,,,Post 2022HM Restored
Bayswater_244,Restored,Post 2022,8/23/2022,Bayswater,HM Restored,4,0,0,18.75,8.75,0,0,0,0,0,0,8.75,8.75,0,0,0,0,0,0,0,0,2.5,0,0,0,0,0,0,0,0,0,0,0,0,0,0,0,0,0,0,0,0,0,0,47.5,18.75,37.5,8.75,0,5,0,0,0,0,0,0,0,0,0,0,0,0,0,0,0,0,0,0,0,0,0,0,10,0,0,0,0,0,0,0,0,0,0,0,0,0,200,0,0,0,0,0,0,0,0,0,0,0,0,0,0,0,0,0,0,0,0,0,0,0,0,0,0,0,0,0,0,0,0,0,0,0,0,0,0,0,0,0,3.334,,,Post 2022HM Restored
Bayswater_245,Restored,Post 2022,8/23/2022,Bayswater,HM Restored,5,0,0,87.5,8.75,0,0.5,0.5,0,0,0,8.75,0,0,0,0,0,0,0,0,0,0.5,0,0,0,0,0,0,0,0,0,0,0,0,0,0,0,0,0,0,0,0,0,0,106.5,8.75,0,0,2.5,1,0,0,0,0,0,0,0,0,0,0,0,0,0,0,0,0,0,0,0,0,0,0,2000,0,0,0,0,0,0,0,0,0,0,0,0,0,100,0,0,0,0,0,0,0,0,0,0,0,0,0,0,0,0,0,0,0,0,0,0,0,0,0,0,0,0,0,0,0,0,0,0,0,0,0,0,0,0,0,3.185,,,Post 2022HM Restored
Bayswater_246,Restored,Post 2022,8/23/2022,Bayswater,HM Restored,6,0,0,37.5,8.75,0,0,0.5,0,0,0,8.75,0,0,0,0,0,0,0,0,0,18.75,0,0,0,0,0,0,0,0,0,0,0,0,0,0,0,0,0,0,0,0,0,0,74.25,62.5,0,0,0,2,0,0,0,0,0,0,0,0,0,0,0,0,0,0,0,0,0,0,0,0,0,0,200,0,0,0,0,0,0,0,0,0,0,0,0,0,30,0,0,0,0,0,0,0,0,0,0,0,0,0,0,0,0,0,0,0,0,0,0,0,0,0,0,0,0,0,0,0,0,0,0,0,0,0,0,0,0,0,3.307,,,Post 2022HM Restored
Bayswater_247,Restored,Post 2022,8/23/2022,Bayswater,HM Restored,7,0,0,37.5,62.5,0,0,0,0,0,0,0,0,0,0,0,0,0,0,0,0,0.5,0,0,0,0,0,0,0,0,0,0,0,0,0,0,0,0,0,0,0,0,0,0,100.5,18.75,0,0.5,0,6,0,0,0,0,0,0,0,0,0,0,0,0,0,0,0,0,0,0,0,0,0,0,2000,0,0,0,0,0,0,0,0,0,0,0,0,0,500,0,0,0,0,0,0,0,0,0,0,0,0,0,0,0,0,0,0,0,0,0,0,0,0,0,0,0,0,0,0,0,0,0,0,0,0,0,0,0,0,0,3.201,,,Post 2022HM Restored
Bayswater_248,Restored,Post 2022,8/23/2022,Bayswater,HM Restored,8,0,0,37.5,18.75,0,8.75,0.5,0,0,0,0.5,0,0,0,0,0,0,0,0,0,2.5,0,0,0,0,0,0,0,0,0,0,0,0,0,0,0,0,0,0,0,0,0,0,68.5,8.75,37.5,0.5,0,2,0,0,0,0,0,0,0,0,0,0,0,0,0,0,0,0,0,0,0,0,0,0,0,0,0,0,0,0,0,0,0,0,0,0,0,0,0,0,0,0,0,0,0,0,0,0,0,0,0,0,0,0,0,0,0,0,0,0,0,0,0,0,0,0,0,0,0,0,0,0,0,0,0,0,0,0,0,0,3.468,,,Post 2022HM Restored
Bayswater_249,Restored,Post 2022,8/23/2022,Bayswater,HM Restored,9,0,0,18.75,18.75,2.5,18.75,0,0,0.5,0,0,0,0,0,0,0,0,0,0,0,0,0,0,0,0,18.75,0,0,0,0,0,0,0,0,0,0,0,0,0,0,0,0,0,78,18.75,0,0.5,18.75,0,0,0,0,0,0,0,0,0,0,0,0,0,0,0,0,0,0,0,0,0,0,0,500,0,0,0,0,0,0,0,0,0,0,0,0,0,100,0,0,0,0,0,0,0,0,0,0,0,0,0,0,0,0,0,0,0,0,0,0,0,0,0,0,0,0,0,0,0,0,0,0,0,0,0,0,0,0,0,4.157,,,Post 2022HM Restored
Bayswater_250,Restored,Post 2022,8/23/2022,Bayswater,HM Restored,10,0,0,37.5,37.5,0.5,37.5,0,0,0,0,0,0,0,0,0,0,0,0,0,0,0,0,0,0,0,18.75,0,0,0,0,0,0,0,0,0,0,0,0,0,0,0,0,0,131.75,8.75,0,0.5,8.75,0,0,0,0,0,0,0,0,0,0,0,0,0,0,0,0,0,0,0,0,0,0,0,700,0,0,0,0,0,0,0,0,0,0,0,0,0,100,0,0,0,0,0,0,0,0,0,0,0,0,0,0,0,0,0,0,0,0,0,0,0,0,0,0,0,0,0,0,0,0,0,0,0,0,0,0,0,0,0,4.229,,,Post 2022HM Restored
Bayswater_251,Restored,Post 2022,8/23/2022,Bayswater,HM Restored,11,0,0,37.5,18.75,8.75,0.5,0,0,0,0,0,0,0,0,0,0,0,0,0,0,0,0,0,0,0,2.5,0,0,0,0,0,0,0,0,0,0,8.75,0,0,0,0,0,0,76.75,2.5,37.5,8.75,0,0,0,0,0,0,0,0,0,0,0,0,0,0,0,0,0,0,0,0,0,0,0,0,1000,0,0,0,0,0,0,0,0,0,0,0,0,0,20,0,0,0,0,0,0,0,0,0,0,0,0,0,0,0,0,0,0,0,0,0,0,0,0,0,0,0,0,0,0,0,0,0,0,0,0,0,0,0,0,0,3.891,,,Post 2022HM Restored
Bayswater_252,Restored,Post 2022,8/23/2022,Bayswater,HM Restored,12,0,0,18.75,18.75,8.75,62.5,0,0,0,0,0,0,0,0,0,0,0,0,0,0,0,0,0,0,0,0,0,0,0,0,0,0,0,0,0,0,0,0,0,0,0,0,0,108.75,0,37.5,8.75,0,0,0,0,0,0,0,0,0,0,0,0,0,0,0,0,0,0,0,0,0,0,0,0,100,0,0,0,0,0,0,0,0,0,0,0,0,0,750,0,0,0,0,0,0,0,0,0,0,0,0,0,0,0,0,0,0,0,0,0,0,0,0,0,0,0,0,0,0,0,0,0,0,0,0,0,0,0,0,0,4.243,,,Post 2022HM Restored
Bayswater_253,Restored,Post 2022,8/23/2022,Bayswater,HM Restored,13,0,0,18.75,18.75,0.5,37.5,0,0,2.5,0,2.5,0,0,0,0,0,0,0,0,0,0,0,0,0,0,0.5,0,0,0,0,0,0,0,0,0,0,0,0,0,0,0,0,0,81,0,18.75,37.5,0,0,0,0,0,0,0,0,0,0,0,0,0,0,0,0,0,0,0,0,0,0,0,0,600,0,0,0,0,0,0,0,0,0,0,0,0,0,600,0,0,0,0,0,0,0,0,0,0,0,0,0,0,0,0,0,0,0,0,0,0,0,0,0,0,0,0,0,0,0,0,0,0,0,0,0,0,0,0,0,4.181,,,Post 2022HM Restored
Bayswater_254,Restored,Post 2022,8/23/2022,Bayswater,HM Restored,14,0,0,0,8.75,8.75,0,0,0,0,0,0.5,0,0,0,0,0,0,0,0,0,0,0,0,0,0,0,0,0,0,0,0,0,0,0,0,0,0,0,0,0,0,0,0,18,0,87.5,8.75,0,0,0,0,0,0,0,0,0,0,0,0,0,0,0,0,0,0,0,0,0,0,0,0,0,0,0,0,0,0,0,0,0,0,0,0,0,0,0,0,0,0,0,0,0,0,0,0,0,0,0,0,0,0,0,0,0,0,0,0,0,0,0,0,0,0,0,0,0,0,0,0,0,0,0,0,0,0,0,0,3.761,,,Post 2022HM Restored
Bayswater_255,Restored,Post 2022,8/23/2022,Bayswater,HM Restored,15,8.75,0,37.5,8.75,0,0,0,0,0,0,0,0,0,0,0,0,0,0,0,0,2.5,0,0,0,0,0,0,0,0,0,0,0,0,0,0,0,0,0,0,0,0,0,0,57.5,8.75,62.5,2.5,0,5,0,0,0,0,0,0,0,0,0,0,0,0,0,0,0,0,0,0,0,0,0,0,1200,0,0,0,0,0,0,0,0,0,0,0,0,0,200,0,0,0,0,0,0,0,0,0,0,0,0,0,0,0,0,0,0,0,0,0,0,0,0,0,0,0,7,0,0,0,0,0,0,0,0,0,0,0,0,0,3.748,,,Post 2022HM Restored
Bayswater_256,Reference,Post 2022,8/23/2022,Bayswater,HM Reference,1,2.5,0,8.75,0,8.75,18.75,0,0,0,0,0,0,0,0,0,0,0,0,0,0,0,0,0,0,0,0,0,0,0,0,0,0,0,0,0,0,0,0,0,0,0,0,0,38.75,0,0,8.75,87.5,0,0,0,0,0,0,0,0,0,0,0,0,0,0,0,0,0,0,0,0,0,0,0,100,0,0,0,0,0,0,0,0,0,0,0,0,0,0,0,0,0,0,0,0,0,0,0,0,0,0,0,0,0,0,0,0,0,0,0,0,0,0,0,0,0,0,0,0,0,0,0,0,0,0,0,0,0,0,0,4.775,,,Post 2022HM Reference
Bayswater_257,Reference,Post 2022,8/23/2022,Bayswater,HM Reference,2,0,0,37.5,8.75,0.5,18.75,0,0,8.75,0,8.75,0,0,0,0,0,0,0,0,0,0,0,0,0,0,0,0,0,0,0,0,0,0,0,0,0,0,0,0,0,0,0,0,83,8.75,0,8.75,37.5,0,0,0,0,0,0,0,0,0,0,0,0,0,0,0,0,0,0,0,0,0,0,0,300,0,0,0,0,0,0,0,0,0,0,0,0,0,5,0,0,0,0,0,0,0,0,0,0,0,0,0,0,0,0,0,0,0,0,0,0,0,0,0,0,0,0,0,0,0,0,0,0,0,0,0,0,0,0,0,4.115,,,Post 2022HM Reference
Bayswater_258,Reference,Post 2022,8/23/2022,Bayswater,HM Reference,3,8.75,0,18.75,8.75,0,18.75,0.5,0,2.5,0,8.75,0,0,0,0,0,0,0,0,0,0,0,0,0,0,0,0,0,0,0,0,0,0,0,0,0,0,0,0,0,0,0,0,66.75,2.5,37.5,8.75,2.5,0,0,0,0,0,0,0,0,0,0,0,0,0,0,0,0,0,0,0,0,0,0,0,250,0,0,0,0,0,0,0,0,0,0,0,0,0,10,0,0,0,0,0,0,0,0,0,0,0,0,0,0,0,0,0,0,0,0,0,0,0,0,0,0,0,1,0,0,0,0,0,0,0,0,0,0,0,0,0,3.571,,,Post 2022HM Reference
Bayswater_259,Reference,Post 2022,8/23/2022,Bayswater,HM Reference,4,18.75,0,0,2.5,0,37.5,0,0,18.75,0,0,0,0,0,0,0,8.75,0,0,0,0,0,0,0,0,0,0,0,0,0,0,0,0,0,0,0,0,0,0,0,0,0,0,86.25,18.75,0,2.5,37.5,0,0,0,0,0,0,0,0,0,0,0,0,0,0,0,0,0,0,0,0,0,0,0,0,0,0,0,0,0,0,0,0,0,0,0,0,0,1,0,0,0,0,0,0,0,0,0,0,0,0,0,0,0,0,0,0,0,0,0,0,0,0,0,0,0,9,0,0,0,0,0,0,0,0,0,0,0,0,0,4.042,,,Post 2022HM Reference
Bayswater_260,Reference,Post 2022,8/23/2022,Bayswater,HM Reference,5,0,0,0,8.75,0,62.5,0.5,0,0,0,0.5,0,0,0,0,0,0,0,0,0,0,0,0,0,0,0,0,0,0,0,0,0,0,0,0,0,0,0,0,0,0,0,0,72.25,18.75,18.75,2.5,0,4,0,0,0,0,0,0,0,0,0,0,0,0,0,0,0,0,0,0,0,0,0,0,0,0,0,0,0,0,0,0,0,0,0,0,0,0,8,0,0,0,0,0,0,0,0,0,0,0,0,0,0,0,0,0,0,0,0,0,0,0,0,0,0,0,0,0,0,0,0,0,0,0,0,0,0,0,0,0,3.582,,,Post 2022HM Reference
Bayswater_261,Reference,Post 2022,8/23/2022,Bayswater,HM Reference,6,0,0,18.75,8.75,0,37.5,0,0,0,0,8.75,0,0,0,0,0,0,0,0,0,0,0,0,0,0,0,0,0,0,0,0,0,0,0,0,0,0,0,0,0,0,0,0,73.75,0,18.75,2.5,18.75,0,0,0,0,0,0,0,0,0,0,0,0,0,0,0,0,0,0,0,0,0,0,0,500,0,0,0,0,0,0,0,0,0,0,0,0,0,25,0,0,0,0,0,0,0,0,0,0,0,0,0,0,0,0,0,0,0,0,0,0,0,0,0,0,0,0,0,0,0,0,0,0,0,0,0,0,0,0,0,3.92,,,Post 2022HM Reference
Bayswater_262,Reference,Post 2022,8/23/2022,Bayswater,HM Reference,7,0,0,0,8.75,0,62.5,0,0,2.5,0,0.5,0,0,0,0,0,0,0,0,0,0,0,0,0,0,0,0,0,0,0,0,0,0,0,0,0,0,0,0,0,0,0,0,74.25,0,37.5,8.75,18.75,0,0,0,0,0,0,0,0,0,0,0,0,0,0,0,0,0,0,0,0,0,0,0,0,0,0,0,0,0,0,0,0,0,0,0,0,0,40,0,0,0,0,0,0,0,0,0,0,0,0,0,0,0,0,0,0,0,0,0,0,0,0,0,0,0,0,0,0,0,0,0,0,0,0,0,0,0,0,0,4.135,,,Post 2022HM Reference
Bayswater_263,Reference,Post 2022,8/23/2022,Bayswater,HM Reference,8,0,0,0,8.75,0,62.5,0,0,0,0,0,0,0,0,0,0,0,0,0,0,0,0,0,0,0,0,0,0,0,0,0,0,0,0,0,0,0,0,0,0,0,0,0,71.25,0,62.5,8.75,18.75,0,0,0,0,0,0,0,0,0,0,0,0,0,0,0,0,0,0,0,0,0,0,0,0,0,0,0,0,0,0,0,0,0,0,0,0,0,25,0,0,0,0,0,0,0,0,0,0,0,0,0,0,0,0,0,0,0,0,0,0,0,0,0,0,0,0,0,0,0,0,0,0,0,0,0,0,0,0,0,3.824,,,Post 2022HM Reference
Bayswater_264,Reference,Post 2022,8/23/2022,Bayswater,HM Reference,9,0,0,8.75,2.5,0,37.5,0,0,0,0,0.5,0,0,0,0,0,0,0,0,0,0,0,0,0,0,0,0,0,0,0,0,0,0,0,0,0,0,0,0,0,0,0,0,49.25,0,62.5,2.5,18.75,0,0,0,0,0,0,0,0,0,0,0,0,0,0,0,0,0,0,0,0,0,0,0,0,0,0,0,0,0,0,0,0,0,0,0,0,0,50,0,0,0,0,0,0,0,0,0,0,0,0,0,0,0,0,0,0,0,0,0,0,0,0,0,0,0,0,0,0,0,0,0,0,0,0,0,0,0,0,0,3.801,,,Post 2022HM Reference
Bayswater_265,Reference,Post 2022,8/23/2022,Bayswater,HM Reference,10,0,0,0,8.75,0,62.5,0,0,0,0,0,0,18.75,0,0,0,0,0,0,0,0,0,0,0,0,0,0,0,0,0,0,0,0,0,0,0,0,0,0,0,0,0,0,90,8.75,0,2.5,37.5,0,0,0,0,0,0,0,0,0,0,0,0,0,0,0,0,0,0,0,0,0,0,0,0,0,0,0,0,0,0,0,0,0,0,0,0,0,0,0,0,0,0,0,0,0,0,0,0,0,0,0,0,0,0,0,0,0,0,0,0,0,0,0,0,0,0,0,0,0,0,0,0,0,0,0,0,0,0,0,3.767,,,Post 2022HM Reference
Bayswater_266,Reference,Post 2022,8/23/2022,Bayswater,HM Reference,11,0,0,0,18.75,2.5,62.5,0,0,2.5,0,2.5,0,0,0,0,0,0,0,0,0,0,0,0,0,0,0,0,0,0,0,0,0,0,0,0,0,0,0,0,0,0,0,0,88.75,0,37.5,8.75,18.75,0,0,0,0,0,0,0,0,0,0,0,0,0,0,0,0,0,0,0,0,0,0,0,0,0,0,0,0,0,0,0,0,0,0,0,0,0,50,0,0,0,0,0,0,0,0,0,0,0,0,0,0,0,0,0,0,0,0,0,0,0,0,0,0,0,0,0,0,0,0,0,0,0,0,0,0,0,0,0,3.791,,,Post 2022HM Reference
Bayswater_267,Reference,Post 2022,8/23/2022,Bayswater,HM Reference,12,0,0,37.5,37.5,0,0,0,0,0,0,0,0,0,0,0,0,0,0,0,0,0,0,0,0,0,0,0,0,0,0,0,0,0,0,0,0,0,0,0,0,0,0,0,75,0,0,2.5,18.75,0,0,0,0,0,0,0,0,0,0,0,0,0,0,0,0,0,0,0,0,0,0,0,200,0,0,0,0,0,0,0,0,0,0,0,0,0,800,0,0,0,0,0,0,0,0,0,0,0,0,0,0,0,0,0,0,0,0,0,0,0,0,0,0,0,0,0,0,0,0,0,0,0,0,0,0,0,0,0,3.636,,,Post 2022HM Reference
Bayswater_268,Reference,Post 2022,8/23/2022,Bayswater,HM Reference,13,0,0,0.5,8.75,0,18.75,0,0,0,0,0,0,0,0,0,0,0,0,0,0,0,0,0,0,0,0,0,0,0,0,0,0,0,0,0,0,0,0,0,0,0,0,0,28,0,87.5,2.5,0,0,0,0,0,0,0,0,0,0,0,0,0,0,0,0,0,0,0,0,0,0,0,0,0,0,0,0,0,0,0,0,0,0,0,0,0,0,0,0,0,0,0,0,0,0,0,0,0,0,0,0,0,0,0,0,0,0,0,0,0,0,0,0,0,0,0,0,0,0,0,0,0,0,0,0,0,0,0,0,3.753,,,Post 2022HM Reference
Bayswater_269,Reference,Post 2022,8/23/2022,Bayswater,HM Reference,14,0,0,62.5,37.5,0,0,0,0,0,0,0,0,0,0,0,0,0,0,0,0,8.75,0,0,0,0,0,0,0,0,0,0,0,0,0,0,0,0,0,0,0,0,0,0,108.75,0,2.5,8.75,18.75,0,0,0,0,0,0,0,0,0,0,0,0,0,0,0,0,0,0,0,0,0,0,0,800,0,0,0,0,0,0,0,0,0,0,0,0,0,600,0,0,0,0,0,0,0,0,0,0,0,0,0,0,0,0,0,0,0,0,0,0,0,0,0,0,0,0,0,0,0,0,0,0,0,0,0,0,0,0,0,3.545,,,Post 2022HM Reference
Bayswater_270,Reference,Post 2022,8/23/2022,Bayswater,HM Reference,15,0,0,37.5,62.5,0,37.5,0,0,0,0,0,0,0,0,0,0,0,0,0,0,0,0,0,0,0,0,0,0,0,0,0,0,0,0,0,0,0,0,0,0,0,0,0,137.5,0,0,2.5,8.75,0,0,0,0,0,0,0,0,0,0,0,0,0,0,0,0,0,0,0,0,0,0,0,1000,0,0,0,0,0,0,0,0,0,0,0,0,0,1000,0,0,0,0,0,0,0,0,0,0,0,0,0,0,0,0,0,0,0,0,0,0,0,0,0,0,0,0,0,0,0,0,0,0,0,0,0,0,0,0,0,3.477,,,Post 2022HM Reference
Bayswater_271,Restored,Post 2022,8/23/2022,Bayswater,LM Restored,1,0,8.75,0,0,0,0,0,0,0,0,0,0,0,0,0,0,0,0,0,0,0,0,0,0,0,0,0,0,0,0,0,0,0,0,0,0,0,0,0,0,0,0,0,8.75,87.5,0,2.5,2.5,5,0,0,0,0,0,0,0,0,0,0,0,0,0,0,0,0,0,0,0,0,0,0,0,0,0,0,0,0,0,0,0,0,0,0,0,0,0,0,0,0,0,0,0,0,0,0,0,0,0,0,0,0,0,0,0,0,0,0,0,0,0,0,0,0,0,0,0,0,0,0,0,0,0,0,0,0,0,0,2.524,,,Post 2022LM Restored
Bayswater_272,Restored,Post 2022,8/23/2022,Bayswater,LM Restored,2,0,8.75,0,2.5,0,0,2.5,0,0,0,37.5,8.75,0,0,0,0,0,0,0,0,0,0,0,0,0,0,0,0,0,0,0,0,0,0,0,0,0,0,0,0,0,0,0,60,62.5,0,0,0,6,0,0,0,0,0,0,0,0,6,0,9,15,14.5,3,3,8.9,4.1,3.6,4,2.4,2.5,3.32,0,0,0,0,0,0,0,0,0,0,0,0,0,0,4,0,0,0,0,0,0,0,0,0,0,0,0,0,0,0,0,0,0,0,0,0,0,0,0,0,0,0,0,0,0,0,0,0,0,0,0,0,0,0,0,0,2.821,,,Post 2022LM Restored
Bayswater_273,Restored,Post 2022,8/23/2022,Bayswater,LM Restored,3,0,87.5,0,0,0,0,0,0,0,0,0,0,0,0,0,0,0,0,0,0,0,0,0,0,0,0,0,0,0,0,0,0,0,0,0,0,0,0,0,0,0,0,0,87.5,18.75,0,0,0,3,1,5,0,0,0,0,0,0,62,0,45,39,48,47,63,48.4,7,5.4,6.2,5.6,5.5,5.94,0,0,0,0,0,0,0,0,0,0,0,0,0,0,0,0,0,0,0,0,0,0,0,0,0,0,0,0,0,0,0,0,0,0,0,0,0,0,0,0,0,0,0,0,0,0,0,0,0,0,0,0,0,0,0,0,1.836,,,Post 2022LM Restored
Bayswater_274,Restored,Post 2022,8/23/2022,Bayswater,LM Restored,4,0,8.75,18.75,18.75,0,0,0.5,0,0,0,0.5,2.5,0,0,0,0,0,0,0,0,8.75,0,0,0,0,0,0,0,0,0,0,0,0,0,0,0,0,0,0,0,0,0,0,58.5,37.5,0,0,2.5,12,0,0,0,0,0,0,0,0,23,0,5,1.5,3,4,5,3.7,2.8,2.4,2.4,2.7,1.6,2.38,100,0,0,0,0,0,0,0,0,0,0,0,0,0,175,0,0,0,0,0,0,0,0,0,0,0,0,0,0,0,0,0,0,0,0,0,0,0,0,0,0,0,0,0,0,0,0,0,0,0,0,0,0,0,0,0,2.79,,,Post 2022LM Restored
Bayswater_275,Restored,Post 2022,8/23/2022,Bayswater,LM Restored,5,0,62.5,0,0,0,0,2.5,0,0,0,0,0,0,0,0,0,0,0,0,0,0.5,0,0,0,0,0,0,0,0,0,0,0,0,0,0,0,0,0,0,0,0,0,0,65.5,18.75,0,0.5,8.75,3,0,0,0,0,0,0,0,0,63,0,12,13,22,15,17,15.8,4.8,4.1,7.1,0.1,4.8,4.18,0,0,0,0,0,0,0,0,0,0,0,0,0,0,0,0,0,0,0,0,0,0,0,0,0,0,0,0,0,0,0,0,0,0,0,0,0,0,0,0,0,0,0,0,0,0,0,0,0,0,0,0,0,0,0,0,2.215,,,Post 2022LM Restored
Bayswater_276,Restored,Post 2022,8/23/2022,Bayswater,LM Restored,6,0.5,8.75,8.75,18.75,0,2.5,2.5,0,0,0,8.75,0,0,0,0,0,0,0,0,0,62.5,0,0,0,0,0,0,0,0,0,0,0,0,0,0,0,0,0,0,0,0,0,0,113,37.5,0,0,2.75,8,0,0,0,0,0,0,0,0,0,0,0,0,0,0,0,0,0,0,0,0,0,0,0,0,0,0,0,0,0,0,0,0,0,0,0,0,53,0,0,0,0,0,0,0,0,0,0,0,0,0,0,0,0,0,0,0,0,0,0,0,0,0,0,0,0,0,0,0,0,0,0,0,0,0,0,0,0,0,2.97,,,Post 2022LM Restored
Bayswater_277,Restored,Post 2022,8/23/2022,Bayswater,LM Restored,7,0,18.75,0,0,0,0,62.5,0,0,0,0,0,0,0,0,0,0,0,0,0,8.75,0,0,0,0,0,0,0,0,0,0,0,0,0,0,0,0,0,0,0,0,0,0,90,37.5,0,0.5,0,12,0,0,0,0,0,0,0,0,19,0,30,5,6,6,3,10,5.9,3.5,3.5,3.8,3.5,4.04,0,0,0,0,0,0,0,0,0,0,0,0,0,0,0,0,0,0,0,0,0,0,0,0,0,0,0,0,0,0,0,0,0,0,0,0,0,0,0,0,0,0,0,0,0,0,0,0,0,0,0,0,0,0,0,0,2.676,,,Post 2022LM Restored
Bayswater_278,Restored,Post 2022,8/23/2022,Bayswater,LM Restored,8,0.5,2.5,18.75,2.5,0,0,37.5,0,0,0,0,0,0,0,0,0,0,0,0,0,0,0,0,0,0,0,0,0,0,0,0,0,0,0,0,0,0,0,0,0,0,0,0,61.75,37.5,0,0,0,12,0,0,0,0,0,0,0,0,5,0,30,8,3,19,6,13.2,3.9,3,3,3.6,2.2,3.14,25,0,0,0,0,0,0,0,0,0,0,0,0,0,7,0,0,0,0,0,0,0,0,0,0,0,0,0,0,0,0,0,0,0,0,0,0,0,0,0,0,0,0,0,0,0,0,0,0,0,0,0,0,0,0,0,3.032,,,Post 2022LM Restored
Bayswater_279,Restored,Post 2022,8/23/2022,Bayswater,LM Restored,9,0,2.5,2.5,0,0,0,62.5,0,0,0,0,0.5,0,0,0,0,0,0,0,0,2.5,0,0,0,0,0,0,0,0,0,0,0,0,0,0,0,0,0,0,0,0,0,0,70.5,18.75,0,0,0,10,0,0,0,0,0,0,0,0,5,0,10,30.8,6,5,3,10.96,4,3.9,2.8,2.4,2.5,3.12,0,0,0,0,0,0,0,0,0,0,0,0,0,0,0,0,0,0,0,0,0,0,0,0,0,0,0,0,0,0,0,0,0,0,0,0,0,0,0,0,0,0,0,0,0,0,0,0,0,0,0,0,0,0,0,0,2.838,,,Post 2022LM Restored
Bayswater_280,Restored,Post 2022,8/23/2022,Bayswater,LM Restored,10,0,37.5,18.75,18.75,0,0,8.75,0,0,0,18.75,0,0,0,0,0,0,0,0,0,0,0,0,0,0,0,0,0,0,0,0,0,0,0,0,0,0,0,0,0,0,0,0,102.5,18.75,0,2.5,2.5,12,0,0,0,0,0,0,0,0,29,0,25,37,40,31,41,34.8,5,7.5,7.1,6.5,8.2,6.86,0,0,0,0,0,0,0,0,0,0,0,0,0,0,30,0,0,0,0,0,0,0,0,0,0,0,0,0,0,0,0,0,0,0,0,0,0,0,0,0,0,0,0,0,0,0,0,0,0,0,0,0,0,0,0,0,2.779,,,Post 2022LM Restored
Bayswater_281,Restored,Post 2022,8/23/2022,Bayswater,LM Restored,11,0,67.5,0,0,0,0,2.5,0,0,0,0,0,0,0,0,0,0,0,0,0,0,0,0,0,0,0,0,0,0,0,0,0,0,0,0,0,0,0,0,0,0,0,0,70,18.75,8.75,2.75,0,4,0,0,0,0,0,0,0,0,47,0,38.5,16,16,15.5,26,22.4,7,5.9,7,6,7.1,6.6,0,0,0,0,0,0,0,0,0,0,0,0,0,0,0,0,0,0,0,0,0,0,0,0,0,0,0,0,0,0,0,0,0,0,0,0,0,0,0,0,0,0,0,0,0,0,0,0,0,0,0,0,0,0,0,0,2.628,,,Post 2022LM Restored
Bayswater_282,Restored,Post 2022,8/23/2022,Bayswater,LM Restored,12,0,37.5,0,0,0,0,2.5,0,0,0,18.75,0,0,0,0,0,0,0,0,0,37.5,0,0,0,0,0,0,0,0,0,0,0,0,0,0,0,0,0,0,0,0,0,0,96.25,18.75,0,2.5,0,12,0,0,0,0,0,0,0,0,26,0,51,17,21,7,5.5,20.3,5,3.9,5.5,3.5,3.5,4.28,0,0,0,0,0,0,0,0,0,0,0,0,0,0,0,0,0,0,0,0,0,0,0,0,0,0,0,0,0,0,0,0,0,0,0,0,0,0,0,0,0,0,0,0,0,0,0,0,0,0,0,0,0,0,0,0,2.593,,,Post 2022LM Restored
Bayswater_283,Restored,Post 2022,8/23/2022,Bayswater,LM Restored,13,0,37.5,0,0,0,0,2.5,0,0,0,0,0,0,0,0,0,0,0,0,0,37.5,0,0,0,0,0,0,0,0,0,0,0,0,0,0,0,0,0,0,0,0,0,0,77.5,18.75,18.75,2.5,0,7,0,0,0,0,0,0,0,0,10,0,6,8,8,6.5,24.5,10.6,4,3.4,3.3,6.5,4.4,4.32,0,0,0,0,0,0,0,0,0,0,0,0,0,0,0,0,0,0,0,0,0,0,0,0,0,0,0,0,0,0,0,0,0,0,0,0,0,0,0,0,0,0,0,0,0,0,0,0,0,0,0,0,0,0,0,0,2.483,,,Post 2022LM Restored
Bayswater_284,Restored,Post 2022,8/23/2022,Bayswater,LM Restored,14,0,37.5,0,0,0,0,0,0,0,0,0,0,0,0,0,0,0,0,0,0,0,0,0,0,0,0,0,0,0,0,0,0,0,0,0,0,0,0,0,0,0,0,0,37.5,18.75,18.75,8.75,8.75,7,0,0,0,0,0,0,0,0,26,0,96,55.5,10,65.5,41.5,53.7,6,5.7,3.2,6,4.5,5.08,0,0,0,0,0,0,0,0,0,0,0,0,0,0,0,0,0,0,0,0,0,0,0,0,0,0,0,0,0,0,0,0,0,0,0,0,0,0,0,0,0,0,0,0,0,0,0,0,0,0,0,0,0,0,0,0,2.692,,,Post 2022LM Restored
Bayswater_285,Restored,Post 2022,8/23/2022,Bayswater,LM Restored,15,0,2.5,0,0.5,0,0,0,0,0,0,0,0,0,0,0,0,0,0,0,0,0.5,0,0,0,0,0,0,0,0,0,0,0,0,0,0,0,0,0,0,0,0,0,0,3.5,87.5,0,2.5,0,4,0,0,0,0,0,0,0,0,0,0,0,0,0,0,0,0,0,0,0,0,0,0,0,0,0,0,0,0,0,0,0,0,0,0,0,0,0,0,0,0,0,0,0,0,0,0,0,0,0,0,0,0,0,0,0,0,0,0,0,0,0,0,0,0,0,0,0,0,0,0,0,0,0,0,0,0,0,0,2.727,,,Post 2022LM Restored
Bayswater_286,Reference,Post 2022,8/23/2022,Bayswater,LM Reference,1,0,62.5,0,0,0,0,0,0,0,0,0,0,0,0,0,0,0,0,0,0,0,0,0,0,0,0,0,0,0,0,0,0,0,0,0,0,0,0,0,0,0,0,0,62.5,37.5,0,8.75,2.5,8,0,35,0,0,0,0,0,0,35,0,96,81,69.5,104.5,88.5,87.9,7.7,7.4,6.9,6.6,6.5,7.02,0,0,0,0,0,0,0,0,0,0,0,0,0,0,0,0,0,0,0,0,0,0,0,0,0,0,0,0,0,0,0,0,0,0,0,0,0,0,0,0,0,0,0,0,0,0,0,0,0,0,0,0,0,0,0,0,1.569,,,Post 2022LM Reference
Bayswater_287,Reference,Post 2022,8/23/2022,Bayswater,LM Reference,2,0,62.5,0,0,0,0,0,0,0,0,0,0,0,0,0,0,0,0,0,0,0,0,0,0,0,0,0,0,0,0,0,0,0,0,0,0,0,0,0,0,0,0,0,62.5,18.75,0,2.5,18.75,0,0,30,0,0,0,0,0,0,61,0,114,120,117.5,115.5,136,120.6,6,7.5,5.5,5.6,6.6,6.24,0,0,0,0,0,0,0,0,0,0,0,0,0,0,0,0,0,0,0,0,0,0,0,0,0,0,0,0,0,0,0,0,0,0,0,0,0,0,0,0,0,0,0,0,0,0,0,0,0,0,0,0,0,0,0,0,1.8,,,Post 2022LM Reference
Bayswater_288,Reference,Post 2022,8/23/2022,Bayswater,LM Reference,3,0,87.5,0,0,0,0,0,0,0,0,0,0,0,0,0,0,0,0,0,0,0,0,0,0,0,0,0,0,0,0,0,0,0,0,0,0,0,0,0,0,0,0,0,87.5,18.75,0,8.75,0,12,0,200,0,0,0,0,0,0,39,0,163.5,67,160,45.5,159,119,8,5.7,7,3.2,5.4,5.86,0,0,0,0,0,0,0,0,0,0,0,0,0,0,0,0,0,0,0,0,0,0,0,0,0,0,0,0,0,0,0,0,0,0,0,0,0,0,0,0,0,0,0,0,0,0,0,0,0,0,0,0,0,0,0,0,0.971,,,Post 2022LM Reference
Bayswater_289,Reference,Post 2022,8/23/2022,Bayswater,LM Reference,4,0,62.5,0,0,0,0,0,0,0,0,0,0,0,0,0,0,0,0,0,0,0,0,0,0,0,0,0,0,0,0,0,0,0,0,0,0,0,0,0,0,0,0,0,62.5,37.5,0,2.5,0,4,0,28,0,0,0,0,0,0,39,0,116,103.5,38.5,10,84.5,70.5,5.5,8,4.5,2.6,5.6,5.24,0,0,0,0,0,0,0,0,0,0,0,0,0,0,0,0,0,0,0,0,0,0,0,0,0,0,0,0,0,0,0,0,0,0,0,0,0,0,0,0,0,0,0,0,0,0,0,0,0,0,0,0,0,0,0,0,1.452,,,Post 2022LM Reference
Bayswater_290,Reference,Post 2022,8/23/2022,Bayswater,LM Reference,5,0,37.5,0,0,0,0,18.75,0,0,0,0,0,0,0,0,0,0,0,0,0,37.5,0,0,0,0,0,0,0,0,0,0,0,0,0,0,0,0,0,0,0,0,0,0,93.75,18.75,0,0,8.75,3,0,108,0,0,0,0,0,0,61,0,43,8,7.5,34,56.5,29.8,5.1,2,1.7,5.6,5.5,3.98,0,0,0,0,0,0,0,0,0,0,0,0,0,0,0,0,0,0,0,0,0,0,0,0,0,0,0,0,0,0,0,0,0,0,0,0,0,0,0,0,0,0,0,0,0,0,0,0,0,0,0,0,0,0,0,0,1.767,,,Post 2022LM Reference
Bayswater_291,Reference,Post 2022,8/23/2022,Bayswater,LM Reference,6,0,62.5,0,0,0,0,0,0,0,0,0,0,0,0,0,0,0,0,0,0,8.75,0,0,0,0,0,0,0,0,0,0,0,0,0,0,0,0,0,0,0,0,0,0,71.25,37.5,0,8.75,0,7,0,108,0,0,0,0,0,0,61,0,71,27,13,29,115,51,5.5,3,4,4.4,5.2,4.42,0,0,0,0,0,0,0,0,0,0,0,0,0,0,0,0,0,0,0,0,0,0,0,0,0,0,0,0,0,0,0,0,0,0,0,0,0,0,0,0,0,0,0,0,0,0,0,0,0,0,0,0,0,0,0,0,2.174,,,Post 2022LM Reference
Bayswater_292,Reference,Post 2022,8/23/2022,Bayswater,LM Reference,7,0,8.75,0,2.5,0,0,0,0,0,0,0,0,0,0,0,0,0,0,0,0,0,0,0,0,0,0,0,0,0,0,0,0,0,0,0,0,0,0,0,0,0,0,0,11.25,87.5,0,0,0,3,0,3,0,0,0,0,0,0,1,0,9,0,0,0,0,1.8,7.1,0,0,0,0,1.42,0,0,0,0,0,0,0,0,0,0,0,0,0,0,0,0,0,0,0,0,0,0,0,0,0,0,0,0,0,0,0,0,0,0,0,0,0,0,0,0,0,0,0,0,0,0,0,0,0,0,0,0,0,0,0,0,2.376,,,Post 2022LM Reference
Bayswater_293,Reference,Post 2022,8/23/2022,Bayswater,LM Reference,8,0,62.5,0,0,0,0,8.75,0,0,0,0,0,0,0,0,0,0,0,0,0,0,0,0,0,0,0,0,0,0,0,0,0,0,0,0,0,0,0,0,0,0,0,0,71.25,37.5,0,2.5,0,10,1,155,0,0,0,0,0,0,84,0,73,79,120,20,74,73.2,3.9,4.1,6.7,2.7,4.1,4.3,0,0,0,0,0,0,0,0,0,0,0,0,0,0,0,0,0,0,0,0,0,0,0,0,0,0,0,0,0,0,0,0,0,0,0,0,0,0,0,0,0,0,0,0,0,0,0,0,0,0,0,0,0,0,0,0,1.427,,,Post 2022LM Reference
Bayswater_294,Reference,Post 2022,8/23/2022,Bayswater,LM Reference,9,0,62.5,0,0,0,0,0,0,0,0,0,0,0,0,0,0,0,0,0,0,0,0,0,0,0,0,0,0,0,0,0,0,0,0,0,0,0,0,0,0,0,0,0,62.5,37.5,0,0,0,4,1,110,0,0,0,0,0,0,49,0,147.5,171,122,131,175.5,149.4,6.2,5.6,4.4,4.3,4.4,4.98,0,0,0,0,0,0,0,0,0,0,0,0,0,0,0,0,0,0,0,0,0,0,0,0,0,0,0,0,0,0,0,0,0,0,0,0,0,0,0,0,0,0,0,0,0,0,0,0,0,0,0,0,0,0,0,0,0.29,,,Post 2022LM Reference
Bayswater_295,Reference,Post 2022,8/23/2022,Bayswater,LM Reference,10,0,37.5,0,0,0,0,2.5,0,0,0,0,0,0,0,0,0,0,0,0,0,0,0,0,0,0,0,0,0,0,0,0,0,0,0,0,0,0,0,0,0,0,0,0,40,62.5,0,2.5,8.75,6,0,0,0,0,0,0,0,0,50,0,6,42,79,26.5,125.5,55.8,4.5,8.9,5.8,3.6,7.2,6,0,0,0,0,0,0,0,0,0,0,0,0,0,0,0,0,0,0,0,0,0,0,0,0,0,0,0,0,0,0,0,0,0,0,0,0,0,0,0,0,0,0,0,0,0,0,0,0,0,0,0,0,0,0,0,0,1.279,,,Post 2022LM Reference
Bayswater_296,Reference,Post 2022,8/23/2022,Bayswater,LM Reference,11,0,62.5,0,0,0,0,0,0,0,0,0,0,0,0,0,0,0,0,0,0,0,0,0,0,0,0,0,0,0,0,0,0,0,0,0,0,0,0,0,0,0,0,0,62.5,0,37.5,18.75,0,2,0,29,0,0,0,0,0,0,65,0,50,53,55,51.5,90,59.9,5.9,5.5,3.5,4.5,4.8,4.84,0,0,0,0,0,0,0,0,0,0,0,0,0,0,0,0,0,0,0,0,0,0,0,0,0,0,0,0,0,0,0,0,0,0,0,0,0,0,0,0,0,0,0,0,0,0,0,0,0,0,0,0,0,0,0,0,1.949,,,Post 2022LM Reference
Bayswater_297,Reference,Post 2022,8/23/2022,Bayswater,LM Reference,12,0,62.5,0,0,0,0,0,0,0,0,0,0,0,0,0,0,0,0,0,0,0,0,0,0,0,0,0,0,0,0,0,0,0,0,0,0,0,0,0,0,0,0,0,62.5,37.5,0,2.5,0,6,0,105,0,0,0,0,0,0,52,0,26,46,69.5,120,63,64.9,4.8,5.4,5.6,8,4.2,5.6,0,0,0,0,0,0,0,0,0,0,0,0,0,0,0,0,0,0,0,0,0,0,0,0,0,0,0,0,0,0,0,0,0,0,0,0,0,0,0,0,0,0,0,0,0,0,0,0,0,0,0,0,0,0,0,0,1.511,,,Post 2022LM Reference
Bayswater_298,Reference,Post 2022,8/23/2022,Bayswater,LM Reference,13,0,37.5,0,0,0,0,0,0,0,0,0,0,0,0,0,0,0,0,0,0,18.75,0,0,0,0,0,0,0,0,0,0,0,0,0,0,0,0,0,0,0,0,0,0,56.25,62.5,2.5,8.75,0,10,0,70,0,0,0,0,0,0,70,0,9.5,31.5,75.5,61,8.5,37.2,2.6,4.2,5.8,3.8,1.8,3.64,0,0,0,0,0,0,0,0,0,0,0,0,0,0,0,0,0,0,0,0,0,0,0,0,0,0,0,0,0,0,0,0,0,0,0,0,0,0,0,0,0,0,0,0,0,0,0,0,0,0,0,0,0,0,0,0,2.1,,,Post 2022LM Reference
Bayswater_299,Reference,Post 2022,8/23/2022,Bayswater,LM Reference,14,0,87.5,0,0,0,0,0,0,0,0,0,0,0,0,0,0,0,0,0,0,0,0,0,0,0,0,0,0,0,0,0,0,0,0,0,0,0,0,0,0,0,0,0,87.5,8.75,2.5,0,0,0,0,15,0,0,0,0,0,0,141,0,73,77.5,91,61.5,74.5,75.5,6.5,4.5,5.1,4.9,4.5,5.1,0,0,0,0,0,0,0,0,0,0,0,0,0,0,0,0,0,0,0,0,0,0,0,0,0,0,0,0,0,0,0,0,0,0,0,0,0,0,0,0,0,0,0,0,0,0,0,0,0,0,0,0,0,0,0,0,2.455,,,Post 2022LM Reference
Bayswater_300,Reference,Post 2022,8/23/2022,Bayswater,LM Reference,15,0,87.5,0,0,0,0,0,0,0,0,0,0,0,0,0,0,0,0,0,0,0,0,0,0,0,0,0,0,0,0,0,0,0,0,0,0,0,0,0,0,0,0,0,87.5,18.75,0,0,0,20,0,20,0,0,0,0,0,0,130,0,71,78.5,87,65,95.5,79.4,6,5.6,6.6,4.3,6.4,5.78,0,0,0,0,0,0,0,0,0,0,0,0,0,0,0,0,0,0,0,0,0,0,0,0,0,0,0,0,0,0,0,0,0,0,0,0,0,0,0,0,0,0,0,0,0,0,0,0,0,0,0,0,0,0,0,0,2.157,,,Post 2022LM Reference
Bayswater_301,Restored,Post 2023,8/9/2023,Bayswater,HM Restored,1,0,0,0,0,0,0,0,0,0,0,0,0,0,0,0,0,0,0,0,0,0,0,0,0,0,0,0,0,0,0,0,0,0,0,0,0,0,0,0,0,0,0,0,0,87.5,0,8.75,0,0,0,0,,,,,,0,0,0,0,0,0,0,0,0,0,0,0,0,0,0,0,0,0,0,0,0,0,0,0,0,0,0,0,0,0,0,0,0,0,0,0,0,0,0,0,0,0,0,0,0,0,0,0,0,0,0,0,0,0,0,0,0,0,0,0,0,0,0,0,0,0,0,0,0,0,0,3.232,,,Post 2023HM Restored
Bayswater_302,Restored,Post 2023,8/9/2023,Bayswater,HM Restored,2,0,2.5,18.75,62.5,0,0,0,0,0,0,0.5,0,0,0,0,0,0,0,0,0,0,0,0,0,0,0,0,0,0,0,0,0,0,0,0,0,0,0,0,0,0,0,0,84.25,2.5,0,2.5,0,2,0,0,,,,,,0,3,,8,6.5,3,0,0,3.5,5.4,4.2,5,0,0,2.92,0,0,0,0,0,0,0,0,0,0,0,0,0,0,0,0,0,0,0,0,0,0,0,0,0,0,0,0,0,0,0,0,0,0,0,0,0,0,0,0,0,0,0,0,0,0,0,0,0,0,0,0,0,0,0,0,3.023,,,Post 2023HM Restored
Bayswater_303,Restored,Post 2023,8/9/2023,Bayswater,HM Restored,3,0.5,0,8.75,8.75,0,18.75,0,0,0,0,2.5,0,0,0,0,0,0,0,0,0,2.5,0,0,0,0,0,0,0,0,0,0,0,0,0,0,0,0,0,0,0,0,0,0,41.75,18.75,37.5,8.75,0,2,0,0,,,,,,0,0,0,0,0,0,0,0,0,0,0,0,0,0,0,0,0,0,0,0,0,0,0,0,0,0,0,0,0,0,0,0,0,0,0,0,0,0,0,0,0,0,0,0,0,0,0,0,0,0,0,0,0,0,0,0,0,0,0,0,0,0,0,0,0,0,0,0,0,0,0,3.628,,,Post 2023HM Restored
Bayswater_304,Restored,Post 2023,8/9/2023,Bayswater,HM Restored,4,0,0,18.75,18.75,0,0.5,0,0,0,0,2.5,18.75,0,0,0,0,0,0,0,0,18.75,0,0,0,0,0,0,0,0,0,0,0,0,0,0,0,0,0,0,0,0,0,0,78,37.5,2.5,2.5,0,11,0,0,,,,,,0,0,0,0,0,0,0,0,0,0,0,0,0,0,0,0,0,0,0,0,0,0,0,0,0,0,0,0,0,0,0,0,0,0,0,0,0,0,0,0,0,0,0,0,0,0,0,0,0,0,0,0,0,0,0,0,0,0,0,0,0,0,0,0,0,0,0,0,0,0,0,3.334,,,Post 2023HM Restored
Bayswater_305,Restored,Post 2023,8/9/2023,Bayswater,HM Restored,5,0,0,87.5,0.5,0,0,0,0,0,0,0,0,0,0,0,0,0,0,0,0,8.75,0,0,0,0,0,0,0,0,0,0,0,0,0,0,0,0,0,0,0,0,0,0,96.75,0,0,0,0,0,0,0,,,,,,0,0,0,0,0,0,0,0,0,0,0,0,0,0,0,0,0,0,0,0,0,0,0,0,0,0,0,0,0,0,0,0,0,0,0,0,0,0,0,0,0,0,0,0,0,0,0,0,0,0,0,0,0,0,0,0,0,0,0,0,0,0,0,0,0,0,0,0,0,0,0,3.182,,,Post 2023HM Restored
Bayswater_306,Restored,Post 2023,8/9/2023,Bayswater,HM Restored,6,0,0,37.5,2.5,0,0.5,0,0,0,0,0,2.5,0,0,0,0,0,0,0,0,8.75,0,0,0,0,0,0,0,0,0,0,0,0,0,0,0,0,0,0,0,0,0,0,51.75,37.5,0,0.5,0.5,4,0,0,,,,,,0,0,0,0,0,0,0,0,0,0,0,0,0,0,0,0,0,0,0,0,0,0,0,0,0,0,0,0,0,0,0,0,0,0,0,0,0,0,0,0,0,0,0,0,0,0,0,0,0,0,0,0,0,0,0,0,0,0,0,0,0,0,0,0,0,0,0,0,0,0,0,3.314,,,Post 2023HM Restored
Bayswater_307,Restored,Post 2023,8/9/2023,Bayswater,HM Restored,7,0,0,37.5,62.5,0,0,0,0,0,0,0,0,0,0,0,0,0,0,0,0,0,0,0,0,0,0,0,0,0,0,0,0,0,0,0,0,0,0,0,0,0,0,0,100,2.5,0.5,0,2.5,2,0,0,,,,,,0,0,0,0,0,0,0,0,0,0,0,0,0,0,0,0,0,0,0,0,0,0,0,0,0,0,0,0,0,0,0,0,0,0,0,0,0,0,0,0,0,0,0,0,0,0,0,0,0,0,0,0,0,0,0,0,0,0,0,0,0,0,0,0,0,0,0,0,0,0,0,3.286,,,Post 2023HM Restored
Bayswater_308,Restored,Post 2023,8/9/2023,Bayswater,HM Restored,8,0,0,18.75,37.5,0,37.5,0,0,0,0,0,0,0,0,0,0,0,0,0,0,2.5,0,0,0,0,0,0,0,0,0,0,0,0,0,0,0,0,0,0,0,0,0,0,96.25,18.75,18.75,0.5,0,1,0,0,,,,,,0,0,0,0,0,0,0,0,0,0,0,0,0,0,0,0,0,0,0,0,0,0,0,0,0,0,0,0,0,0,0,0,0,0,0,0,0,0,0,0,0,0,0,0,0,0,0,0,0,0,0,0,0,0,0,0,0,0,0,0,0,0,0,0,0,0,0,0,0,0,0,3.602,,,Post 2023HM Restored
Bayswater_309,Restored,Post 2023,8/9/2023,Bayswater,HM Restored,9,0,0,37.5,8.75,2.5,37.5,0,0,0,0,2.5,0.5,0,0,0,0,0,0,0,0,0,0,0,0,0,2.5,0,0,0,0,0,0,0,0,0,0,0,0,0,0,0,0,0,91.75,8.75,0,8.75,0,0,0,0,,,,,,0,0,0,0,0,0,0,0,0,0,0,0,0,0,0,0,0,0,0,0,0,0,0,0,0,0,0,0,0,0,0,0,0,0,0,0,0,0,0,0,0,0,0,0,0,0,0,0,0,0,0,0,0,0,0,0,0,0,0,0,0,0,0,0,0,0,0,0,0,0,0,4.372,,,Post 2023HM Restored
Bayswater_310,Restored,Post 2023,8/9/2023,Bayswater,HM Restored,10,0,0,62.5,18.75,0,37.5,0,0,0,0,0.5,0,0,0,0,0,0,0,0,0,0,0,0,0,0,0.5,0,0,0,0,0,0,0,0,0,0,0.5,0,0,0,0,0,0,120.25,8.75,0,0,0,0,0,0,,,,,,0,0,0,0,0,0,0,0,0,0,0,0,0,0,0,0,0,0,0,0,0,0,0,0,0,0,0,0,0,0,0,0,0,0,0,0,0,0,0,0,0,0,0,0,0,0,0,0,0,0,0,0,0,0,0,0,0,0,0,0,0,0,0,0,0,0,0,0,0,0,0,4.38,,,Post 2023HM Restored
Bayswater_311,Restored,Post 2023,8/9/2023,Bayswater,HM Restored,11,0,0,62.5,8.75,2.5,37.5,0,0,0,0,0,0,0,0,0,0,0,0,0,0,0,0,0,0,0,0,0,0,0,0,0,0,0,0,0,0,0,0,0,0,0,0,0,111.25,0,8.75,0.5,0.5,0,0,0,,,,,,0,0,0,0,0,0,0,0,0,0,0,0,0,0,0,0,0,0,0,0,0,0,0,0,0,0,0,0,0,0,0,0,0,0,0,0,0,0,0,0,0,0,0,0,0,0,0,0,0,0,0,0,0,0,0,0,0,0,0,0,0,0,0,0,0,0,0,0,0,0,0,4.15,,,Post 2023HM Restored
Bayswater_312,Restored,Post 2023,8/9/2023,Bayswater,HM Restored,12,0,0,8.75,18.75,8.75,62.5,0,0,0,0,0,0,0,0,0,0,0,0,0,0,0,0,0,0,0,0,0,0,0,0,0,0,0,0,0,0,0,0,0,0,0,0,0,98.75,2.5,37.5,2.5,18.75,0,0,0,,,,,,0,0,0,0,0,0,0,0,0,0,0,0,0,0,0,0,0,0,0,0,0,0,0,0,0,0,0,0,0,0,0,0,0,0,0,0,0,0,0,0,0,0,0,0,0,0,0,0,0,0,0,0,0,0,0,0,0,0,0,0,0,0,0,0,0,0,0,0,0,0,0,4.284,,,Post 2023HM Restored
Bayswater_313,Restored,Post 2023,8/9/2023,Bayswater,HM Restored,13,0,0,8.75,18.75,2.5,62.5,0,0,0.5,0,0.5,0,0,0,0,0,0,0,0,0,0,0,0,0,0,0,0,0,0,0,0,0,0,0,0,0,0,0,0,0,0,0,0,93.5,0,37.5,8.75,0,0,0,0,,,,,,0,0,0,0,0,0,0,0,0,0,0,0,0,0,0,0,0,0,0,0,0,0,0,0,0,0,0,0,0,0,0,0,0,0,0,0,0,0,0,0,0,0,0,0,0,0,0,0,0,0,0,0,0,0,0,0,0,0,0,0,0,0,0,0,0,0,0,0,0,0,0,4.415,,,Post 2023HM Restored
Bayswater_314,Restored,Post 2023,8/9/2023,Bayswater,HM Restored,14,0,0,0,0,0,0,0,0,0,0,0,0,0,0,0,0,0,0,0,0,0,0,0,0,0,0,0,0,0,0,0,0,0,0,0,0,0,0,0,0,0,0,0,0,0,87.5,8.75,0,0,0,0,,,,,,0,0,0,0,0,0,0,0,0,0,0,0,0,0,0,0,0,0,0,0,0,0,0,0,0,0,0,0,0,0,0,0,0,0,0,0,0,0,0,0,0,0,0,0,0,0,0,0,0,0,0,0,0,0,0,0,0,0,0,0,0,0,0,0,0,0,0,0,0,0,0,3.854,,,Post 2023HM Restored
Bayswater_315,Restored,Post 2023,8/9/2023,Bayswater,HM Restored,15,8.75,0,2.5,18.75,0,0,0,0,0,0,0,0,0,0,0,0,0,0,0,0,8.75,0,0,0,0,0,0,0,0,0,0,0,0,0,0,0,0,0,0,0,0,0,0,38.75,37.5,37.5,8.75,0,18,0,0,,,,,,0,0,0,0,0,0,0,0,0,0,0,0,0,0,0,0,0,0,0,0,0,0,0,0,0,0,0,0,0,0,0,0,0,0,0,0,0,0,0,0,0,0,0,0,0,0,0,0,0,0,0,0,0,0,0,0,0,0,0,0,0,0,0,0,0,0,0,0,0,0,0,3.954,,,Post 2023HM Restored
Bayswater_316,Reference,Post 2023,8/9/2023,Bayswater,HM Reference,1,8.75,0,0,0,2.5,18.75,0,0,0,0,0,0,0,0,0,0,0,0,0,0,0,0,0,0,0,0,0,0,0,0,0,0,0,0,0,0,0,0,18.75,0,0,0,0,48.75,0,0,8.75,87.5,0,0,0,,,,,,0,0,0,0,0,0,0,0,0,0,0,0,0,0,0,0,0,0,0,0,0,0,0,0,0,0,0,0,0,0,0,0,0,0,0,0,0,0,0,0,0,0,0,0,0,0,0,0,0,0,0,0,0,0,0,0,0,0,0,0,0,0,0,0,0,0,0,0,0,0,0,4.694,,,Post 2023HM Reference
Bayswater_317,Reference,Post 2023,8/9/2023,Bayswater,HM Reference,2,0,0,37.5,0.5,0,37.5,0,0,0.5,0,18.75,0,0,0,0,0,0,0,0,0,0,0,0,0,0,0,0,0,0,0,0,0,0,0,0,0,0,0,0,0,0,0,0,94.75,18.75,0,8.75,0,0,0,0,,,,,,0,0,0,0,0,0,0,0,0,0,0,0,0,0,0,0,0,0,0,0,0,0,0,0,0,0,0,0,0,0,0,0,0,0,0,0,0,0,0,0,0,0,0,0,0,0,0,0,0,0,0,0,0,0,0,0,0,0,0,0,0,0,0,0,0,0,0,0,0,0,0,4.38,,,Post 2023HM Reference
Bayswater_318,Reference,Post 2023,8/9/2023,Bayswater,HM Reference,3,2.5,0,8.75,8.75,0,37.5,0,0,0,0,8.75,0,0,0,0,0,0,0,0,0,0,0,0,0,0,0,0,0,0,0,0,0,0,0,0,0,0,0,0,0,0,0,0,66.25,18.75,18.75,8.75,2.5,1,0,0,,,,,,0,0,0,0,0,0,0,0,0,0,0,0,0,0,0,0,0,0,0,0,0,0,0,0,0,0,0,0,0,0,0,0,0,0,0,0,0,0,0,0,0,0,0,0,0,0,0,0,0,0,0,0,0,0,0,0,0,0,0,0,0,0,0,0,0,0,0,0,0,0,0,3.894,,,Post 2023HM Reference
Bayswater_319,Reference,Post 2023,8/9/2023,Bayswater,HM Reference,4,18.75,0,0,8.75,0,37.5,0,0,0,0,0,0,0,0,0,0,0,0,0,0,0,0,0,0,0,0,0,0,0,0,0,0,0,0,0,0,0,0,0,0,0,0,0,65,18.75,37.5,8.75,37.5,0,0,0,,,,,,0,0,0,0,0,0,0,0,0,0,0,0,0,0,0,0,0,0,0,0,0,0,0,0,0,0,0,0,0,0,0,0,0,0,0,0,0,0,0,0,0,0,0,0,0,0,0,0,0,0,0,0,0,0,0,0,0,0,0,0,0,0,0,0,0,0,0,0,0,0,0,4.198,,,Post 2023HM Reference
Bayswater_320,Reference,Post 2023,8/9/2023,Bayswater,HM Reference,5,0,0,0,18.75,0,62.5,0,0,0,0,0,0,0,0,0,0,0,0,0,0,0,0,0,0,0,0,0,0,0,0,0,0,0,0,0,0,0,0,0,0,0,0,0,81.25,62.5,0,0.5,0,24,0,0,,,,,,0,0,0,0,0,0,0,0,0,0,0,0,0,0,0,0,0,0,0,0,0,0,0,0,0,0,0,0,0,0,0,0,0,0,0,0,0,0,0,0,0,0,0,0,0,0,0,0,0,0,0,0,0,0,0,0,0,0,0,0,0,0,0,0,0,0,0,0,0,0,0,3.612,,,Post 2023HM Reference
Bayswater_321,Reference,Post 2023,8/9/2023,Bayswater,HM Reference,6,0,0,0,0.5,0,62.5,0,0,0,0,18.75,0,0,0,0,0,0,0,0,0,0,0,0,0,0,0,0,0,0,0,0,0,0,0,0,0,0,0,0,0,0,0,0,81.75,0,37.5,2.5,37.5,0,0,0,,,,,,0,0,0,0,0,0,0,0,0,0,0,0,0,0,0,0,0,0,0,0,0,0,0,0,0,0,0,0,0,0,0,0,0,0,0,0,0,0,0,0,0,0,0,0,0,0,0,0,0,0,0,0,0,0,0,0,0,0,0,0,0,0,0,0,0,0,0,0,0,0,0,3.847,,,Post 2023HM Reference
Bayswater_322,Reference,Post 2023,8/9/2023,Bayswater,HM Reference,7,0,0,0,2.5,0,62.5,0,0,2.5,0,18.75,0,0,0,0,0,0,0,0,0,0,0,0,0,0,0,0,0,0,0,0,0,0,0,0,0,0,0,0,0,0,0,0,86.25,8.75,37.5,18.75,0,0,0,0,,,,,,0,0,0,0,0,0,0,0,0,0,0,0,0,0,0,0,0,0,0,0,0,0,0,0,0,0,0,0,0,0,0,0,0,0,0,0,0,0,0,0,0,0,0,0,0,0,0,0,0,0,0,0,0,0,0,0,0,0,0,0,0,0,0,0,0,0,0,0,0,0,0,4.171,,,Post 2023HM Reference
Bayswater_323,Reference,Post 2023,8/9/2023,Bayswater,HM Reference,8,0,0,0,0.5,0,87.5,0,0,0,0,0,0,0,0,0,0,0,0,0,0,0,0,0,0,0,0,0,0,0,0,0,0,0,0,0,0,0,0,0,0,0,0,0,88,0.5,37.5,18.75,0,0,0,0,,,,,,0,0,0,0,0,0,0,0,0,0,0,0,0,0,0,0,0,0,0,0,0,0,0,0,0,0,0,0,0,0,0,0,0,0,0,0,0,0,0,0,0,0,0,0,0,0,0,0,0,0,0,0,0,0,0,0,0,0,0,0,0,0,0,0,0,0,0,0,0,0,0,3.948,,,Post 2023HM Reference
Bayswater_324,Reference,Post 2023,8/9/2023,Bayswater,HM Reference,9,0,0,2.5,0,0,62.5,0,0,0,0,0.5,0,0,0,0,0,0,0,0,0,0,0,0,0,0,0,0,0,0,0,0,0,0,0,0,0,0,0,0,0,0,0,0,65.5,2.5,62.5,8.75,0,0,0,0,,,,,,0,0,0,0,0,0,0,0,0,0,0,0,0,0,0,0,0,0,0,0,0,0,0,0,0,0,0,0,0,0,0,0,0,0,0,0,0,0,0,0,0,0,0,0,0,0,0,0,0,0,0,0,0,0,0,0,0,0,0,0,0,0,0,0,0,0,0,0,0,0,0,3.971,,,Post 2023HM Reference
Bayswater_325,Reference,Post 2023,8/9/2023,Bayswater,HM Reference,10,0,0,0,8.75,0,62.5,0,0,0.5,0,18.75,0,0,0,0,0,0,0,0,0,0,0,0,0,0,0,0,0,0,0,0,0,0,0,0,0,0,0,0,0,0,0,0,90.5,2.5,8.75,2.5,2.5,0,0,0,,,,,,0,0,0,0,0,0,0,0,0,0,0,0,0,0,0,0,0,0,0,0,0,0,0,0,0,0,0,0,0,0,0,0,0,0,0,0,0,0,0,0,0,0,0,0,0,0,0,0,0,0,0,0,0,0,0,0,0,0,0,0,0,0,0,0,0,0,0,0,0,0,0,3.883,,,Post 2023HM Reference
Bayswater_326,Reference,Post 2023,8/9/2023,Bayswater,HM Reference,11,0,0,0,8.75,0,62.5,0,0,0,0,8.75,0,0,0,0,0,0,0,0,0,0,0,0,0,0,0,0,0,0,0,0,0,0,0,0,0,0,0,0,0,0,0,0,80,0,37.5,8.75,0,0,0,0,,,,,,0,0,0,0,0,0,0,0,0,0,0,0,0,0,0,0,0,0,0,0,0,0,0,0,0,0,0,0,0,0,0,0,0,0,0,0,0,0,0,0,0,0,0,0,0,0,0,0,0,0,0,0,0,0,0,0,0,0,0,0,0,0,0,0,0,0,0,0,0,0,0,3.948,,,Post 2023HM Reference
Bayswater_327,Reference,Post 2023,8/9/2023,Bayswater,HM Reference,12,0,0,18.75,87.5,0,0,0,0,0,0,0,0,0,0,0,0,0,0,0,0,0,0,0,0,0,0,0,0,0,0,0,0,0,0,0,0,0,0,0,0,0,0,0,106.25,0.5,8.75,0.5,0,0,0,0,,,,,,0,0,0,0,0,0,0,0,0,0,0,0,0,0,0,0,0,0,0,0,0,0,0,0,0,0,0,0,0,0,0,0,0,0,0,0,0,0,0,0,0,0,0,0,0,0,0,0,0,0,0,0,0,0,0,0,0,0,0,0,0,0,0,0,0,0,0,0,0,0,0,3.672,,,Post 2023HM Reference
Bayswater_328,Reference,Post 2023,8/9/2023,Bayswater,HM Reference,13,0,0,0,37.5,0,0.5,0,0,0,0,0,0,0,0,0,0,0,0,0,0,0,0,0,0,0,0,0,0,0,0,0,0,0,0,0,0,0,0,0,0,0,0,0,38,2.5,37.5,18.75,0,0,0,0,,,,,,0,0,0,0,0,0,0,0,0,0,0,0,0,0,0,0,0,0,0,0,0,0,0,0,0,0,0,0,0,0,0,0,0,0,0,0,0,0,0,0,0,0,0,0,0,0,0,0,0,0,0,0,0,0,0,0,0,0,0,0,0,0,0,0,0,0,0,0,0,0,0,3.839,,,Post 2023HM Reference
Bayswater_329,Reference,Post 2023,8/9/2023,Bayswater,HM Reference,14,0,0,62.5,37.5,0,0,0,0,0,0,0,0,0,0,0,0,0,0,0,0,0,0,0,0,0,0,0,0,0,0,0,0,0,0,0,0,0,0,0,0,0,0,0,100,2.5,2.5,2.5,0,0,0,0,,,,,,0,0,0,0,0,0,0,0,0,0,0,0,0,0,0,0,0,0,0,0,0,0,0,0,0,0,0,0,0,0,0,0,0,0,0,0,0,0,0,0,0,0,0,0,0,0,0,0,0,0,0,0,0,0,0,0,0,0,0,0,0,0,0,0,0,0,0,0,0,0,0,3.717,,,Post 2023HM Reference
Bayswater_330,Reference,Post 2023,8/9/2023,Bayswater,HM Reference,15,0,0,87.5,18.75,0,0,0,0,0,0,0,0,0,0,0,0,0,0,0,0,0,0,0,0,0,0,0,0,0,0,0,0,0,0,0,0,0,0,0,0,0,0,0,106.25,0,0.5,0.5,0,0,0,0,,,,,,0,0,0,0,0,0,0,0,0,0,0,0,0,0,0,0,0,0,0,0,0,0,0,0,0,0,0,0,0,0,0,0,0,0,0,0,0,0,0,0,0,0,0,0,0,0,0,0,0,0,0,0,0,0,0,0,0,0,0,0,0,0,0,0,0,0,0,0,0,0,0,3.669,,,Post 2023HM Reference
Bayswater_331,Restored,Post 2023,8/9/2023,Bayswater,LM Restored,1,0,2.5,0,0,0,0,0,0,0,0,0,0,0,0,0,0,0,0,0,0,0,0,0,0,0,0,0,0,0,0,0,0,0,0,0,0,0,0,0,0,0,0,0,2.5,87.5,0.5,8.75,0,10,0,0,,,,,,0,0,0,0,0,0,0,0,0,0,0,0,0,0,0,0,0,0,0,0,0,0,0,0,0,0,0,0,0,0,0,0,0,0,0,0,0,0,0,0,0,0,0,0,0,0,0,0,0,0,0,0,0,0,0,0,0,0,0,0,0,0,0,0,0,0,0,0,0,0,0,2.568,,,Post 2023LM Restored
Bayswater_332,Restored,Post 2023,8/9/2023,Bayswater,LM Restored,2,0,2.5,2.5,18.75,0,0.5,0.5,0,0,0,18.75,8.75,0,0,0,0,0,0,0,0,2.5,0,0,0,0,0,0,0,0,0,0,0,0,0,0,0,0,0,0,0,0,0,0,54.75,37.5,0,0.5,0,2,0,0,,,,,,0,9,,3,5,3,2.5,1,2.9,7.1,7.2,5.9,2,1.6,4.76,0,0,0,0,0,0,0,0,0,0,0,0,0,0,0,0,0,0,0,0,0,0,0,0,0,0,0,0,0,0,0,0,0,0,0,0,0,0,0,0,0,0,0,0,0,0,0,0,0,0,0,0,0,0,0,0,2.738,,,Post 2023LM Restored
Bayswater_333,Restored,Post 2023,8/9/2023,Bayswater,LM Restored,3,0,62.5,0,0,0,0,0,0,0,0,0,0,0,0,0,0,0,0,0,0,0,0,0,0,0,0,0,0,0,0,0,0,0,0,0,0,0,0,0,0,0,0,0,62.5,18.75,0,2.5,0.5,3,0,32,,,,,,0,34,,20,14,56.5,56,16,32.5,6.9,7,7.5,7,4.1,6.5,0,0,0,0,0,0,0,0,0,0,0,0,0,0,0,0,0,0,0,0,0,0,0,0,0,0,0,0,0,0,0,0,0,0,0,0,0,0,0,0,0,0,0,0,0,0,0,0,0,0,0,0,0,0,0,0,1.953,,,Post 2023LM Restored
Bayswater_334,Restored,Post 2023,8/9/2023,Bayswater,LM Restored,4,0,8.75,37.5,18.75,0,0,0,0,0,0,0,0,0,0,0,0,0,0,0,0,8.75,0,0,0,0,0,0,0,0,0,0,0,0,0,0,0,0,0,0,0,0,0,0,73.75,8.75,0,0,0,9,0,0,,,,,,0,6,,5.5,2.5,10.5,3.5,2,4.8,2.6,2.5,4.6,3,6.1,3.76,0,0,0,0,0,0,0,0,0,0,0,0,0,0,0,0,0,0,0,0,0,0,0,0,0,0,0,0,0,0,0,0,0,0,0,0,0,0,0,0,0,0,0,0,0,0,0,0,0,0,0,0,0,0,0,0,2.927,,,Post 2023LM Restored
Bayswater_335,Restored,Post 2023,8/9/2023,Bayswater,LM Restored,5,0,62.5,0,0.5,0,0,0.5,0,0,0,0,0,0,0,0,0,0,0,0,0,2.5,0,0,0,0,0,0,0,0,0,0,0,0,0,0,0,0,0,0,0,0,0,0,66,18.75,0,2.5,18.75,3,1,0,,,,,,0,27,,18.5,50.5,15.5,15,71,34.1,6.3,7.2,6.8,5,9.5,6.96,0,0,0,0,0,0,0,0,0,0,0,0,0,0,0,0,0,0,0,0,0,0,0,0,0,0,0,0,0,0,0,0,0,0,0,0,0,0,0,0,0,0,0,0,0,0,0,0,0,0,0,0,0,0,0,0,2.308,,,Post 2023LM Restored
Bayswater_336,Restored,Post 2023,8/9/2023,Bayswater,LM Restored,6,0,0.5,0,37.5,0,18.75,0,0,0,0,2.5,0.5,0,0,0,0,0,0,0,0,18.75,0,0,0,0,0,0,0,0,0,0,0,0,0,0,0,0,0,0,0,0,0,0,78.5,2.5,18.75,0.5,0,8,0,0,,,,,,0,0,0,0,0,0,0,0,0,0,0,0,0,0,0,0,0,0,0,0,0,0,0,0,0,0,0,0,0,0,0,0,0,0,0,0,0,0,0,0,0,0,0,0,0,0,0,0,0,0,0,0,0,0,0,0,0,0,0,0,0,0,0,0,0,0,0,0,0,0,0,3.099,,,Post 2023LM Restored
Bayswater_337,Restored,Post 2023,8/9/2023,Bayswater,LM Restored,7,0,18.75,0,0,0,0,18.75,0,0,0,0.5,0,0,0,0,0,0,0,0,0,18.75,0,0,0,0,0,0,0,0,0,0,0,0,0,0,0,0,0,0,0,0,0,0,56.75,37.5,8.75,0.5,0,19,0,0,,,,,,0,12,,5,19,8.5,5.5,13,10.2,3,7.4,7.5,3.3,5.2,5.28,0,0,0,0,0,0,0,0,0,0,0,0,0,0,0,0,0,0,0,0,0,0,0,0,0,0,0,0,0,0,0,0,0,0,0,0,0,0,0,0,0,0,0,0,0,0,0,0,0,0,0,0,0,0,0,0,2.803,,,Post 2023LM Restored
Bayswater_338,Restored,Post 2023,8/9/2023,Bayswater,LM Restored,8,0.5,2.5,18.75,18.75,0,0,8.75,0,0,0,0,2.5,0,0,0,0,0,0,0,0,0.5,0,0,0,0,0,0,0,0,0,0,0,0,0,0,0,0,0,0,0,0,0,0,52.25,18.75,0,0,0,15,0,0,,,,,,0,11,,7,6.5,7.5,9.5,3,6.7,6.5,4.6,4.2,7.4,3.7,5.28,0,0,0,0,0,0,0,0,0,0,0,0,0,0,0,0,0,0,0,0,0,0,0,0,0,0,0,0,0,0,0,0,0,0,0,0,0,0,0,0,0,0,0,0,0,0,0,0,0,0,0,0,0,0,0,0,3.013,,,Post 2023LM Restored
Bayswater_339,Restored,Post 2023,8/9/2023,Bayswater,LM Restored,9,0,2.5,18.75,0,0,0,18.75,0,0,0,18.75,0,0,0,0,0,0,0,0,0,8.75,0,0,0,0,0,0,0,0,0,0,0,0,0,0,0,0,0,0,0,0,0,0,67.5,37.5,2.5,0.5,0,13,0,0,,,,,,0,6,,5,6.5,17,4,7,7.9,5.5,3.8,4.7,3.7,3,4.14,0,0,0,0,0,0,0,0,0,0,0,0,0,0,0,0,0,0,0,0,0,0,0,0,0,0,0,0,0,0,0,0,0,0,0,0,0,0,0,0,0,0,0,0,0,0,0,0,0,0,0,0,0,0,0,0,3.128,,,Post 2023LM Restored
Bayswater_340,Restored,Post 2023,8/9/2023,Bayswater,LM Restored,10,0,37.5,2.5,18.75,0,0.5,0,0,0,0,2.5,0,0,0,0,0,0,0,0,0,0.5,0,0,0,0,0,0,0,0,0,0,0,0,0,0,0,0,0,0,0,0,0,0,62.25,18.75,0,0.5,0,12,0,0,,,,,,0,26,,5,10,20.5,8.5,6,10,6,6.2,7.6,5.5,3.8,5.82,0,0,0,0,0,0,0,0,0,0,0,0,0,0,0,0,0,0,0,0,0,0,0,0,0,0,0,0,0,0,0,0,0,0,0,0,0,0,0,0,0,0,0,0,0,0,0,0,0,0,0,0,0,0,0,0,3.003,,,Post 2023LM Restored
Bayswater_341,Restored,Post 2023,8/9/2023,Bayswater,LM Restored,11,0,37.5,0,0,0,0,0,0,0,0,0,0,0,0,0,0,0,0,0,0,0,0,0,0,0,0,0,0,0,0,0,0,0,0,0,0,0,0,0,0,0,0,0,37.5,18.75,8.75,2.5,0,6,0,0,,,,,,0,32,,20,29.5,15,27.5,27,23.8,8,10,7.1,8,7.5,8.12,0,0,0,0,0,0,0,0,0,0,0,0,0,0,0,0,0,0,0,0,0,0,0,0,0,0,0,0,0,0,0,0,0,0,0,0,0,0,0,0,0,0,0,0,0,0,0,0,0,0,0,0,0,0,0,0,2.707,,,Post 2023LM Restored
Bayswater_342,Restored,Post 2023,8/9/2023,Bayswater,LM Restored,12,0,37.5,0,0,0,0,0,0,0,0,0,0,0,0,0,0,0,0,0,0,18.75,0,0,0,0,0,0,0,0,0,0,0,0,0,0,0,0,0,0,0,0,0,0,56.25,8.75,18.75,2.5,0,12,0,0,,,,,,0,5,,19,6,6.1,9,3,8.62,6,4.4,9,5.9,1.4,5.34,0,0,0,0,0,0,0,0,0,0,0,0,0,0,0,0,0,0,0,0,0,0,0,0,0,0,0,0,0,0,0,0,0,0,0,0,0,0,0,0,0,0,0,0,0,0,0,0,0,0,0,0,0,0,0,0,2.817,,,Post 2023LM Restored
Bayswater_343,Restored,Post 2023,8/9/2023,Bayswater,LM Restored,13,0,18.75,0,0.5,0,0,8.75,0,0,0,0,0,0,0,0,0,0,0,0,0,37.5,0,0,0,0,0,0,0,0,0,0,0,0,0,0,0,0,0,0,0,0,0,0,65.5,37.5,0,0,0,14,0,0,,,,,,0,18,,13,30,38,19,8.5,21.7,3.9,6.1,5.3,6.2,4,5.1,0,0,0,0,0,0,0,0,0,0,0,0,0,0,0,0,0,0,0,0,0,0,0,0,0,0,0,0,0,0,0,0,0,0,0,0,0,0,0,0,0,0,0,0,0,0,0,0,0,0,0,0,0,0,0,0,2.816,,,Post 2023LM Restored
Bayswater_344,Restored,Post 2023,8/9/2023,Bayswater,LM Restored,14,0,37.5,0,0,0,0,18.75,0,0,0,0,0,0,0,0,0,0,0,0,0,0.5,0,0,0,0,0,0,0,0,0,0,0,0,0,0,0,0,0,0,0,0,0,0,56.75,37.5,0,2.5,0,12,0,0,,,,,,0,48,,10,22.5,80,7,15,26.9,3.8,5.5,6.2,4,6,5.1,0,0,0,0,0,0,0,0,0,0,0,0,0,0,0,0,0,0,0,0,0,0,0,0,0,0,0,0,0,0,0,0,0,0,0,0,0,0,0,0,0,0,0,0,0,0,0,0,0,0,0,0,0,0,0,0,2.858,,,Post 2023LM Restored
Bayswater_345,Restored,Post 2023,8/9/2023,Bayswater,LM Restored,15,0,2.5,0,2.5,0,0,0,0,0,0,0,0,0,0,0,0,0,0,0,0,0,0,0,0,0,0,0,0,0,0,0,0,0,0,0,0,0,0,0,0,0,0,0,5,87.5,0,8.75,0,3,0,0,,,,,,0,0,0,0,0,0,0,0,0,0,0,0,0,0,0,0,0,0,0,0,0,0,0,0,0,0,0,0,0,0,0,0,0,0,0,0,0,0,0,0,0,0,0,0,0,0,0,0,0,0,0,0,0,0,0,0,0,0,0,0,0,0,0,0,0,0,0,0,0,0,0,2.824,,,Post 2023LM Restored
Bayswater_346,Reference,Post 2023,8/9/2023,Bayswater,LM Reference,1,0,37.5,0,0,0,0,0,0,0,0,0,0,0,0,0,0,0,0,0,0,0,0,0,0,0,0,0,0,0,0,0,0,0,0,0,0,0,0,0,0,0,0,0,37.5,62.5,0,2.5,0,3,0,73,,,,,,0,49,,55,44,41,16.5,56,42.5,4.8,4.6,3,6.8,7,5.24,0,0,0,0,0,0,0,0,0,0,0,0,0,0,0,0,0,0,0,0,0,0,0,0,0,0,0,0,0,0,0,0,0,0,0,0,0,0,0,0,0,0,0,0,0,0,0,0,0,0,0,0,0,0,0,0,1.801,,,Post 2023LM Reference
Bayswater_347,Reference,Post 2023,8/9/2023,Bayswater,LM Reference,2,0,37.5,0,0,0,0,0,0,0,0,0,0,0,0,0,0,0,0,0,0,0,0,0,0,0,0,0,0,0,0,0,0,0,0,0,0,0,0,0,0,0,0,0,37.5,37.5,18.75,18.75,0,5,0,55,,,,,,0,35,,68,118,116.5,7,70,75.9,6.2,4.8,5.5,6,7.2,5.94,0,0,0,0,0,0,0,0,0,0,0,0,0,0,0,0,0,0,0,0,0,0,0,0,0,0,0,0,0,0,0,0,0,0,0,0,0,0,0,0,0,0,0,0,0,0,0,0,0,0,0,0,0,0,0,0,2.086,,,Post 2023LM Reference
Bayswater_348,Reference,Post 2023,8/9/2023,Bayswater,LM Reference,3,0,37.5,0,0,0,0,0,0,0,0,0,0,0,0,0,0,0,0,0,0,0,0,0,0,0,0,0,0,0,0,0,0,0,0,0,0,0,0,0,0,0,0,0,37.5,62.5,0,2.5,0,11,0,243,,,,,,0,14,,96,100,96,133,89,102.8,6.6,7.1,7.8,6.9,6.5,6.98,0,0,0,0,0,0,0,0,0,0,0,0,0,0,0,0,0,0,0,0,0,0,0,0,0,0,0,0,0,0,0,0,0,0,0,0,0,0,0,0,0,0,0,0,0,0,0,0,0,0,0,0,0,0,0,0,1.217,,,Post 2023LM Reference
Bayswater_349,Reference,Post 2023,8/9/2023,Bayswater,LM Reference,4,0,37.5,0,0,0,0,0,0,0,0,0,0,0,0,0,0,0,0,0,0,0,0,0,0,0,0,0,0,0,0,0,0,0,0,0,0,0,0,0,0,0,0,0,37.5,37.5,0,2.5,0,2,0,122,,,,,,0,43,,24,21.5,29.5,53,77,41,6.4,3.4,4.8,6,5.9,5.3,0,0,0,0,0,0,0,0,0,0,0,0,0,0,0,0,0,0,0,0,0,0,0,0,0,0,0,0,0,0,0,0,0,0,0,0,0,0,0,0,0,0,0,0,0,0,0,0,0,0,0,0,0,0,0,0,1.607,,,Post 2023LM Reference
Bayswater_350,Reference,Post 2023,8/9/2023,Bayswater,LM Reference,5,0,18.75,0,0,0,0,0,0,0,0,0,0,0,0,0,0,0,0,0,0,0,0,0,0,0,0,0,0,0,0,0,0,0,0,0,0,0,0,0,0,0,0,0,18.75,62.5,0,0.5,0,10,0,110,,,,,,0,70,,41,2,55.5,6,13,23.5,3.5,5.5,6.5,4.5,3.4,4.68,0,0,0,0,0,0,0,0,0,0,0,0,0,0,0,0,0,0,0,0,0,0,0,0,0,0,0,0,0,0,0,0,0,0,0,0,0,0,0,0,0,0,0,0,0,0,0,0,0,0,0,0,0,0,0,0,1.875,,,Post 2023LM Reference
Bayswater_351,Reference,Post 2023,8/9/2023,Bayswater,LM Reference,6,0,37.5,0,0,0,0,2.5,0,0,0,0,0,0,0,0,0,0,0,0,0,8.75,0,0,0,0,0,0,0,0,0,0,0,0,0,0,0,0,0,0,0,0,0,0,48.75,18.75,0,2.5,0,13,0,35,,,,,,0,34,,7.5,34.5,13,11,4,14,4.6,2.6,7,4.2,4.2,4.52,0,0,0,0,0,0,0,0,0,0,0,0,0,0,0,0,0,0,0,0,0,0,0,0,0,0,0,0,0,0,0,0,0,0,0,0,0,0,0,0,0,0,0,0,0,0,0,0,0,0,0,0,0,0,0,0,2.541,,,Post 2023LM Reference
Bayswater_352,Reference,Post 2023,8/9/2023,Bayswater,LM Reference,7,0,2.5,0,0,0,0,0,0,0,0,0,0,0,0,0,0,0,0,0,0,0,0,0,0,0,0,0,0,0,0,0,0,0,0,0,0,0,0,0,0,0,0,0,2.5,0,87.5,2.5,0,0,0,0,,,,,,0,0,0,0,0,0,0,0,0,0,0,0,0,0,0,0,0,0,0,0,0,0,0,0,0,0,0,0,0,0,0,0,0,0,0,0,0,0,0,0,0,0,0,0,0,0,0,0,0,0,0,0,0,0,0,0,0,0,0,0,0,0,0,0,0,0,0,0,0,0,0,2.588,,,Post 2023LM Reference
Bayswater_353,Reference,Post 2023,8/9/2023,Bayswater,LM Reference,8,0,87.5,0,0,0,0,0,0,0,0,0,0,0,0,0,0,0,0,0,0,0,0,0,0,0,0,0,0,0,0,0,0,0,0,0,0,0,0,0,0,0,0,0,87.5,8.75,0,0,0,7,0,266,,,,,,0,33,,90,148.5,23.5,102,109,94.6,4.3,2.7,2.9,4.4,5.3,3.92,0,0,0,0,0,0,0,0,0,0,0,0,0,0,0,0,0,0,0,0,0,0,0,0,0,0,0,0,0,0,0,0,0,0,0,0,0,0,0,0,0,0,0,0,0,0,0,0,0,0,0,0,0,0,0,0,1.735,,,Post 2023LM Reference
Bayswater_354,Reference,Post 2023,8/9/2023,Bayswater,LM Reference,9,0,87.5,0,0,0,0,0,0,0,0,0,0,0,0,0,0,0,0,0,0,0,0,0,0,0,0,0,0,0,0,0,0,0,0,0,0,0,0,0,0,0,0,0,87.5,8.75,0,0,0,8,1,130,,,,,,0,76,,45,153,110.5,49.5,161,103.8,7.2,9.7,5.4,2,8.9,6.64,0,0,0,0,0,0,0,0,0,0,0,0,0,0,0,0,0,0,0,0,0,0,0,0,0,0,0,0,0,0,0,0,0,0,0,0,0,0,0,0,0,0,0,0,0,0,0,0,0,0,0,0,0,0,0,0,0.477,,,Post 2023LM Reference
Bayswater_355,Reference,Post 2023,8/9/2023,Bayswater,LM Reference,10,0,0,0,0,0,0,0,0,0,0,0,0,0,0,0,0,0,0,0,0,0,0,0,0,0,0,0,0,0,0,0,0,0,0,0,0,0,0,0,0,0,0,0,0,0,87.5,2.5,0,0,0,0,,,,,,0,0,0,0,0,0,0,0,0,0,0,0,0,0,0,0,0,0,0,0,0,0,0,0,0,0,0,0,0,0,0,0,0,0,0,0,0,0,0,0,0,0,0,0,0,0,0,0,0,0,0,0,0,0,0,0,0,0,0,0,0,0,0,0,0,0,0,0,0,0,0,1.665,,,Post 2023LM Reference
Bayswater_356,Reference,Post 2023,8/9/2023,Bayswater,LM Reference,11,0,37.5,0,0,0,0,0,0,0,0,0,0,0,0,0,0,0,0,0,0,0,0,0,0,0,0,0,0,0,0,0,0,0,0,0,0,0,0,0,0,0,0,0,37.5,62.5,0.5,2.5,0,6,1,166,,,,,,0,20,,42,57,20,7.5,42.5,33.8,6.9,8,7.5,1.9,7.2,6.3,0,0,0,0,0,0,0,0,0,0,0,0,0,0,0,0,0,0,0,0,0,0,0,0,0,0,0,0,0,0,0,0,0,0,0,0,0,0,0,0,0,0,0,0,0,0,0,0,0,0,0,0,0,0,0,0,2.144,,,Post 2023LM Reference
Bayswater_357,Reference,Post 2023,8/9/2023,Bayswater,LM Reference,12,0,37.5,0,0,0,0,0,0,0,0,0,0,0,0,0,0,0,0,0,0,0,0,0,0,0,0,0,0,0,0,0,0,0,0,0,0,0,0,0,0,0,0,0,37.5,62.5,0.5,0.5,0,7,0,61,,,,,,0,53,,20,91,60,32,55,51.6,1.4,6.6,8.5,5,8.6,6.02,0,0,0,0,0,0,0,0,0,0,0,0,0,0,0,0,0,0,0,0,0,0,0,0,0,0,0,0,0,0,0,0,0,0,0,0,0,0,0,0,0,0,0,0,0,0,0,0,0,0,0,0,0,0,0,0,1.593,,,Post 2023LM Reference
Bayswater_358,Reference,Post 2023,8/9/2023,Bayswater,LM Reference,13,0,8.75,0,0,0,0,0,0,0,0,0,0,0,0,0,0,0,0,0,0,8.75,0,0,0,0,0,0,0,0,0,0,0,0,0,0,0,0,0,0,0,0,0,0,17.5,62.5,8.75,0,0,6,0,17,,,,,,0,22,,5,4.5,85.5,11.5,27,26.7,3.6,7.7,8.6,9.1,4.4,6.68,0,0,0,0,0,0,0,0,0,0,0,0,0,0,0,0,0,0,0,0,0,0,0,0,0,0,0,0,0,0,0,0,0,0,0,0,0,0,0,0,0,0,0,0,0,0,0,0,0,0,0,0,0,0,0,0,2.04,,,Post 2023LM Reference
Bayswater_359,Reference,Post 2023,8/9/2023,Bayswater,LM Reference,14,0,62.5,0,0,0,0,0,0,0,0,0,0,0,0,0,0,0,0,0,0,0,0,0,0,0,0,0,0,0,0,0,0,0,0,0,0,0,0,0,0,0,0,0,62.5,8.75,0,2.5,8.75,4,3,2,,,,,,0,69,,61.5,49,39,26,65.5,48.2,5.8,5.1,3.6,4,5.9,4.88,0,0,0,0,0,0,0,0,0,0,0,0,0,0,0,0,0,0,0,0,0,0,0,0,0,0,0,0,0,0,0,0,0,0,0,0,0,0,0,0,0,0,0,0,0,0,0,0,0,0,0,0,0,0,0,0,2.408,,,Post 2023LM Reference
Bayswater_360,Reference,Post 2023,8/9/2023,Bayswater,LM Reference,15,0,62.5,0,0,0,0,0,0,0,0,0,0,0,0,0,0,0,0,0,0,0,0,0,0,0,0,0,0,0,0,0,0,0,0,0,0,0,0,0,0,0,0,0,62.5,18.75,0,0,8.75,16,0,7,,,,,,0,36,,26,17,9,53.5,53.5,31.8,4.9,4.5,3.9,9.6,5.2,5.62,0,0,0,0,0,0,0,0,0,0,0,0,0,0,0,0,0,0,0,0,0,0,0,0,0,0,0,0,0,0,0,0,0,0,0,0,0,0,0,0,0,0,0,0,0,0,0,0,0,0,0,0,0,0,0,0,2.307,,,Post 2023LM Reference
,,,,,,,,,,,,,,,,,,,,,,,,,,,,,,,,,,,,,,,,,,,,,,,,,,,,,,,,,,,,,,,,,,,,,,,,,,,,,,,,,,,,,,,,,,,,,,,,,,,,,,,,,,,,,,,,,,,,,,,,,,,,,,,,,,,,,,,,,
