Date,Marsh,SiteID,Plot,AMCA,ATPA,DISP,IVFR,JUGE,PHAU,PLOD,SADE,SPAL,SOSE,SPPA,Total Cover,Crk,Dit,Fill,GRB,Lit,MUSSEL,CRAB,SNAIL,Pan,Pool,Unveg,WRK,1,2,3,4,5,Hmean,Initial,Hit 1,Hit 2,Hit 3,SV 10 cm (kpa),SV 55 cm (kpa),SPC,HM/LM,Elevation (NAVD88)
9/16/2014,Idlewild,JB1.1,1,0,0,0,0,0,0,0,18.75,62.52,,0,81.27,0,0,0,0,8.75,0,,,0,0,37.5,0,129,71,102,NA,NA,100.67,12,13,23,26.5,22,14,SPAL,T,
9/16/2014,Idlewild,JB1.1,2,0,0,0,0,0,0,0,8.75,18.75,,0,27.5,0,0,0,0,8.75,0,,,0,0,37.5,0,91.5,109,84,NA,NA,94.83,3,7.5,11,12.5,0,0,SPAL,T,
9/16/2014,Idlewild,JB1.1,3,0,0,0,0,0,0,0,0,37.5,,0,37.5,0,0,0,0,8.75,0,,,0,0,37.5,18.75,70.5,66.5,81,NA,NA,72.67,1,4,7,9,8,6,SPAL,T,
9/16/2014,Idlewild,JB1.1,4,0,0,0,0,0,0,0,0,62.5,,0,62.5,0,0,0,0,18.75,0,,,0,0,18.75,0,110.5,70,85,NA,NA,88.50,0,1,2,4,24,14,SPAL,L,
9/16/2014,Idlewild,JB1.1,5,0,0,0,0,0,0,0,0,62.5,,0,62.5,0,0,0,0,18.75,0,,,0,0,18.75,0,71.5,55,54.5,NA,NA,60.33,1.5,5.5,7.5,9.5,22,4,SPAL,L,
9/16/2014,Idlewild,JB1.1,6,0,0,0,0,0,0,0,0,37.5,,0,37.5,0,0,0,0,8.75,2.5,,,0,0,37.5,0,54.5,59,86.5,NA,NA,66.67,0.5,8,14,17.5,20,16,SPAL,L,
9/16/2014,Idlewild,JB1.1,7,0,0,0,0,0,0,0,0,37.5,,0,37.5,0,0,0,0,8.75,2.5,,,0,0,62.5,0,87,62,84.5,NA,NA,77.83,2.5,7,9,10.5,10,0,SPAL,T,
9/16/2014,Idlewild,JB1.1,8,0,0,0,0,0,0,0,0,62.5,,0,62.5,0,0,0,0,18.75,0,,,0,0,8.75,8.75,67.5,89,83,NA,NA,79.83,1,4,6,8,10,10,SPAL,T,
9/16/2014,Idlewild,JB1.1,9,0,0,0,0,0,0,0,0,37.5,,0,37.5,2.5,0,0,0,37.5,2.5,,,0,0,18.75,37.5,93,77.5,64,NA,NA,78.17,2.5,7,9,11,6,8,SPAL,T,
9/16/2014,Idlewild,JB1.1,10,0,0,0,0,0,0,0,0,37.5,,0,37.5,0,0,0,0,8.75,8.75,,,0,0,37.5,0,58,51,62,NA,NA,57.00,2,6,9,10.5,40,6,SPAL,T,
9/16/2014,Idlewild,JB1.1,11,0,0,0,0,0,0,0,0,37.5,,0,37.5,0,0,0,0,8.75,0,,,0,0,18.75,18.75,86,70,80,NA,NA,78.67,4,6,7,10,8,16,SPAL,T,
9/16/2014,Idlewild,JB1.1,12,0,0,0,0,0,0,0,0,18.75,,37.5,56.25,0,0,0,2.5,2.5,0,,,0,0,8.75,37.5,62.5,62,59,NA,NA,61.17,2,5,7,9,4,10,SPAL,T,
9/16/2014,Idlewild,JB1.1,13,0,0,2.5,0,0,0,0,0,62.5,,0,65,0,0,0,0,18.75,0,,,0,0,18.75,8.75,71.5,64,62.5,NA,NA,66.00,4,12,15,18,8,4,SPAL,T,
9/16/2014,Idlewild,JB1.1,14,0,0,2.5,0,0,0,0,37.5,18.75,,0,58.75,0,0,0,0,2.5,0,,,0,0,62.5,0,57,42.5,34,NA,NA,44.50,3,6,9,11,10,14,SPAL,T,
9/16/2014,Idlewild,JB1.1,15,0,0,2.5,0,0,0,0,2.5,37.5,,0,42.5,0,0,0,0,8.75,0,,,0,0,37.5,18.75,78,81,68,NA,NA,75.67,2.5,4,5.5,7,12,14,SPAL,T,
9/16/2014,Idlewild,JB1.1,16,0,0,0,0,0,0,0,0,62.5,,0,62.5,0,0,0,0,2.5,0,,,0,0,37.5,0,53,107,59,NA,NA,73.00,1,5,7,9,10,12,SPAL,T,
9/16/2014,Idlewild,JB1.1,17,0,0,0,0,0,0,0,0,87.5,,0,87.5,0,0,0,0,18.75,0,,,0,0,8.75,8.75,49,41,65,NA,NA,51.67,1.5,4,7,9,4,12,SPAL,T,
9/16/2014,Idlewild,JB1.1,18,0,0,2.5,0,0,0,0,0,62.5,,0,65,0,0,0,0,37.5,0,,,0,0,8.75,18.75,50,78,50,NA,NA,59.33,2,6.5,17,19,12,8,SPAL,L,
9/16/2014,Idlewild,JB1.1,19,0,0,0,0,0,0,0,0,37.5,,0,37.5,0,0,0,0,2.5,0,,,0,62.5,0,8.75,78,70,59,NA,NA,69.00,1.5,4,5.5,7,0,0,SPAL,L,
9/16/2014,Idlewild,JB1.1,20,0,0,0,0,0,0,0,0,37.5,,0,37.5,0,0,0,0,2.5,0,,,0,62.5,0,8.75,60,71,51,NA,NA,60.67,2,5.5,7,9,52,8,SPAL,L,
9/16/2014,Idlewild,JB1.1,21,,,,,,,,,,,,,,,,,,,,,,,,,,,,,,,1,7,10,11,12,16,SPAL,L,
9/16/2014,Idlewild,JB1.1,22,,,,,,,,,,,,,,,,,,,,,,,,,,,,,,,19,24,33,38,0,6,SPAL,L,
9/16/2014,Idlewild,JB1.1,23,,,,,,,,,,,,,,,,,,,,,,,,,,,,,,,3,9,12,14,12,2,SPAL,L,
9/16/2014,Idlewild,JB1.1,24,,,,,,,,,,,,,,,,,,,,,,,,,,,,,,,0.5,4,6,8.5,40,8,SPAL,L,
9/16/2014,Idlewild,JB1.1,25,,,,,,,,,,,,,,,,,,,,,,,,,,,,,,,0.5,3,4,6,8,12,SPAL,T,
9/16/2014,Idlewild,JB1.1,26,,,,,,,,,,,,,,,,,,,,,,,,,,,,,,,3.5,8,12,15,34,10,SPAL,T,
9/16/2014,Idlewild,JB1.1,27,,,,,,,,,,,,,,,,,,,,,,,,,,,,,,,15,24,29,23,24,20,SPAL,T,
9/16/2014,Idlewild,JB1.1,28,,,,,,,,,,,,,,,,,,,,,,,,,,,,,,,2,6,10,13,8,6,SPAL,T,
9/16/2014,Idlewild,JB1.1,29,,,,,,,,,,,,,,,,,,,,,,,,,,,,,,,20,29,32,34,10,8,SPAL,T,
9/16/2014,Idlewild,JB1.1,30,,,,,,,,,,,,,,,,,,,,,,,,,,,,,,,3,5,7,8,12,12,SPAL,T,
9/16/2014,Spring Creek,JB2,1,0,0,0,0,0,0,0,0,62.5,,0,62.5,0,0,0,0,8.75,0,,,0,0,87.5,18.75,80.5,64.3,41.2,NA,NA,62.00,0.5,1,2,2,30,14,SPAL,T,
9/16/2014,Spring Creek,JB2,2,0,0,0,0,0,0,0,0,62.5,,0,62.5,0,0,0,0,8.75,0,,,0,0,87.5,8.75,67.3,76,78.6,NA,NA,73.97,0.5,1.5,2,2,70,18,SPAL,T,
9/16/2014,Spring Creek,JB2,3,0,0,0,0,0,0,0,2.5,62.5,,0,65,0,0,0,0,8.75,18.75,,,0,0,62.5,8.75,66.5,43,50.5,NA,NA,53.33,0.5,1,1.5,2,20,20,SPAL,T,
9/16/2014,Spring Creek,JB2,4,0,0,0,0,0,0,0,0,37.5,,0,37.5,0,0,0,0,8.75,2.5,,,0,0,18.75,18.75,73,70,70,NA,NA,71.00,0,2.5,3.5,5,26,0,SPAL,L,
9/16/2014,Spring Creek,JB2,5,0,0,2.5,0,0,0,0,0,87.5,,0,90,0,0,0,0,18.75,0,,,0,0,18.75,0,77.5,71,62.5,NA,NA,70.33,1,4,6,7,26,2,SPAL,L,
9/16/2014,Spring Creek,JB2,6,0,0,0,0,0,0,0,0,37.5,,0,37.5,0,0,0,0,18.75,2.5,,,0,0,18.75,37.5,70,73,52,NA,NA,65.00,1,4,11,17,106,16,SPAL,L,
9/16/2014,Spring Creek,JB2,7,0,0,0,0,0,0,0,0,62.5,,0,62.5,0,0,0,0,8.75,0,,,0,0,18.75,8.75,63.5,58.5,67.5,NA,NA,63.17,3,10,15,18,10,2,SPAL,L,
9/16/2014,Spring Creek,JB2,8,0,0,0,0,0,0,0,0,37.5,,0,37.5,0,0,0,0,8.75,0,,,0,0,8.75,37.5,54.5,55,57.5,NA,NA,55.67,0.5,2,2,2.5,0,12,SPAL,LT,
9/16/2014,Spring Creek,JB2,9,0,0,18.75,0,0,0,0,0,62.5,,0,81.25,0,0,0,2.5,2.5,0,,,0,0,8.75,8.75,69,63,84,NA,NA,72.00,1,2,2.5,3,45,15,SPAL,T,
9/16/2014,Spring Creek,JB2,10,0,0,2.5,0,0,0,0,8.75,62.5,,0,73.75,0,0,0,0,8.75,18.75,,,0,0,8.75,0,62,64.5,72.5,NA,NA,66.33,2,4,6,7,16,10,SPAL,L,
9/16/2014,Spring Creek,JB2,11,0,0,0,0,0,0,0,0,62.5,,0,62.5,0,0,0,0,18.75,37.5,,,0,0,62.5,0,108.5,102,83,NA,NA,97.83,2.5,8,11.5,14,8,8,SPAL,L,
9/16/2014,Spring Creek,JB2,12,0,0,37.5,0,0,0,0,0,87.5,,0,125,0,0,0,0,62.5,2.5,,,0,0,0,0,81.5,68,58,NA,NA,69.17,4,10,11,12,28,12,SPAL,T,
9/16/2014,Spring Creek,JB2,13,0,0,87.5,0,0,0,0,0,18.75,,0,106.25,0,0,0,0,2.5,0,,,0,0,8.75,0,74,60,58,NA,NA,64.00,0,1,2,2,26,10,SPAL,L,
9/16/2014,Spring Creek,JB2,14,0,0,37.5,0,0,0,0,0,37.5,,0,75,0,0,0,0,8.75,0,,,0,0,2.5,18.75,83.5,60,78.5,NA,NA,74.00,0.5,2,2.5,2.5,14,10,SPAL,T,
9/16/2014,Spring Creek,JB2,15,0,0,62.5,0,0,0,0,0,37.5,,8.75,108.75,0,0,0,0,37.5,8.75,,,0,0,2.5,0,71,73.5,68,NA,NA,70.83,0,0.5,0.5,1,32,14,SPAL,T,
9/16/2014,Spring Creek,JB2,16,0,0,37.5,0,0,0,0,0,37.5,,0,75,0,0,0,0,18.75,8.75,,,0,0,8.75,0,60.5,66,86,NA,NA,70.83,0,1,2,2.5,32,10,SPAL,T,
9/16/2014,Spring Creek,JB2,17,0,0,0,0,0,0,0,0,37.5,,0,37.5,87.5,0,0,0,37.5,37.5,,,0,0,0,0,89,80,78,NA,NA,82.33,8.5,18,20,25,52,12,SPAL,T,
9/16/2014,Spring Creek,JB2,18,0,0,0,0,0,0,0,0,87.5,,0,87.5,0,0,0,0,8.75,2.5,,,0,0,18.75,0,113,62,79.5,NA,NA,84.83,0.5,2.5,3,3.5,65,14,SPAL,L,
9/16/2014,Spring Creek,JB2,19,0,0,0,0,0,0,0,0,87.5,,0,87.5,0,0,0,0,8.75,0,,,0,0,8.75,0,86,96,79,NA,NA,87.00,2,4,5.5,7,30,10,SPAL,T,
9/16/2014,Spring Creek,JB2,20,0,0,0,0,0,0,0,0,18.75,,0,18.75,0,0,0,0,2.5,37.5,,,0,0,62.5,8.75,90,83,76,NA,NA,83.00,2,2,2.5,3,25,8,SPAL,T,
9/16/2014,Spring Creek,JB2,21,,,,,,,,,,,,,,,,,,,,,,,,,,,,,,,1,1.5,2,2.5,22,12,SPAL,T,
9/16/2014,Spring Creek,JB2,22,,,,,,,,,,,,,,,,,,,,,,,,,,,,,,,0.5,2,2.5,3,6,4,SPAL,L,
9/16/2014,Spring Creek,JB2,23,,,,,,,,,,,,,,,,,,,,,,,,,,,,,,,4,15,20,23,14,0,SPAL,T,
9/16/2014,Spring Creek,JB2,24,,,,,,,,,,,,,,,,,,,,,,,,,,,,,,,2,3,3.5,4,18,4,SPAL,T,
9/16/2014,Spring Creek,JB2,25,,,,,,,,,,,,,,,,,,,,,,,,,,,,,,,0,2.5,3,4,38,16,SPAL,T,
9/16/2014,Spring Creek,JB2,26,,,,,,,,,,,,,,,,,,,,,,,,,,,,,,,0.5,3,4,5,12,5,SPAL,L,
9/16/2014,Spring Creek,JB2,27,,,,,,,,,,,,,,,,,,,,,,,,,,,,,,,0.5,1.5,3,3,4,10,SPAL,L,
9/16/2014,Spring Creek,JB2,28,,,,,,,,,,,,,,,,,,,,,,,,,,,,,,,0.5,2.5,4,5,34,5,SPAL,T,
9/16/2014,Spring Creek,JB2,29,,,,,,,,,,,,,,,,,,,,,,,,,,,,,,,1,3,4,4.5,27,6,SPAL,T,
9/16/2014,Spring Creek,JB2,30,,,,,,,,,,,,,,,,,,,,,,,,,,,,,,,4.5,11,16,23,26,6,SPAL,T,
9/16/2014,Saw Mill Creek,SI2.1,1,0,0,18.75,0,0,0,0,0,18.75,,18.75,56.25,0,18.75,0,0,2.5,,,,0,0,62.5,8.75,83.5,90.3,92,NA,NA,88.60,1,2,3,3.5,22,24,SPPA,H,
9/16/2014,Saw Mill Creek,SI2.1,2,0,0,2.5,0,0,0,0,0,37.5,,2.5,42.5,0,8.75,0,0,2.5,,,,0,0,37.5,37.5,75.5,78.5,93,NA,NA,82.33,0,1,2,2,22,20,SPPA,H,
9/16/2014,Saw Mill Creek,SI2.1,3,0,0,0,0,0,0,0,0,37.5,,0,37.5,0,0,0,0,2.5,,,,0,0,62.5,18.75,76.5,53.5,54,NA,NA,61.33,1,2,3,4,44,16,SPPA,H,
9/16/2014,Saw Mill Creek,SI2.1,4,0,0,87.5,0,0,0,0,0,8.75,,62.5,158.75,0,0,0,0,2.5,,,,0,0,0,0,115,100.5,89,NA,NA,101.50,1,2,3,4.5,36,16,SPPA,H,
9/16/2014,Saw Mill Creek,SI2.1,5,0,0,2.5,0,0,0,0,0,62.5,,2.5,67.5,0,0,0,0,2.5,,,,0,0,37.5,18.75,85.5,98.5,83.5,NA,NA,89.17,2,3,3,3.5,54,16,SPPA,H,
9/16/2014,Saw Mill Creek,SI2.1,6,0,0,18.75,0,0,0,0,0,62.5,,2.5,83.75,0,0,0,0,8.75,,,,0,0,62.5,0,82.5,63.5,68,NA,NA,71.33,2,4,4,4,6,4,SPAL,L,
9/16/2014,Saw Mill Creek,SI2.1,7,0,0,18.75,0,0,0,0,0,62.5,,18.75,100,0,0,0,0,8.75,,,,0,0,37.5,0,90.5,72,89.5,NA,NA,84.00,0.5,2,2.5,2.5,30,24,SPPA,H,
9/16/2014,Saw Mill Creek,SI2.1,8,0,0,18.75,0,0,0,0,0,37.5,,18.75,75,0,0,0,0,2.5,,,,0,0,62.5,0,48.5,68,72.5,NA,NA,63.00,2,2.5,2.5,3,78,12,SPAL,L,
9/16/2014,Saw Mill Creek,SI2.1,9,0,0,37.5,0,0,0,0,0,37.5,,37.5,112.5,0,0,0,0,2.5,,,,0,0,18.75,0,74,65.5,119,NA,NA,86.17,1,3,4,4,42,28,SPAL,L,
9/16/2014,Saw Mill Creek,SI2.1,10,0,0,37.5,0,0,0,0,0,18.72,,37.5,93.72,0,18.75,0,0,2.5,,,,0,0,2.5,0,86.5,81.5,117,NA,NA,95.00,8,11,13,15,10,8,SPAL,L,
9/16/2014,Saw Mill Creek,SI2.1,11,0,0,37.5,0,0,0,0,0,18.75,,62.5,118.75,0,0,0,0,2.5,,,,0,0,2.5,0,77.5,101,72,NA,NA,83.50,4,7,9,10,10,10,SPPA,H,
9/16/2014,Saw Mill Creek,SI2.1,12,0,0,0,0,0,0,0,0,87.5,,0,87.5,0,0,0,0,0,,,,0,0,18.75,18.75,114,108,84.5,NA,NA,102.17,1.5,2.5,2.5,3,22,14,SPPA,H,
9/16/2014,Saw Mill Creek,SI2.1,13,0,2.5,8.75,0,0,0,0,0,18.75,,37.5,67.5,0,0,0,0,0,,,,0,0,37.5,18.75,99,103,106.5,NA,NA,102.83,2,4,4.5,5,56,16,SPAL,H,
9/16/2014,Saw Mill Creek,SI2.1,14,0,0,37.5,0,0,0,0,0,37.5,,37.5,112.5,0,0,0,0,18.75,,,,0,0,37.5,0,107.5,66,80.5,NA,NA,84.67,8.5,9,11.5,12,0,2,SPAL,L,
9/16/2014,Saw Mill Creek,SI2.1,15,0,0,0,0,0,0,0,0,37.5,,0,37.5,0,0,0,0,8.75,2.5,,,0,0,87.5,2.5,102.5,106.5,91,NA,NA,100.00,8,9,9,9.5,8,10,SPPA,H,
9/16/2014,Saw Mill Creek,SI2.1,16,0,0,2.5,0,0,0,0,0,62.5,,2.5,67.5,0,0,0,0,2.5,,,,0,0,87.5,0,64,81.5,99,NA,NA,81.50,23,25,26,28,12,10,SPPA,L,
9/16/2014,Saw Mill Creek,SI2.1,17,0,0,18.75,0,0,0,0,0,18.75,,18.75,56.25,0,0,0,0,2.5,,,,0,0,18.75,37.5,62,94,90,NA,NA,82.00,16,20,23,24.5,28,8,SPAL,H,
9/16/2014,Saw Mill Creek,SI2.1,18,0,0,8.75,0,0,0,0,0,37.5,,0,46.25,0,0,0,0,8.75,,,,0,0,62.5,0,59.5,66.5,113,NA,NA,79.67,23,28,31,34,22,2,SPAL,L,
9/16/2014,Saw Mill Creek,SI2.1,19,0,2.5,62.5,0,0,0,0,0,8.75,,62.5,136.25,0,0,0,0,2.5,,,,0,0,0,0,93,98.5,75.5,NA,NA,89.00,13.5,14.5,16.5,17,6,4,SPAL,L,
9/16/2014,Saw Mill Creek,SI2.1,20,0,0,37.5,0,0,0,0,0,18.75,,37.5,93.75,0,37.5,0,0,8.75,,,,0,0,0,0,67.5,102,90.5,NA,NA,86.67,14,14.5,15,16,34,14,SPPA,H,
9/16/2014,Saw Mill Creek,SI2.1,21,,,,,,,,,,,,,,,,,,,,,,,,,,,,,,,14,16,17,17.5,0,8,SPPA,H,
9/16/2014,Saw Mill Creek,SI2.1,22,,,,,,,,,,,,,,,,,,,,,,,,,,,,,,,17,18,18,18,8,6,SPAL,H,
9/16/2014,Saw Mill Creek,SI2.1,23,,,,,,,,,,,,,,,,,,,,,,,,,,,,,,,23.5,24,24,24.5,4,4,SPAL,L,
9/16/2014,Saw Mill Creek,SI2.1,24,,,,,,,,,,,,,,,,,,,,,,,,,,,,,,,28,32,34,35,38,8,SPPA,H,
9/16/2014,Saw Mill Creek,SI2.1,25,,,,,,,,,,,,,,,,,,,,,,,,,,,,,,,27,29,31,32,24,16,SPPA,H,
9/16/2014,Saw Mill Creek,SI2.1,26,,,,,,,,,,,,,,,,,,,,,,,,,,,,,,,39,40,41,42,4,0,SPAL,L,
9/16/2014,Saw Mill Creek,SI2.1,27,,,,,,,,,,,,,,,,,,,,,,,,,,,,,,,32,38,41,44,3,12,SPPA,H,
9/16/2014,Saw Mill Creek,SI2.1,28,,,,,,,,,,,,,,,,,,,,,,,,,,,,,,,43,46.5,48,49.5,16,4,SPPA,H,
9/16/2014,Saw Mill Creek,SI2.1,29,,,,,,,,,,,,,,,,,,,,,,,,,,,,,,,27,28,28.5,28.5,30,35,SPPA,H,
9/16/2014,Saw Mill Creek,SI2.1,30,,,,,,,,,,,,,,,,,,,,,,,,,,,,,,,36,37,38,38.5,72,22,SPPA,H,
9/16/2014,Udalls,BQ6,1,0,0,8.75,0,0,0,0,18.75,62.5,,0,90,0,0,0,0,8.75,0,,,0,0,37.5,0,62,57,45,NA,NA,54.67,3,5,6,7.5,64,12,SPPA,H,
9/16/2014,Udalls,BQ6,2,0,0,37.5,0,0,0,0,0,37.5,,0,75,0,0,0,0,18.75,0,,,0,0,37.5,0,129,175,122,NA,NA,142.00,2,3.5,5.5,7,40,3,SPAL,L,
9/16/2014,Udalls,BQ6,3,0,0,18.75,0,0,0,0,8.75,62.5,,0,90,0,0,0,0,8.75,0,,,0,0,18.75,0,44.5,45,48,NA,NA,45.83,0.5,2,3.5,4,48,4,SPAL,L,
9/16/2014,Udalls,BQ6,4,0,0,87.5,0,0,0,0,0,2.5,,87.5,177.5,0,0,0,0,2.5,0,,,0,0,2.5,0,75,36,31,NA,NA,47.33,1,4,5.5,6.5,16,12,SPPA,H,
9/16/2014,Udalls,BQ6,5,0,0,87.5,0,0,0,0,2.5,8.75,,62.5,161.25,0,0,0,0,2.5,0,,,0,0,2.5,0,101,87,138,NA,NA,108.67,1.5,3,5,6,20,0,SPAL,L,
9/16/2014,Udalls,BQ6,6,0,0,37.5,0,0,0,0,0,18.75,,0,56.25,0,0,0,0,18.75,0,,,0,18.75,37.5,0,86.5,73,131,NA,NA,96.83,1,2.5,4,5.5,47,5,SPAL,H,
9/16/2014,Udalls,BQ6,7,0,0,8.75,0,0,0,0,8.75,18.75,,0,36.25,0,0,0,0,18.75,0,,,0,62.5,8.75,0,32,48,36,NA,NA,38.67,0.5,3.5,5.5,7.5,8,0,SPAL,H,
9/16/2014,Udalls,BQ6,8,0,0,62.5,0,0,0,0,8.75,8.75,,0,80,0,0,0,0,2.5,0,,,0,0,37.5,0,58,47,59,NA,NA,54.67,1.5,2.5,3.5,4,36,2,SPAL,H,
9/16/2014,Udalls,BQ6,9,0,0,37.5,0,0,0,0,0,62.5,,0,100,0,0,0,0,18.75,0,,,0,0,18.75,0,61,81,65.5,NA,NA,69.17,0.5,2.5,3,3.5,95,14,SPPA,H,
9/16/2014,Udalls,BQ6,10,0,0,8.75,0,0,0,0,0,37.5,,0,46.25,0,0,0,0,37.5,0,,,0,18.75,8.75,0,49,64,41,NA,NA,51.33,0.5,2.5,3,3.5,50,6,SPPA,H,
9/16/2014,Udalls,BQ6,11,0,0,8.75,0,0,0,0,0,37.5,,0,46.25,0,0,0,0,37.5,0,,,0,0,18.75,0,63,73,69,NA,NA,68.33,0.5,1,1.5,2,36,16,SPAL,L,
9/16/2014,Udalls,BQ6,12,0,0,87.5,0,0,0,0,0,18.75,,0,106.25,0,0,0,0,8.75,0,,,0,0,0.5,0,100,57,37,NA,NA,64.67,0.5,1.5,2.5,3,22,2,SPPA,H,
9/16/2014,Udalls,BQ6,13,0,0,0,0,0,0,0,0,87.5,,0,87.5,0,0,0,0,18.75,0,,,0,0,8.75,0,62,65,58,NA,NA,61.67,0.5,1.5,2,2.5,50,0,SPAL,L,
9/16/2014,Udalls,BQ6,14,0,0,0,0,0,0,0,0,37.5,,0,37.5,0,0,0,0,18.75,2.5,,,0,0,62.5,0,51,106,68,NA,NA,75.00,0.5,1,2,2.5,20,8,SPAL,L,
9/16/2014,Udalls,BQ6,15,0,0,62.5,0,0,0,0,0,18.75,,62.5,143.75,0,0,0,0,2.5,0.5,,,0,0,2.5,0,97,70,107,NA,NA,91.33,0,1.5,3,3.5,38,18,SPAL,L,
9/16/2014,Udalls,BQ6,16,0,0.5,2.5,0,0,0,0,0,62.5,,0,65.5,0,0,0,0,18.75,18.75,,,0,0,37.5,0,77,90,67,NA,NA,78.00,0.5,2,3.5,4.5,54,8,SPAL,L,
9/16/2014,Udalls,BQ6,17,0,0,62.5,0,0,0,0,2.5,37.5,,0,102.5,0,0,0,0,2.5,0.5,,,0,0,8.75,0,132,146,127,NA,NA,135.00,0.5,1,1.5,2,60,14,SPPA,H,
9/16/2014,Udalls,BQ6,18,0,0,62.5,0,0,0,0,8.75,18.75,,0,90,0,0,0,0,2.5,0,,,0,0,2.5,0,62,86,77,NA,NA,75.00,0,1,2,2.5,14,16,SPPA,H,
9/16/2014,Udalls,BQ6,19,0,0,0,0,0,0,0,62.5,8.75,,0,71.25,0,0,0,0,2.5,0,,,0,0,8.75,0,41,55,52,NA,NA,49.33,0.5,1,2,2.5,16,4,SPAL,L,
9/16/2014,Udalls,BQ6,20,0,0,62.5,0,0,0,0,18.75,18.75,,0,100,0,0,0,0,2.5,0,,,0,0,8.75,0,50,46,57,NA,NA,51.00,0.5,1.5,2,2.5,20,2,SPAL,H,
9/16/2014,Udalls,BQ6,21,,,,,,,,,,,,,,,,,,,,,,,,,,,,,,,0.5,3.5,5,6.5,74,3,SPAL,H,
9/16/2014,Udalls,BQ6,22,,,,,,,,,,,,,,,,,,,,,,,,,,,,,,,0,2.5,4,5,47,8,SPAL,L,
9/16/2014,Udalls,BQ6,23,,,,,,,,,,,,,,,,,,,,,,,,,,,,,,,0.5,1.5,2,3,33,6,SPAL,L,
9/16/2014,Udalls,BQ6,24,,,,,,,,,,,,,,,,,,,,,,,,,,,,,,,1.5,4,6,8,36,10,SPAL,L,
9/16/2014,Udalls,BQ6,25,,,,,,,,,,,,,,,,,,,,,,,,,,,,,,,1,2.5,4,4.5,16,0,SPAL,L,
9/16/2014,Udalls,BQ6,26,,,,,,,,,,,,,,,,,,,,,,,,,,,,,,,0.5,2.5,3.5,4,8,2,SPPA,H,
9/16/2014,Udalls,BQ6,27,,,,,,,,,,,,,,,,,,,,,,,,,,,,,,,0,1,1.5,2,18,15,SPPA,H,
9/16/2014,Udalls,BQ6,28,,,,,,,,,,,,,,,,,,,,,,,,,,,,,,,1,3,5,6,32,10,SPPA,H,
9/16/2014,Udalls,BQ6,29,,,,,,,,,,,,,,,,,,,,,,,,,,,,,,,0.5,1,1.5,2,38,0,SPAL,H,
9/16/2014,Udalls,BQ6,30,,,,,,,,,,,,,,,,,,,,,,,,,,,,,,,1,1.5,2,2.5,36,12,SPPA,H,
9/25/2014,Hutch Outer,BQ1.1,1,0,0,18.75,0,0,0,0,2.5,37.5,,18.75,77.5,0,0,0,2.5,8.75,0,,,0,0,62.5,0,133,110.5,98,NA,NA,113.83,1,3,4,4.5,16,12,SPPA,H,
9/25/2014,Hutch Outer,BQ1.1,2,0,0,37.5,0,0,0,0,0,37.5,,18.75,93.75,0,0,0,2.5,2.5,0,,,0,0,62.5,0,101.5,91,111.5,NA,NA,101.33,1,8,12.5,15,14,24,SPAL,L,
9/25/2014,Hutch Outer,BQ1.1,3,0,0,8.75,0,0,0,0,0,37.5,,8.75,55,0,0,0,8.75,18.75,2.5,,,0,0,37.5,0,110,92.5,47,NA,NA,83.17,2,6,8.5,10,9,8,SPAL,L,
9/25/2014,Hutch Outer,BQ1.1,4,0,0,0,0,0,0,0,0,62.5,,0,62.5,0,0,0,8.75,8.75,0,,,0,0,37.5,18.75,85,84.5,99,NA,NA,89.50,0.1,4,4,4.5,16,2,SPAL,L,
9/25/2014,Hutch Outer,BQ1.1,5,0,0,0,0,0,0,0,0,37.5,,0,37.5,0,0,0,8.75,2.5,8.75,,,0,0,87.5,0,84,90,76.5,NA,NA,83.50,0,2,3,3.5,40,14,SPPA,L,
9/25/2014,Hutch Outer,BQ1.1,6,0,0,0,0,0,0,0,0,37.5,,0,37.5,0,0,0,18.75,2.5,0,,,0,0,87.5,0,124.5,115,91.5,NA,NA,110.33,1,5,6.5,7.5,46,22,SPPA,H,
9/25/2014,Hutch Outer,BQ1.1,7,0,0,18.75,0,0,0,0,0,37.5,,18.75,75,0,0,0,2.5,0,0,,,0,0,87.5,0,93,86.5,108,NA,NA,95.83,2,5.5,6.5,7.5,29,10,SPPA,H,
9/25/2014,Hutch Outer,BQ1.1,8,0,0,18.75,0,0,2.5,0,0,37.5,,18.75,77.5,0,0,0,2.5,2.5,0,,,0,0,62.5,0,50,67,80,NA,NA,65.67,0.5,2,3,4,10,14,SPPA,H,
9/25/2014,Hutch Outer,BQ1.1,9,0,0,18.75,0,0,0,0,0,62.5,,0,81.25,0,0,0,2.5,2.5,2.5,,,0,0,62.5,0,70.5,55.5,64.5,NA,NA,63.50,1,3.5,5.5,7,55,26,SPPA,H,
9/25/2014,Hutch Outer,BQ1.1,10,0,0,0,0,0,0,0,2.5,37.5,,0,40,0,0,0,0,2.5,0.5,,,0,0,87.5,0,64.5,94,88,NA,NA,82.17,0.5,1,1.5,2,9,0,SPAL,L,
9/25/2014,Hutch Outer,BQ1.1,11,0,0,18.75,0,0,0,0,0,37.5,,18.75,75,0,0,0,2.5,2.5,22.5,,,0,0,37.5,9,98,72,113,NA,NA,94.33,1,4,6.5,10.5,15,35,SPAL,L,
9/25/2014,Hutch Outer,BQ1.1,12,0,0,8.75,0,0,2.5,0,0,18.75,,0,30,0,0,0,0,8.75,0,,,0,0,87.5,8.75,70.5,76.5,78.5,NA,NA,75.17,1.5,8,15,12,84,40,SPPA,H,
9/25/2014,Hutch Outer,BQ1.1,13,0,0,0,0,0,0,0,0,37.5,,0,37.5,0,0,0,0.5,2.5,2.5,,,0,0,87.5,8.75,67.5,63.5,86,NA,NA,72.33,1,2,3,5,78,25,SPAL,L,
9/25/2014,Hutch Outer,BQ1.1,14,0,0,0,0,0,0,0,0,37.5,,0,37.5,0,0,0,2.5,2.5,8.75,,,0,0,87.5,0,90,83,87,NA,NA,86.67,1,3.5,5.5,7.5,17,18,SPPA,H,
9/25/2014,Hutch Outer,BQ1.1,15,0,0,18.75,0,0,0,0,0,37.5,,18.75,75,0,0,0,18.75,2.5,0,,,0,0,37.5,0,110,91,79,NA,NA,93.33,1.5,6.5,9.5,11,34,11,SPPA,H,
9/25/2014,Hutch Outer,BQ1.1,16,0,0,18.75,0,0,0,0,0,18.75,,37.5,75,0,0,0,0,2.5,0,,,0,0,18.75,2.5,92,86,82,NA,NA,86.67,0.5,1,1.5,1.75,14,32,SPPA,H,
9/25/2014,Hutch Outer,BQ1.1,17,0,0,18.75,0,0,0,0,0,18.75,,37.5,75,0,0,0,2.5,2.5,0,,,0,0,18.75,0,71,97,100,NA,NA,89.33,0.5,3.5,4.5,5.5,60,45,SPAL,H,
9/25/2014,Hutch Outer,BQ1.1,18,0,0,18.75,0,0,0,0,0,8.75,,18.75,46.25,0,0,0,0,2.5,0,,,0,0,37.5,0,105,104.5,83,NA,NA,97.50,0.5,4,5.5,6,10,17,SPAL,L,
9/25/2014,Hutch Outer,BQ1.1,19,0,0,8.75,0,0,0,0,0,62.5,,8.75,80,0,0,0,2.5,8.75,0,,,0,0,18.75,0,71,85,16,NA,NA,57.33,0.5,3.5,5.5,7.5,102,8,SPAL,L,
9/25/2014,Hutch Outer,BQ1.1,20,0,0,18.75,0,0,0,0,0,37.5,,18.75,75,0,0,0,2.5,18.75,0,,,0,0,62.5,0,78,95,90,NA,NA,87.67,1,6.5,7.5,9,42,40,SPAL,L,
9/25/2014,Hutch Outer,BQ1.1,21,,,,,,,,,,,,,,,,,,,,,,,,,,,,,,,1,6.5,10,11.5,39,22,SPAL,L,
9/25/2014,Hutch Outer,BQ1.1,22,,,,,,,,,,,,,,,,,,,,,,,,,,,,,,,1,4.5,5,6,30,15,SPPA,H,
9/25/2014,Hutch Outer,BQ1.1,23,,,,,,,,,,,,,,,,,,,,,,,,,,,,,,,1.5,6.5,9.5,14.5,14,26,SPAL,L,
9/25/2014,Hutch Outer,BQ1.1,24,,,,,,,,,,,,,,,,,,,,,,,,,,,,,,,0.25,3.5,5,7,16,7,SPAL,L,
9/25/2014,Hutch Outer,BQ1.1,25,,,,,,,,,,,,,,,,,,,,,,,,,,,,,,,0.25,4.5,7.5,9.5,22,10,SPAL,L,
9/25/2014,Hutch Outer,BQ1.1,26,,,,,,,,,,,,,,,,,,,,,,,,,,,,,,,4,13,19,23,73,26,SPPA,H,
9/25/2014,Hutch Outer,BQ1.1,27,,,,,,,,,,,,,,,,,,,,,,,,,,,,,,,4,9,11,13,56,22,SPPA,H,
9/25/2014,Hutch Outer,BQ1.1,28,,,,,,,,,,,,,,,,,,,,,,,,,,,,,,,2,6,8.5,10.5,76,24,SPPA,H,
9/25/2014,Hutch Outer,BQ1.1,29,,,,,,,,,,,,,,,,,,,,,,,,,,,,,,,1.5,5,9.5,11,60,40,SPPA,H,
9/25/2014,Hutch Outer,BQ1.1,30,,,,,,,,,,,,,,,,,,,,,,,,,,,,,,,0.5,4,6.5,8,60,42,SPAL,H,
9/25/2014,Pelham Bay Cove,BQ2,1,0,0,37.5,0,0,0,0,0,37.5,,37.5,112.5,0,0,0,0,2.5,0,,,0,0,37.5,0,79,87.5,99.5,NA,NA,88.67,0,1,2,2.5,28,16,SPPA,H,
9/25/2014,Pelham Bay Cove,BQ2,2,0,0,37.5,0,0,0,0,0,18.75,,18.75,75,0,0,0,0,8.75,8.75,,,0,0,62.5,8.75,121,126,90,NA,NA,112.33,0,1,1.5,2,58,24,SPPA,H,
9/25/2014,Pelham Bay Cove,BQ2,3,0,0,8.75,0,0,0,0,0,37.5,,8.75,55,0,0,0,0,2.5,8.75,,,0,0,62.5,18.75,91,94,101,NA,NA,95.33,1,6.5,9,12,30,20,SPPA,H,
9/25/2014,Pelham Bay Cove,BQ2,4,0,0,18.75,0,0,0,0,0,18.75,,18.75,56.25,0,0,0,0,18.75,2.5,,,0,0,37.5,0,91.5,83.5,91.5,NA,NA,88.83,1,4,4,5,28,2,SPAL,L,
9/25/2014,Pelham Bay Cove,BQ2,5,0,0,0,0,0,0,0,0,37.5,,0,37.5,0,0,0,2.5,8.75,8.75,,,0,0,87.5,0,103,80,97,NA,NA,93.33,0,3.5,5,6.5,32,0,SPAL,L,
9/25/2014,Pelham Bay Cove,BQ2,6,0,0,8.75,0,0,0,0,0,18.75,,8.75,36.25,0,0,0,0,2.5,0,,,0,0,87.5,18.75,85,106,106.5,NA,NA,99.17,0,1.5,2,2.5,16,8,SPAL,L,
9/25/2014,Pelham Bay Cove,BQ2,7,0,0,0,0,0,0,0,0,18.75,,0,18.75,0,0,0,0,2.5,0,,,0,0,37.5,18.75,107,127,88.5,NA,NA,107.50,0,3,6,11,49,12,SPAL,L,
9/25/2014,Pelham Bay Cove,BQ2,8,0,0,18.75,0,0,0,0,0,18.75,,18.75,56.25,0,0,0,0,8.75,0,,,0,0,87.5,0,72,129,108.5,NA,NA,103.17,1.5,3,4,5,52,15,SPAL,L,
9/25/2014,Pelham Bay Cove,BQ2,9,0,0,8.75,0,0,0,0,0,37.5,,8.75,55,0,0,0,0,8.75,0,,,0,0,87.5,0,75,87,104,NA,NA,88.67,0,2,3,3,46,18,SPPA,H,
9/25/2014,Pelham Bay Cove,BQ2,10,0,0,62.5,0,0,0,0,0,18.75,,62.5,143.75,0,0,0,0,2.5,0,,,0,0,18.75,0,85,87.5,103,NA,NA,91.83,0.5,4,5,7.5,62,32,SPPA,H,
9/25/2014,Pelham Bay Cove,BQ2,11,0,0,37.5,0,0,0,0,0,8.75,,37.5,83.75,0,0,0,0,2.5,2.5,,,0,0,18.75,0,115,70,120.5,NA,NA,101.83,0,3,4,5,60,24,SPPA,H,
9/25/2014,Pelham Bay Cove,BQ2,12,0,0,8.75,0,0,0,0,0,37.5,,8.75,55,0,0,0,0,8.75,2.5,,,0,0,37.5,0,66.5,108,84,NA,NA,86.17,0,3,6,8,66,30,SPAL,H,
9/25/2014,Pelham Bay Cove,BQ2,13,0,0,37.5,0,0,0,0,0,37.5,,37.5,112.5,0,0,0,0,8.75,0,,,0,0,87.5,0,106.5,93,104.5,NA,NA,101.33,1,2.5,4,4.5,48,28,SPPA,H,
9/25/2014,Pelham Bay Cove,BQ2,14,0,0,62.5,0,0,0,0,0,8.75,,62.5,133.75,0,0,0,0,8.75,2.5,,,0,0,8.75,18.75,110,92.5,90,NA,NA,97.50,0,2,3,3.5,49,24,SPPA,H,
9/25/2014,Pelham Bay Cove,BQ2,15,0,0,37.5,0,0,0,0,0,18.75,,37.5,93.75,0,0,0,0,2.5,2.5,,,0,0,37.5,0,84.5,73,108,NA,NA,88.50,0.5,2,3.5,5.5,64,15,SPAL,L,
9/25/2014,Pelham Bay Cove,BQ2,16,0,0,8.75,0,0,0,0,0,37.5,,0,46.25,0,0,0,0,2.5,0,,,0,0,87.5,8.75,79,88.5,82,NA,NA,83.17,0,0.5,1.5,2,26,28,SPAL,L,
9/25/2014,Pelham Bay Cove,BQ2,17,0,0,18.75,0,0,0,0,0,37.5,,18.75,75,0,0,0,0,8.75,2.5,,,0,0,37.5,37.5,93,78,86.5,NA,NA,85.83,0.5,7.5,14,17,0,12,SPAL,L,
9/25/2014,Pelham Bay Cove,BQ2,18,0,0,0,0,0,0,0,0,37.5,,0,37.5,0,0,0,0,2.5,2.5,,,0,0,87.5,2.5,104.5,107,106.5,NA,NA,106.00,0.5,1.5,2.5,3.5,36,0,SPAL,L,
9/25/2014,Pelham Bay Cove,BQ2,19,0,0,8.75,0,0,0,0,0,18.75,,8.75,36.25,0,0,0,0,2.5,2.5,,,0,0,62.5,8.75,109.5,114,63.5,NA,NA,95.67,0.5,3,6,7,35,15,SPPA,H,
9/25/2014,Pelham Bay Cove,BQ2,20,0,0,0,0,0,0,0,0,37.5,,0,37.5,0,0,0,0,8.75,18.75,,,0,0,87.5,8.75,132,88,118.5,NA,NA,112.83,0,2.5,4,5,16,20,SPPA,H,
9/25/2014,Pelham Bay Cove,BQ2,21,,,,,,,,,,,,,,,,,,,,,,,,,,,,,,,0,2,3,4,54,14,SPPA,H,
9/25/2014,Pelham Bay Cove,BQ2,22,,,,,,,,,,,,,,,,,,,,,,,,,,,,,,,0,1,1.5,2,46,20,SPPA,H,
9/25/2014,Pelham Bay Cove,BQ2,23,,,,,,,,,,,,,,,,,,,,,,,,,,,,,,,0,1.5,2.25,3,18,20,SPAL,L,
9/25/2014,Pelham Bay Cove,BQ2,24,,,,,,,,,,,,,,,,,,,,,,,,,,,,,,,0.5,5,7,8.5,47,0,SPAL,L,
9/25/2014,Pelham Bay Cove,BQ2,25,,,,,,,,,,,,,,,,,,,,,,,,,,,,,,,0.5,2.5,3.5,4,0,8,SPAL,L,
9/25/2014,Pelham Bay Cove,BQ2,26,,,,,,,,,,,,,,,,,,,,,,,,,,,,,,,1.5,4,5.5,6.5,15,12,SPPA,H,
9/25/2014,Pelham Bay Cove,BQ2,27,,,,,,,,,,,,,,,,,,,,,,,,,,,,,,,2,5.5,8.5,10.5,68,15,SPAL,L,
9/25/2014,Pelham Bay Cove,BQ2,28,,,,,,,,,,,,,,,,,,,,,,,,,,,,,,,0,1.5,2,2.5,30,26,SPPA,H,
9/25/2014,Pelham Bay Cove,BQ2,29,,,,,,,,,,,,,,,,,,,,,,,,,,,,,,,0,1.5,2,2.5,66,18,SPPA,H,
9/25/2014,Pelham Bay Cove,BQ2,30,,,,,,,,,,,,,,,,,,,,,,,,,,,,,,,0,1.5,2.5,3,44,15,SPPA,H,
8/12/2015,Spring Creek,JB2,1,0.00,0.00,0.00,0.00,0.00,0.00,0.00,0.00,37.50,,0.00,37.50,0.00,0.00,0.00,0.00,18.75,37.50,,,0.00,0.00,18.75,0.00,44,58,48,7.5,17,34.90,,,,,,,,,
8/12/2015,Spring Creek,JB2,2,0.00,0.00,0.00,0.00,0.00,0.00,0.00,0.00,87.50,,0.00,87.50,0.00,0.00,0.00,0.00,18.75,37.50,,,0.00,0.00,8.75,0.00,NA,NA,NA,NA,NA,NA,,,,,,,,,
8/12/2015,Spring Creek,JB2,3,0.00,0.00,0.00,0.00,0.00,0.00,0.00,0.00,87.50,,0.00,87.50,0.00,0.00,0.00,0.00,8.75,37.50,,,0.00,0.00,2.50,2.50,13,11.5,12,7,12,11.10,,,,,,,,,
8/12/2015,Spring Creek,JB2,4,0.00,0.00,0.00,0.00,0.00,0.00,0.00,0.00,87.50,,0.00,87.50,0.00,0.00,0.00,8.75,2.50,2.50,,,0.00,0.00,37.50,0.00,NA,NA,NA,NA,NA,NA,,,,,,,,,
8/12/2015,Spring Creek,JB2,5,0.00,0.00,0.00,0.00,0.00,0.00,0.00,0.00,37.50,,0.00,37.50,0.00,0.00,0.00,0.00,37.50,2.50,,,0.00,0.00,37.50,0.00,5,7,5,8,20.5,9.10,,,,,,,,,
8/12/2015,Spring Creek,JB2,6,0.00,0.00,0.00,0.00,0.00,0.00,0.00,0.00,62.50,,0.00,62.50,0.00,0.00,0.00,0.00,37.50,8.75,,,0.00,0.00,37.50,0.00,NA,NA,NA,NA,NA,NA,,,,,,,,,
8/12/2015,Spring Creek,JB2,7,0.00,0.00,0.00,0.00,0.00,0.00,0.00,0.00,62.50,,0.00,62.50,0.00,0.00,0.00,0.00,2.50,2.50,,,0.00,0.00,62.50,0.00,49,56,28,12,25,34.00,,,,,,,,,
8/12/2015,Spring Creek,JB2,8,0.00,0.00,0.00,0.00,0.00,0.00,0.00,0.00,87.50,,0.00,87.50,0.00,0.00,0.00,0.00,8.75,0.00,,,0.00,0.00,18.75,0.00,NA,NA,NA,NA,NA,NA,,,,,,,,,
8/12/2015,Spring Creek,JB2,9,0.00,0.00,0.00,0.00,0.00,0.00,0.00,0.00,87.50,,0.00,87.50,0.00,0.00,0.00,0.00,8.75,0.00,,,0.00,0.00,8.75,0.00,7,16,10,5.5,8,9.30,,,,,,,,,
8/12/2015,Spring Creek,JB2,10,0.00,0.00,0.00,0.00,0.00,0.00,0.00,0.00,62.50,,0.00,62.50,0.00,0.00,0.00,0.00,8.75,37.50,,,0.00,0.00,62.50,0.00,NA,NA,NA,NA,NA,NA,,,,,,,,,
8/12/2015,Spring Creek,JB2,11,0.00,0.00,0.00,0.00,0.00,0.00,0.00,0.00,87.50,,0.00,87.50,0.00,0.00,0.00,0.00,8.75,2.50,,,0.00,0.00,18.75,0.00,19,33,28,32,22,26.80,,,,,,,,,
8/12/2015,Spring Creek,JB2,12,0.00,0.00,0.00,0.00,0.00,0.00,0.00,0.00,62.50,,0.00,62.50,0.00,0.00,0.00,0.00,8.75,0.00,,,0.00,0.00,37.50,2.50,NA,NA,NA,NA,NA,NA,,,,,,,,,
8/12/2015,Spring Creek,JB2,13,0.00,0.00,0.00,0.00,0.00,0.00,0.00,0.00,87.50,,0.00,87.50,0.00,0.00,0.00,0.00,37.50,2.50,,,0.00,0.00,8.75,0.00,25,20,30,21,14,22.00,,,,,,,,,
8/12/2015,Spring Creek,JB2,14,0.00,0.00,8.75,0.00,0.00,0.00,0.00,0.00,62.50,,8.75,80.00,0.00,0.00,0.00,0.00,8.75,0.50,,,0.00,0.00,8.75,0.00,NA,NA,NA,NA,NA,NA,,,,,,,,,
8/12/2015,Spring Creek,JB2,15,0.00,0.00,0.00,0.00,0.00,0.00,0.00,0.00,37.50,,0.00,37.50,0.00,0.00,0.00,0.00,8.75,2.50,,,0.00,0.00,62.50,0.00,23.5,54,39,34,19,33.90,,,,,,,,,
8/12/2015,Spring Creek,JB2,16,0.00,0.00,0.00,0.00,0.00,0.00,0.00,0.00,0.00,,0.00,0.00,87.50,0.00,0.00,0.00,0.00,0.00,,,0.00,0.00,0.00,0.00,NA,NA,NA,NA,NA,NA,,,,,,,,,
8/12/2015,Spring Creek,JB2,17,0.00,0.00,0.00,0.00,0.00,0.00,0.00,0.00,0.00,,0.00,0.00,87.50,0.00,0.00,0.00,0.00,0.00,,,0.00,0.00,0.00,0.00,NA,NA,NA,NA,NA,NA,,,,,,,,,
8/12/2015,Spring Creek,JB2,18,0.00,0.00,62.50,0.00,0.00,0.00,0.00,0.00,18.75,,0.00,81.25,0.00,0.00,0.00,0.00,2.50,2.50,,,0.00,0.00,8.75,0.00,NA,NA,NA,NA,NA,NA,,,,,,,,,
8/12/2015,Spring Creek,JB2,19,0.00,0.00,0.00,0.00,0.00,0.00,0.00,0.00,87.50,,0.00,87.50,0.00,0.00,0.00,0.00,8.75,0.00,,,0.00,0.00,18.75,0.00,14,15,8.5,13,11,12.30,,,,,,,,,
8/12/2015,Spring Creek,JB2,20,0.00,0.00,0.00,0.00,0.00,0.00,0.00,0.00,87.50,,0.00,87.50,0.00,0.00,0.00,0.00,8.75,18.75,,,0.00,0.00,8.75,0.00,NA,NA,NA,NA,NA,NA,,,,,,,,,
8/12/2015,Spring Creek,JB2,21,0.00,0.00,0.00,0.00,0.00,0.00,0.00,2.50,37.50,,0.00,40.00,0.00,0.00,0.00,0.00,8.75,18.75,,,0.00,0.00,62.50,0.00,42,21,6,8,10,17.40,,,,,,,,,
8/12/2015,Spring Creek,JB2,22,0.00,0.00,0.00,0.00,0.00,0.00,0.00,0.00,0.00,,0.00,0.00,87.50,0.00,0.00,0.00,0.00,0.00,,,0.00,0.00,0.00,0.00,NA,NA,NA,NA,NA,NA,,,,,,,,,
8/12/2015,Spring Creek,JB2,23,0.00,0.00,0.00,0.00,0.00,0.00,0.00,0.00,0.00,,0.00,0.00,87.50,0.00,0.00,0.00,0.00,0.00,,,0.00,0.00,0.00,0.00,NA,NA,NA,NA,NA,NA,,,,,,,,,
8/12/2015,Spring Creek,JB2,24,0.00,0.00,0.00,0.00,0.00,0.00,0.00,0.00,37.50,,0.00,37.50,0.00,0.00,0.00,0.00,8.75,18.75,,,0.00,0.00,62.50,0.00,NA,NA,NA,NA,NA,NA,,,,,,,,,
8/12/2015,Spring Creek,JB2,25,0.00,0.00,0.00,0.00,0.00,0.00,0.00,0.00,87.50,,0.00,87.50,0.00,0.00,0.00,0.00,8.75,2.50,,,0.00,0.00,8.75,0.00,8,8,19,11,18.5,12.90,,,,,,,,,
8/12/2015,Spring Creek,JB2,26,0.00,0.00,0.00,0.00,0.00,0.00,0.00,2.50,87.50,,0.00,90.00,0.00,0.00,0.00,0.00,18.75,0.50,,,0.00,0.00,18.75,0.00,NA,NA,NA,NA,NA,NA,,,,,,,,,
8/12/2015,Spring Creek,JB2,27,0.00,0.00,37.50,0.00,0.00,2.50,0.00,2.50,8.75,,37.50,88.75,0.00,0.00,0.00,0.00,2.50,0.00,,,0.00,0.00,8.75,0.00,6,8,8,7,6,7.00,,,,,,,,,
8/12/2015,Spring Creek,JB2,28,0.00,0.00,0.00,0.00,0.00,0.00,0.00,2.50,87.50,,0.00,90.00,0.00,0.00,0.00,0.00,2.50,0.00,,,0.00,0.00,8.75,0.00,NA,NA,NA,NA,NA,NA,,,,,,,,,
8/12/2015,Spring Creek,JB2,29,0.00,0.00,0.00,0.00,0.00,0.00,0.00,2.50,18.75,,37.50,58.75,0.00,0.00,0.00,0.00,8.75,0.00,,,0.00,0.00,8.75,0.00,21,11,9,13,9,12.60,,,,,,,,,
8/12/2015,Spring Creek,JB2,30,0.00,0.00,0.00,0.00,0.00,0.00,0.00,0.00,87.50,,0.00,87.50,0.00,0.00,0.00,0.00,8.75,62.50,,,0.00,0.00,37.50,0.00,NA,NA,NA,NA,NA,NA,,,,,,,,,
8/13/2015,Idlewild Creek,JB1.1,1,0.00,0.00,0.00,0.00,0.00,0.00,0.00,0.00,62.50,,0.00,62.50,0.00,0.00,0.00,0.00,18.75,0.00,,,0.00,0.00,62.50,0.00,33,32,25,29,28,29.40,,,,,,,,,
8/13/2015,Idlewild Creek,JB1.1,2,0.00,0.00,0.00,0.00,0.00,0.00,0.00,0.00,37.50,,0.00,37.50,0.00,0.00,0.00,0.00,0.50,0.00,,,0.00,0.00,8.75,62.50,NA,NA,NA,NA,NA,NA,,,,,,,,,
8/13/2015,Idlewild Creek,JB1.1,3,0.00,0.00,0.00,0.00,0.00,0.00,0.00,0.00,87.50,,0.00,87.50,0.00,0.00,0.00,0.00,87.50,0.00,,,0.00,0.00,0.50,0.00,26,18,30,17,12,20.60,,,,,,,,,
8/13/2015,Idlewild Creek,JB1.1,4,0.00,0.00,0.00,0.00,0.00,0.00,0.00,8.75,37.50,,2.50,48.75,0.00,0.00,0.00,0.00,62.50,0.00,,,0.00,0.00,8.75,0.00,NA,NA,NA,NA,NA,NA,,,,,,,,,
8/13/2015,Idlewild Creek,JB1.1,5,0.00,0.00,0.00,0.00,0.00,0.00,0.00,0.00,62.50,,0.00,62.50,0.00,0.00,0.00,0.00,2.50,0.00,,,0.00,0.00,37.50,0.00,50,92,95,41,36,62.80,,,,,,,,,
8/13/2015,Idlewild Creek,JB1.1,6,0.00,0.00,0.00,0.00,0.00,0.00,0.00,0.00,62.50,,0.00,62.50,0.00,0.00,0.00,0.00,8.75,0.00,,,0.00,0.00,18.75,18.75,NA,NA,NA,NA,NA,NA,,,,,,,,,
8/13/2015,Idlewild Creek,JB1.1,7,0.00,0.00,0.00,0.00,0.00,0.00,0.00,0.00,8.75,,0.00,8.75,87.50,0.00,0.00,0.00,0.00,0.00,,,0.00,0.00,0.00,0.00,47,57,49,39,37,45.80,,,,,,,,,
8/13/2015,Idlewild Creek,JB1.1,8,0.00,0.00,0.00,0.00,0.00,0.00,0.00,0.00,37.50,,0.00,37.50,0.00,0.00,0.00,0.00,8.75,2.50,,,0.00,0.00,87.50,0.00,NA,NA,NA,NA,NA,NA,,,,,,,,,
8/13/2015,Idlewild Creek,JB1.1,9,0.00,0.00,0.00,0.00,0.00,0.00,0.00,2.50,87.50,,0.00,90.00,0.00,0.00,0.00,0.00,87.50,0.00,,,0.00,0.00,0.50,0.00,43,31,42,47,44,41.40,,,,,,,,,
8/13/2015,Idlewild Creek,JB1.1,10,0.00,0.00,0.50,0.00,0.00,0.00,0.00,18.75,62.50,,0.00,81.75,0.00,0.00,0.00,0.00,2.50,0.00,,,0.00,0.00,37.50,0.00,NA,NA,NA,NA,NA,NA,,,,,,,,,
8/13/2015,Idlewild Creek,JB1.1,11,0.00,0.00,0.00,0.00,0.00,0.00,0.00,37.50,62.50,,0.00,100.00,0.00,0.00,0.00,0.00,8.75,0.00,,,0.00,0.00,18.75,2.50,36,55,17,84,32,44.80,,,,,,,,,
8/13/2015,Idlewild Creek,JB1.1,12,0.00,0.00,0.00,0.00,0.00,0.00,0.00,0.00,62.50,,0.00,62.50,0.00,0.00,0.00,0.00,0.00,37.50,,,0.00,0.00,37.50,0.00,NA,NA,NA,NA,NA,NA,,,,,,,,,
8/13/2015,Idlewild Creek,JB1.1,13,0.00,0.00,0.00,0.00,0.00,0.00,0.00,8.75,62.50,,0.00,71.25,0.00,0.00,0.00,0.00,8.75,37.50,,,0.00,0.00,62.50,0.00,67,49,103,74,78,74.20,,,,,,,,,
8/13/2015,Idlewild Creek,JB1.1,14,0.00,0.00,0.00,0.00,0.00,0.00,0.00,0.00,62.50,,0.00,62.50,0.00,0.00,0.00,0.00,18.75,18.75,,,0.00,0.00,62.50,0.00,NA,NA,NA,NA,NA,NA,,,,,,,,,
8/13/2015,Idlewild Creek,JB1.1,15,0.00,0.00,0.00,0.00,0.00,0.00,0.00,0.00,62.50,,0.00,62.50,0.00,0.00,0.00,0.00,18.75,8.75,,,0.00,0.00,62.50,0.00,25,10,77,40,50,40.40,,,,,,,,,
8/13/2015,Idlewild Creek,JB1.1,16,0.00,0.00,0.00,0.00,0.00,0.00,0.00,8.75,87.50,,0.00,96.25,0.00,0.00,0.00,0.00,37.50,0.00,,,0.00,0.00,37.50,0.00,NA,NA,NA,NA,NA,NA,,,,,,,,,
8/13/2015,Idlewild Creek,JB1.1,17,0.00,0.00,2.50,0.00,0.00,0.00,0.00,0.00,62.50,,8.75,73.75,0.00,0.00,0.00,0.00,18.75,0.00,,,0.00,0.00,37.50,0.00,24,14,20,14,17,17.80,,,,,,,,,
8/13/2015,Idlewild Creek,JB1.1,18,0.00,0.00,0.00,0.00,0.00,0.00,0.00,0.50,37.50,,0.00,38.00,0.00,0.00,0.00,0.00,0.50,62.50,,,0.00,0.00,62.50,0.00,NA,NA,NA,NA,NA,NA,,,,,,,,,
8/13/2015,Idlewild Creek,JB1.1,19,0.00,0.00,0.00,0.00,0.00,0.00,0.00,0.00,87.50,,0.00,87.50,0.00,0.00,0.00,0.00,8.75,2.50,,,0.00,0.00,37.50,0.00,14,19,26,30,14,20.60,,,,,,,,,
8/13/2015,Idlewild Creek,JB1.1,20,0.00,0.00,0.00,0.00,0.00,0.00,0.00,0.00,62.50,,0.00,62.50,0.00,0.00,0.00,0.00,2.50,0.50,,,0.00,0.00,18.75,18.75,NA,NA,NA,NA,NA,NA,,,,,,,,,
8/13/2015,Idlewild Creek,JB1.1,21,0.00,0.00,0.00,0.00,0.00,0.00,0.00,0.00,87.50,,0.00,87.50,0.00,0.00,0.00,0.00,18.75,0.00,,,0.00,0.00,18.75,0.00,27,38,20,23,19,25.40,,,,,,,,,
8/13/2015,Idlewild Creek,JB1.1,22,0.00,0.00,0.00,0.00,0.00,0.00,0.00,0.00,87.50,,0.00,87.50,0.00,0.00,0.00,0.00,87.50,0.00,,,0.00,0.00,8.75,0.00,NA,NA,NA,NA,NA,NA,,,,,,,,,
8/13/2015,Idlewild Creek,JB1.1,23,0.00,0.00,0.00,0.00,0.00,0.00,0.00,2.50,62.50,,0.00,65.00,0.00,0.00,0.00,0.00,8.75,0.00,,,0.00,0.00,62.50,0.00,9,9,8,10,7,8.60,,,,,,,,,
8/13/2015,Idlewild Creek,JB1.1,24,0.00,0.00,0.00,0.00,0.00,0.00,0.00,0.00,62.50,,0.00,62.50,0.00,0.00,0.00,0.00,8.75,0.00,,,0.00,0.00,37.50,0.00,NA,NA,NA,NA,NA,NA,,,,,,,,,
8/13/2015,Idlewild Creek,JB1.1,25,0.00,0.00,18.75,0.00,0.00,0.00,0.00,8.75,62.50,,0.00,90.00,0.00,0.00,0.00,0.00,2.50,0.00,,,0.00,0.00,37.50,0.00,24,57,15,36,14,29.20,,,,,,,,,
8/13/2015,Idlewild Creek,JB1.1,26,0.00,0.00,0.00,0.00,0.00,0.00,0.00,0.00,18.75,,0.00,18.75,0.00,0.00,0.00,0.00,0.50,18.75,,,0.00,0.00,87.50,0.00,NA,NA,NA,NA,NA,NA,,,,,,,,,
8/13/2015,Idlewild Creek,JB1.1,27,0.00,0.00,0.00,0.00,0.00,0.00,0.00,2.50,37.50,,0.00,40.00,0.00,0.00,0.00,0.50,8.75,2.50,,,0.00,0.00,62.50,0.00,58,84,21,76,31,54.00,,,,,,,,,
8/13/2015,Idlewild Creek,JB1.1,28,0.00,0.00,0.00,0.00,0.00,0.00,0.00,0.00,62.50,,0.00,62.50,0.00,0.00,0.00,0.00,18.75,37.50,,,0.00,0.00,62.50,0.00,NA,NA,NA,NA,NA,NA,,,,,,,,,
8/13/2015,Idlewild Creek,JB1.1,29,0.00,0.00,0.00,0.00,0.00,0.00,0.00,8.75,87.50,,0.00,96.25,0.00,0.00,0.00,0.00,18.75,0.00,,,0.00,0.00,18.75,0.00,82,34,25,10,20,34.20,,,,,,,,,
8/13/2015,Idlewild Creek,JB1.1,30,0.00,0.00,0.00,0.00,0.00,0.00,0.00,8.75,37.50,,0.00,46.25,0.00,0.00,0.00,0.00,37.50,0.00,,,0.00,0.00,37.50,0.00,NA,NA,NA,NA,NA,NA,,,,,,,,,
8/14/2015,Pelham Bay Cove,BQ2,1,0.00,0.00,0.00,0.00,0.00,0.00,0.00,0.00,37.50,,0.00,37.50,0.00,0.00,0.00,0.00,37.50,0.50,,,0.00,0.00,62.50,0.00,NA,NA,NA,NA,NA,NA,,,,,,,,,
8/14/2015,Pelham Bay Cove,BQ2,2,0.00,0.00,0.00,0.00,0.00,0.00,0.00,0.00,62.50,,0.00,62.50,0.00,0.00,0.00,0.00,62.50,18.75,,,0.00,0.00,18.75,0.00,46,27,44,55,38,42.00,,,,,,,,,
8/14/2015,Pelham Bay Cove,BQ2,3,0.00,0.00,0.00,0.00,0.00,0.00,0.00,0.00,18.75,,0.00,18.75,0.00,0.00,0.00,0.00,87.50,2.50,,,0.00,0.00,18.75,0.00,NA,NA,NA,NA,NA,NA,,,,,,,,,
8/14/2015,Pelham Bay Cove,BQ2,4,0.00,0.00,0.00,0.00,0.00,0.00,0.00,0.00,37.50,,0.00,37.50,0.00,0.00,0.00,0.00,18.75,8.75,,,0.00,0.00,62.50,2.50,90,90,88,57,61,77.20,,,,,,,,,
8/14/2015,Pelham Bay Cove,BQ2,5,0.00,0.00,0.00,0.00,0.00,0.00,0.00,0.00,87.50,,0.00,87.50,0.00,0.00,0.00,0.00,8.75,8.75,,,0.00,0.00,37.50,0.00,NA,NA,NA,NA,NA,NA,,,,,,,,,
8/14/2015,Pelham Bay Cove,BQ2,6,0.00,0.00,18.75,0.00,0.00,0.00,0.00,0.00,18.75,,18.75,56.25,0.00,0.00,0.00,0.00,37.50,0.00,,,0.00,0.00,18.75,0.00,15,13,15,18,21,16.40,,,,,,,,,
8/14/2015,Pelham Bay Cove,BQ2,7,0.00,0.00,87.50,0.00,0.00,0.00,0.00,0.00,0.00,,87.50,175.00,0.00,0.00,0.00,0.00,0.00,0.00,,,0.00,0.00,0.00,0.00,NA,NA,NA,NA,NA,NA,,,,,,,,,
8/14/2015,Pelham Bay Cove,BQ2,8,0.00,0.00,87.50,0.00,0.00,0.00,0.00,0.00,0.00,,87.50,175.00,0.00,0.00,0.00,0.00,0.00,0.00,,,0.00,0.00,0.00,0.00,NA,NA,NA,NA,NA,NA,,,,,,,,,
8/14/2015,Pelham Bay Cove,BQ2,9,0.00,0.00,87.50,0.00,0.00,0.00,0.00,0.00,0.00,,87.50,175.00,0.00,0.00,0.00,0.00,0.00,0.00,,,0.00,0.00,0.50,0.00,NA,NA,NA,NA,NA,NA,,,,,,,,,
8/14/2015,Pelham Bay Cove,BQ2,10,0.00,0.00,0.00,0.00,0.00,0.00,0.00,0.00,62.50,,0.00,62.50,0.00,0.00,0.00,0.00,8.75,0.00,,,0.00,0.00,62.50,0.00,100,76,127,96,82,96.20,,,,,,,,,
8/14/2015,Pelham Bay Cove,BQ2,11,0.00,0.00,87.50,0.00,0.00,0.00,0.00,0.00,0.00,,87.50,175.00,0.00,0.00,0.00,0.00,0.50,0.00,,,0.00,0.00,0.50,0.00,NA,NA,NA,NA,NA,NA,,,,,,,,,
8/14/2015,Pelham Bay Cove,BQ2,12,0.00,0.00,18.75,0.00,0.00,0.00,0.00,2.50,2.50,,18.75,42.50,0.00,0.00,0.00,0.00,18.75,0.00,,,0.00,0.00,62.50,0.00,41,39,32,75,48,47.00,,,,,,,,,
8/14/2015,Pelham Bay Cove,BQ2,13,0.00,0.00,0.00,0.00,0.00,0.00,0.00,0.00,62.50,,0.00,62.50,87.50,0.00,0.00,0.00,8.75,0.50,,,0.00,0.00,37.50,0.00,NA,NA,NA,NA,NA,NA,,,,,,,,,
8/14/2015,Pelham Bay Cove,BQ2,14,0.00,0.00,0.00,0.00,0.00,0.00,0.00,0.00,62.50,,0.00,62.50,0.00,0.00,0.00,0.00,8.75,8.75,,,0.00,0.00,62.50,8.75,23,30,25,54,31,32.60,,,,,,,,,
8/14/2015,Pelham Bay Cove,BQ2,15,0.00,0.00,0.00,0.00,0.00,0.00,0.00,0.00,62.50,,0.00,62.50,0.00,0.00,0.00,0.00,37.50,0.50,,,0.00,0.00,8.75,0.00,NA,NA,NA,NA,NA,NA,,,,,,,,,
8/14/2015,Pelham Bay Cove,BQ2,16,0.00,0.00,62.50,0.00,0.00,0.00,0.00,0.00,18.75,,62.50,143.75,0.00,0.00,0.00,0.00,8.75,2.50,,,0.00,0.00,18.75,0.00,11,55,37,34,31,33.60,,,,,,,,,
8/14/2015,Pelham Bay Cove,BQ2,17,0.00,0.00,87.50,0.00,0.00,0.00,0.00,0.00,0.00,,87.50,175.00,0.00,0.00,0.00,0.00,0.00,0.00,,,0.00,0.00,2.50,0.00,NA,NA,NA,NA,NA,NA,,,,,,,,,
8/14/2015,Pelham Bay Cove,BQ2,18,0.00,0.00,87.50,0.00,0.00,0.00,0.00,0.00,0.00,,87.50,175.00,0.00,0.00,0.00,0.00,0.00,0.00,,,0.00,0.00,0.00,0.00,NA,NA,NA,NA,NA,NA,,,,,,,,,
8/14/2015,Pelham Bay Cove,BQ2,19,0.00,0.00,87.50,0.00,0.00,0.00,0.00,0.00,0.00,,87.50,175.00,0.00,0.00,0.00,0.00,0.50,0.00,,,0.00,0.00,0.50,0.00,NA,NA,NA,NA,NA,NA,,,,,,,,,
8/14/2015,Pelham Bay Cove,BQ2,20,0.00,0.00,8.75,0.00,0.00,0.00,0.00,0.00,62.50,,2.50,73.75,0.00,0.00,0.00,0.00,37.50,8.75,,,0.00,0.00,62.50,0.00,42,78,65,54,48,57.40,,,,,,,,,
8/14/2015,Pelham Bay Cove,BQ2,21,0.00,0.00,0.00,0.00,0.00,0.00,0.00,0.00,37.50,,0.00,37.50,18.75,0.00,0.00,0.00,37.50,2.50,,,0.00,0.00,37.50,8.75,NA,NA,NA,NA,NA,NA,,,,,,,,,
8/14/2015,Pelham Bay Cove,BQ2,22,0.00,0.00,18.75,0.00,0.00,0.00,0.00,2.50,37.50,,37.50,96.25,0.00,0.00,0.00,0.00,8.75,0.00,,,0.00,0.00,37.50,0.00,33,48,17,27,27,30.40,,,,,,,,,
8/14/2015,Pelham Bay Cove,BQ2,23,0.00,0.00,62.50,0.00,0.00,0.00,0.00,0.50,8.75,,62.50,134.25,0.00,0.00,0.00,0.00,8.75,0.00,,,0.00,0.00,8.75,0.00,NA,NA,NA,NA,NA,NA,,,,,,,,,
8/14/2015,Pelham Bay Cove,BQ2,24,0.00,0.00,62.50,0.00,0.00,0.00,0.00,0.00,0.00,,62.50,125.00,0.00,0.00,0.00,0.00,18.75,0.00,,,0.00,0.00,18.75,0.00,NA,NA,NA,NA,NA,NA,,,,,,,,,
8/14/2015,Pelham Bay Cove,BQ2,25,0.00,0.00,87.50,0.00,0.00,0.00,0.00,0.50,0.00,,37.50,125.50,0.00,0.00,0.00,0.00,0.50,0.00,,,0.00,0.00,2.50,0.00,NA,NA,NA,NA,NA,NA,,,,,,,,,
8/14/2015,Pelham Bay Cove,BQ2,26,0.00,0.00,0.00,0.00,0.00,0.00,0.00,0.00,62.50,,0.00,62.50,0.00,0.00,0.00,0.00,8.75,8.75,,,0.00,0.00,62.50,0.00,80,76,57,32,74,63.80,,,,,,,,,
8/14/2015,Pelham Bay Cove,BQ2,27,0.00,0.00,62.50,0.00,0.00,0.00,0.00,0.00,0.00,,87.50,150.00,0.00,0.00,0.00,0.00,0.00,0.00,,,0.00,0.00,0.00,0.00,NA,NA,NA,NA,NA,NA,,,,,,,,,
8/14/2015,Pelham Bay Cove,BQ2,28,0.00,0.00,87.50,0.00,0.00,0.00,0.00,0.00,0.00,,87.50,175.00,0.00,0.00,0.00,0.00,0.00,0.00,,,0.00,0.00,0.00,0.00,NA,NA,NA,NA,NA,NA,,,,,,,,,
8/14/2015,Pelham Bay Cove,BQ2,29,0.00,0.00,37.50,0.00,0.00,0.00,0.00,0.00,18.75,,37.50,93.75,0.00,0.00,0.00,0.00,8.75,0.00,,,0.00,0.00,18.75,0.00,NA,NA,NA,NA,NA,NA,,,,,,,,,
8/14/2015,Pelham Bay Cove,BQ2,30,0.00,0.00,18.75,0.00,0.00,0.00,0.00,0.00,18.75,,62.50,100.00,0.00,0.00,0.00,0.00,18.75,0.00,,,0.00,0.00,8.75,0.00,11,19,17,15,11,14.60,,,,,,,,,
8/14/2015,Hutch River,BQ1.1,1,0.00,0.00,62.50,0.00,0.00,0.00,0.00,0.00,0.00,,0.00,62.50,0.00,0.00,0.00,0.00,2.50,0.00,,,0.00,0.00,18.75,0.00,NA,NA,NA,NA,NA,NA,,,,,,,,,
8/14/2015,Hutch River,BQ1.1,2,0.00,0.00,62.50,0.00,0.00,0.00,0.00,0.00,0.00,,62.50,125.00,0.00,0.00,0.00,0.00,2.50,0.00,,,0.00,0.00,18.75,0.00,NA,NA,NA,NA,NA,NA,,,,,,,,,
8/14/2015,Hutch River,BQ1.1,3,0.00,0.00,62.50,0.00,0.00,0.00,0.00,0.00,0.00,,62.50,125.00,0.00,0.00,0.00,0.00,0.50,0.00,,,0.00,0.00,8.75,0.00,NA,NA,NA,NA,NA,NA,,,,,,,,,
8/14/2015,Hutch River,BQ1.1,4,0.00,0.00,0.00,0.00,0.00,0.00,0.00,0.00,18.75,,2.50,21.25,0.00,0.00,0.00,2.50,2.50,0.00,,,0.00,0.00,8.75,37.50,26,11,15,18,14,16.80,,,,,,,,,
8/14/2015,Hutch River,BQ1.1,5,0.00,0.00,87.50,0.00,0.00,0.00,0.00,0.00,0.50,,87.50,175.50,0.00,0.00,0.00,0.00,2.50,0.00,,,0.00,0.00,18.75,0.00,NA,NA,NA,NA,NA,NA,,,,,,,,,
8/14/2015,Hutch River,BQ1.1,6,0.00,0.00,62.50,0.00,0.00,0.00,0.00,0.00,8.75,,37.50,108.75,0.00,0.00,0.00,2.50,2.50,0.00,,,0.00,0.00,8.75,18.75,86,16,61,46,29,47.60,,,,,,,,,
8/14/2015,Hutch River,BQ1.1,7,0.00,0.00,0.00,0.00,0.00,0.00,0.00,0.00,18.75,,0.00,18.75,0.00,0.00,0.00,8.75,8.75,0.00,,,0.00,0.00,87.50,0.00,NA,NA,NA,NA,NA,NA,,,,,,,,,
8/14/2015,Hutch River,BQ1.1,8,0.00,0.00,0.00,0.00,0.00,0.00,0.00,0.00,18.75,,0.00,18.75,0.00,0.00,0.00,2.50,0.00,0.00,,,0.00,0.00,62.50,18.75,31,33,41,38,23,33.20,,,,,,,,,
8/14/2015,Hutch River,BQ1.1,9,0.00,0.00,0.00,0.00,0.00,0.00,0.00,0.00,37.50,,0.00,37.50,0.00,0.00,0.00,2.50,18.75,0.00,,,0.00,0.00,37.50,0.00,NA,NA,NA,NA,NA,NA,,,,,,,,,
8/14/2015,Hutch River,BQ1.1,10,0.00,0.00,0.00,0.00,0.00,0.00,0.00,0.00,62.50,,0.00,62.50,0.00,0.00,0.00,0.00,2.50,0.00,,,0.00,0.00,62.50,0.00,117,87,81,68,63,83.20,,,,,,,,,
8/14/2015,Hutch River,BQ1.1,11,0.00,0.00,0.00,0.00,0.00,0.00,0.00,0.00,8.75,,0.00,8.75,0.00,0.00,0.00,2.50,18.75,0.00,,,0.00,0.00,87.50,37.50,NA,NA,NA,NA,NA,NA,,,,,,,,,
8/14/2015,Hutch River,BQ1.1,12,0.00,0.00,0.00,0.00,0.00,0.00,0.00,0.00,37.50,,0.00,37.50,0.00,0.00,0.00,0.00,8.75,0.00,,,0.00,0.00,62.50,8.75,54,40,46,38,27,41.00,,,,,,,,,
8/14/2015,Hutch River,BQ1.1,13,0.00,0.00,8.75,0.00,0.00,0.00,0.00,0.00,37.50,,0.00,46.25,0.00,0.00,0.00,8.75,0.00,0.00,,,0.00,0.00,62.50,0.00,NA,NA,NA,NA,NA,NA,,,,,,,,,
8/14/2015,Hutch River,BQ1.1,14,0.00,0.00,0.00,0.00,0.00,0.00,0.00,0.00,62.50,,0.00,62.50,0.00,0.00,0.00,0.00,18.75,0.00,,,0.00,0.00,37.50,0.00,38,39,22,28,58,37.00,,,,,,,,,
8/14/2015,Hutch River,BQ1.1,15,0.00,0.00,0.00,0.00,0.00,0.00,0.00,0.00,62.50,,0.00,62.50,0.00,0.00,0.00,2.50,2.50,0.00,,,0.00,0.00,37.50,0.00,NA,NA,NA,NA,NA,NA,,,,,,,,,
8/14/2015,Hutch River,BQ1.1,16,0.00,0.00,0.00,0.00,0.00,0.00,0.00,0.00,62.50,,0.00,62.50,0.00,0.00,0.00,0.00,18.75,0.00,,,0.00,0.00,37.50,0.00,41,39,33,39,85,47.40,,,,,,,,,
8/14/2015,Hutch River,BQ1.1,17,0.00,0.00,0.00,0.00,0.00,0.00,0.00,0.00,37.50,,0.00,37.50,0.00,0.00,0.00,2.50,2.50,0.00,,,0.00,0.00,37.50,62.50,NA,NA,NA,NA,NA,NA,,,,,,,,,
8/14/2015,Hutch River,BQ1.1,18,0.00,0.00,0.00,0.00,0.00,0.00,0.00,0.00,18.75,,0.00,18.75,0.00,0.00,0.00,8.75,0.00,0.00,,,0.00,0.00,8.75,62.50,37,34,48,23,22,32.80,,,,,,,,,
8/14/2015,Hutch River,BQ1.1,19,0.00,0.00,0.00,0.00,0.00,0.00,0.00,0.00,62.50,,0.00,62.50,0.00,0.00,0.00,0.00,37.50,0.00,,,0.00,0.00,18.75,0.00,NA,NA,NA,NA,NA,NA,,,,,,,,,
8/14/2015,Hutch River,BQ1.1,20,0.00,0.00,18.75,0.00,0.00,0.00,0.00,0.00,0.00,,37.50,56.25,0.00,0.00,0.00,0.00,37.50,0.00,,,0.00,0.00,8.75,0.00,NA,NA,NA,NA,NA,NA,,,,,,,,,
8/14/2015,Hutch River,BQ1.1,21,0.00,0.00,37.50,0.00,0.00,0.00,0.00,0.00,0.00,,87.50,125.00,0.00,0.00,0.00,0.00,0.00,0.00,,,0.00,0.00,0.00,0.00,NA,NA,NA,NA,NA,NA,,,,,,,,,
8/14/2015,Hutch River,BQ1.1,22,0.00,0.00,8.75,0.00,0.00,0.00,0.00,0.00,0.00,,87.50,96.25,0.00,0.00,0.00,0.00,8.75,0.00,,,0.00,0.00,2.50,0.00,NA,NA,NA,NA,NA,NA,,,,,,,,,
8/14/2015,Hutch River,BQ1.1,23,0.00,0.00,62.50,0.00,0.00,0.00,0.00,0.00,0.00,,87.50,150.00,0.00,0.00,0.00,0.00,0.50,0.00,,,0.00,0.00,2.50,0.00,NA,NA,NA,NA,NA,NA,,,,,,,,,
8/14/2015,Hutch River,BQ1.1,24,0.00,0.00,0.00,0.00,0.00,0.00,0.00,2.50,18.75,,8.75,30.00,0.00,0.00,0.00,2.50,18.75,0.00,,,0.00,0.00,62.50,0.00,19,11,14,14,12,14.00,,,,,,,,,
8/14/2015,Hutch River,BQ1.1,25,0.00,0.00,37.50,0.00,0.00,0.00,0.00,0.00,0.00,,87.50,125.00,0.00,0.00,0.00,0.00,2.50,0.00,,,0.00,0.00,18.75,0.00,NA,NA,NA,NA,NA,NA,,,,,,,,,
8/14/2015,Hutch River,BQ1.1,26,0.00,0.00,18.75,0.00,0.00,0.00,0.00,2.50,18.75,,37.50,77.50,0.00,0.00,0.00,2.50,8.75,0.00,,,0.00,0.00,37.50,0.00,42,36,15,14,111,43.60,,,,,,,,,
8/14/2015,Hutch River,BQ1.1,27,0.00,0.00,62.50,0.00,0.00,2.50,0.00,0.00,0.00,,87.50,152.50,0.00,0.00,0.00,0.00,18.75,0.00,,,0.00,0.00,0.50,0.00,NA,NA,NA,NA,NA,NA,,,,,,,,,
8/14/2015,Hutch River,BQ1.1,28,0.00,0.00,62.50,0.00,0.00,0.00,0.00,2.50,0.00,,62.50,127.50,0.00,0.00,0.00,0.00,8.75,0.00,,,0.00,0.00,37.50,0.00,NA,NA,NA,NA,NA,NA,,,,,,,,,
8/14/2015,Hutch River,BQ1.1,29,0.00,0.00,62.50,0.00,0.00,0.00,0.00,0.00,0.00,,87.50,150.00,0.00,0.00,0.00,0.00,0.00,0.00,,,0.00,0.00,2.50,0.00,NA,NA,NA,NA,NA,NA,,,,,,,,,
8/14/2015,Hutch River,BQ1.1,30,0.00,0.00,0.00,0.00,0.00,0.00,0.00,2.50,8.75,,8.75,20.00,0.00,0.00,0.00,2.50,0.00,0.00,,,0.00,0.00,37.50,0.00,83,40,73,44,24,52.80,,,,,,,,,
8/18/2015,Saw Mill Creek,SI2.1,1,0.00,0.00,87.50,0.00,0.00,0.00,0.00,0.00,0.00,,87.50,175.00,0.00,0.00,0.00,0.00,0.00,0.00,,,0.00,0.00,0.00,0.00,NA,NA,NA,NA,NA,NA,,,,,,,,,
8/18/2015,Saw Mill Creek,SI2.1,2,0.00,0.00,62.50,0.00,0.00,0.00,0.00,0.00,18.75,,62.50,143.75,0.00,0.00,0.00,0.00,18.75,0.00,,,0.00,0.00,37.50,0.00,13,14,11,4,5,9.40,,,,,,,,,
8/18/2015,Saw Mill Creek,SI2.1,3,0.00,0.00,87.50,0.00,0.00,0.00,0.00,0.00,0.00,,87.50,175.00,0.00,0.00,0.00,0.00,0.00,0.00,,,0.00,0.00,0.00,0.00,NA,NA,NA,NA,NA,NA,,,,,,,,,
8/18/2015,Saw Mill Creek,SI2.1,4,0.00,0.00,87.50,0.00,0.00,0.00,0.00,0.00,0.00,,87.50,175.00,0.00,0.00,0.00,0.00,0.00,0.00,,,0.00,0.00,0.00,0.00,NA,NA,NA,NA,NA,NA,,,,,,,,,
8/18/2015,Saw Mill Creek,SI2.1,5,0.00,0.00,87.50,0.00,0.00,0.00,0.00,0.00,0.00,,87.50,175.00,0.00,0.00,0.00,0.00,0.00,0.00,,,0.00,0.00,0.00,0.00,NA,NA,NA,NA,NA,NA,,,,,,,,,
8/18/2015,Saw Mill Creek,SI2.1,6,0.00,0.00,8.75,0.00,0.00,0.00,0.00,0.00,37.50,,0.00,46.25,0.00,0.00,0.00,0.00,8.75,0.00,,,0.00,0.00,62.50,0.00,73,28,32,26,28,37.40,,,,,,,,,
8/18/2015,Saw Mill Creek,SI2.1,7,0.00,0.00,87.50,0.00,0.00,0.00,0.00,0.00,0.00,,87.50,175.00,0.00,0.00,0.00,0.00,0.00,0.00,,,0.00,0.00,0.00,0.00,NA,NA,NA,NA,NA,NA,,,,,,,,,
8/18/2015,Saw Mill Creek,SI2.1,8,0.00,0.00,87.50,0.00,0.00,0.00,0.00,0.00,18.75,,87.50,193.75,0.00,0.00,0.00,0.00,8.75,0.00,,,0.00,0.00,8.75,0.00,11,7,8,19,4,9.80,,,,,,,,,
8/18/2015,Saw Mill Creek,SI2.1,9,0.00,0.00,87.50,0.00,0.00,0.00,0.00,0.00,0.00,,87.50,175.00,0.00,0.00,0.00,0.00,0.00,0.00,,,0.00,0.00,0.00,0.00,NA,NA,NA,NA,NA,NA,,,,,,,,,
8/18/2015,Saw Mill Creek,SI2.1,10,0.00,0.00,87.50,0.00,0.00,0.00,0.00,0.00,0.00,,87.50,175.00,0.00,0.00,0.00,0.00,0.00,0.00,,,0.00,0.00,2.50,0.00,NA,NA,NA,NA,NA,NA,,,,,,,,,
8/18/2015,Saw Mill Creek,SI2.1,11,0.00,0.00,87.50,0.00,0.00,0.00,0.00,0.00,0.00,,87.50,175.00,0.00,0.00,0.00,0.00,2.50,0.00,,,0.00,0.00,2.50,0.00,NA,NA,NA,NA,NA,NA,,,,,,,,,
8/18/2015,Saw Mill Creek,SI2.1,12,0.00,0.00,2.50,0.00,0.00,0.00,0.00,0.00,37.50,,0.00,40.00,0.00,0.00,0.00,0.00,8.75,0.50,,,0.00,0.00,87.50,0.00,6,12,9,10,10,9.40,,,,,,,,,
8/18/2015,Saw Mill Creek,SI2.1,13,0.00,0.00,87.50,0.00,0.00,0.00,0.00,0.00,0.00,,87.50,175.00,0.00,0.00,0.00,0.00,0.00,0.00,,,0.00,0.00,0.00,0.00,NA,NA,NA,NA,NA,NA,,,,,,,,,
8/18/2015,Saw Mill Creek,SI2.1,14,0.00,0.00,87.50,0.00,0.00,0.00,0.00,0.00,2.50,,87.50,177.50,0.00,0.00,0.00,0.00,0.00,0.00,,,0.00,0.00,2.50,0.00,10,12,5,9,6,8.40,,,,,,,,,
8/18/2015,Saw Mill Creek,SI2.1,15,0.00,0.00,87.50,0.00,0.00,0.00,0.00,0.00,0.00,,87.50,175.00,0.00,0.00,0.00,0.00,0.00,0.00,,,0.00,0.00,0.00,0.00,NA,NA,NA,NA,NA,NA,,,,,,,,,
8/18/2015,Saw Mill Creek,SI2.1,16,0.00,0.00,18.75,0.00,0.00,0.00,0.00,0.00,37.50,,18.75,75.00,0.00,0.00,0.00,0.00,8.75,0.00,,,0.00,0.00,18.75,0.00,80,26,50,81,30,53.40,,,,,,,,,
8/18/2015,Saw Mill Creek,SI2.1,17,0.00,0.00,62.50,0.00,0.00,0.00,0.00,0.00,18.75,,62.50,143.75,0.00,0.00,0.00,0.00,2.50,0.00,,,0.00,0.00,18.75,0.00,14,20,9,11,30,16.80,,,,,,,,,
8/18/2015,Saw Mill Creek,SI2.1,18,0.00,0.00,62.50,0.00,0.00,0.00,0.00,0.00,37.50,,62.50,162.50,0.00,0.00,0.00,0.00,18.75,0.00,,,0.00,0.00,2.50,0.00,50,36,22,59,40,41.40,,,,,,,,,
8/18/2015,Saw Mill Creek,SI2.1,19,0.00,0.00,62.50,0.00,0.00,0.00,0.00,0.00,37.50,,62.50,162.50,0.00,0.00,0.00,0.00,18.75,0.00,,,0.00,0.00,0.50,0.00,32,18,32,33,14,25.80,,,,,,,,,
8/18/2015,Saw Mill Creek,SI2.1,20,0.00,0.00,87.50,0.00,0.00,0.00,0.00,0.00,0.00,,87.50,175.00,0.00,0.00,0.00,0.00,0.00,0.00,,,0.00,0.00,0.50,0.00,NA,NA,NA,NA,NA,NA,,,,,,,,,
8/18/2015,Saw Mill Creek,SI2.1,21,0.00,0.00,87.50,0.00,0.00,0.00,0.00,0.00,0.00,,87.50,175.00,0.00,0.00,0.00,0.00,0.50,0.00,,,0.00,0.00,2.50,0.00,NA,NA,NA,NA,NA,NA,,,,,,,,,
8/18/2015,Saw Mill Creek,SI2.1,22,0.00,0.00,18.75,0.00,0.00,0.00,0.00,0.00,2.50,,0.00,21.25,0.00,0.00,0.00,0.00,8.75,0.00,,,0.00,0.00,87.50,0.00,55,80,19,119,70,68.60,,,,,,,,,
8/18/2015,Saw Mill Creek,SI2.1,23,0.00,0.00,87.50,0.00,0.00,0.00,0.00,0.00,2.50,,87.50,177.50,0.00,0.00,0.00,0.00,2.50,0.00,,,0.00,0.00,0.00,0.00,28,29,11,44,51,32.60,,,,,,,,,
8/18/2015,Saw Mill Creek,SI2.1,24,0.00,0.00,37.50,0.00,0.00,0.00,0.00,0.00,62.50,,37.50,137.50,0.00,0.00,0.00,0.00,18.75,0.00,,,0.00,0.00,62.50,0.00,60,18,40,48,59,45.00,,,,,,,,,
8/18/2015,Saw Mill Creek,SI2.1,25,0.00,0.00,87.50,0.00,0.00,0.00,0.00,0.00,0.00,,87.50,175.00,0.00,0.00,0.00,0.00,0.50,0.00,,,0.00,0.00,0.00,0.00,NA,NA,NA,NA,NA,NA,,,,,,,,,
8/18/2015,Saw Mill Creek,SI2.1,26,0.00,0.00,87.50,0.00,0.00,0.00,0.00,0.00,8.75,,87.50,183.75,0.00,0.00,0.00,0.00,0.00,0.00,,,0.00,0.00,0.00,0.00,30,38,34,19,35,31.20,,,,,,,,,
8/18/2015,Saw Mill Creek,SI2.1,27,0.00,0.00,8.75,0.00,0.00,0.00,0.00,0.00,37.50,,8.75,55.00,0.00,0.00,0.00,0.00,18.75,0.00,,,0.00,0.00,62.50,0.00,11,12,4,22,10,11.80,,,,,,,,,
8/18/2015,Saw Mill Creek,SI2.1,28,0.00,0.00,87.50,0.00,0.00,0.00,0.00,0.00,0.00,,87.50,175.00,0.00,0.00,0.00,0.00,2.50,0.00,,,0.00,0.00,2.50,0.00,NA,NA,NA,NA,NA,NA,,,,,,,,,
8/18/2015,Saw Mill Creek,SI2.1,29,0.00,0.00,87.50,0.00,0.00,0.00,0.00,0.00,0.00,,87.50,175.00,0.00,0.00,0.00,0.00,0.50,0.00,,,0.00,0.00,0.50,0.00,NA,NA,NA,NA,NA,NA,,,,,,,,,
8/18/2015,Saw Mill Creek,SI2.1,30,0.00,0.00,62.50,0.00,0.00,0.00,0.00,0.00,8.75,,62.50,133.75,0.00,0.00,0.00,0.00,8.75,0.00,,,0.00,0.00,8.75,0.00,NA,NA,NA,NA,NA,NA,,,,,,,,,
8/24/2015,Udalls Cove,BQ6,1,0.00,0.00,37.50,0.00,0.00,0.00,0.00,2.50,62.50,,0.00,102.50,0.00,0.00,0.00,0.00,62.50,0.00,,,0.00,0.00,2.50,0.00,21.5,27,22,50,38,31.70,,,,,,,,,
8/24/2015,Udalls Cove,BQ6,2,0.00,0.00,87.50,0.00,0.00,0.00,0.00,0.00,8.75,,0.00,96.25,0.00,0.00,0.00,0.00,8.75,0.00,,,0.00,0.00,2.50,0.00,NA,NA,NA,NA,NA,NA,,,,,,,,,
8/24/2015,Udalls Cove,BQ6,3,0.00,0.00,18.75,0.00,0.00,0.00,0.00,0.00,62.50,,0.00,81.25,0.00,0.00,0.00,2.50,0.00,0.00,,,0.00,0.00,8.75,2.50,6,8,25,18,17,14.80,,,,,,,,,
8/24/2015,Udalls Cove,BQ6,4,0.00,0.00,87.50,0.00,0.00,0.00,0.00,0.00,8.75,,0.00,96.25,0.00,0.00,0.00,0.50,18.75,0.00,,,0.00,0.00,2.50,0.00,NA,NA,NA,NA,NA,NA,,,,,,,,,
8/24/2015,Udalls Cove,BQ6,5,0.00,0.00,87.50,0.00,0.00,0.00,0.00,0.00,0.00,,0.00,87.50,0.00,0.00,0.00,0.00,2.50,0.00,,,0.00,0.00,2.50,0.00,NA,NA,NA,NA,NA,NA,,,,,,,,,
8/24/2015,Udalls Cove,BQ6,6,0.00,0.50,37.50,0.00,0.00,0.00,0.00,0.00,18.75,,37.50,94.25,0.00,0.00,0.00,0.00,8.75,0.00,,,0.00,0.00,2.50,0.00,NA,NA,NA,NA,NA,NA,,,,,,,,,
8/24/2015,Udalls Cove,BQ6,7,0.00,0.00,8.75,0.00,0.00,0.00,0.00,0.00,37.50,,0.00,46.25,0.00,0.00,0.00,0.50,0.00,0.00,,,0.00,0.00,8.75,2.50,31,28,0,0,0,11.80,,,,,,,,,
8/24/2015,Udalls Cove,BQ6,8,0.00,0.00,87.50,0.00,0.00,0.00,0.00,0.00,2.50,,0.00,90.00,0.00,0.00,0.00,0.00,2.50,0.00,,,0.00,0.00,0.00,0.00,NA,NA,NA,NA,NA,NA,,,,,,,,,
8/24/2015,Udalls Cove,BQ6,9,0.00,0.50,62.50,0.00,0.00,0.00,0.00,0.00,0.00,,62.50,125.50,0.00,0.00,0.00,0.00,2.50,0.00,,,0.00,0.00,2.50,0.00,NA,NA,NA,NA,NA,NA,,,,,,,,,
8/24/2015,Udalls Cove,BQ6,10,0.00,0.00,37.50,0.00,0.00,0.00,0.00,2.50,8.75,,87.50,136.25,0.00,0.00,0.00,0.00,8.75,0.00,,,0.00,0.00,18.75,0.00,NA,NA,NA,NA,NA,NA,,,,,,,,,
8/24/2015,Udalls Cove,BQ6,11,0.00,0.00,0.00,0.00,0.00,0.00,0.00,18.75,18.75,,0.00,37.50,0.00,0.00,0.00,2.50,0.00,0.00,,,0.00,37.50,37.50,0.00,53,18,22.5,24,26,28.70,,,,,,,,,
8/24/2015,Udalls Cove,BQ6,12,0.00,0.00,0.00,0.00,0.00,0.00,0.00,18.75,62.50,,0.00,81.25,0.00,0.00,0.00,0.00,18.75,18.75,,,0.00,0.00,18.75,0.00,NA,NA,NA,NA,NA,NA,,,,,,,,,
8/24/2015,Udalls Cove,BQ6,13,0.00,8.75,0.00,0.00,0.00,0.00,0.00,0.00,87.50,,0.00,96.25,0.00,0.00,0.00,0.00,0.00,0.00,,,0.00,0.00,0.00,0.00,20,15,11,13.5,18,15.50,,,,,,,,,
8/24/2015,Udalls Cove,BQ6,14,0.00,2.50,0.00,0.00,0.00,0.00,0.00,18.75,8.75,,0.00,30.00,0.00,0.00,0.00,0.00,0.00,0.00,,,0.00,87.50,87.50,0.00,NA,NA,NA,NA,NA,NA,,,,,,,,,
8/24/2015,Udalls Cove,BQ6,15,0.00,0.00,87.50,0.00,0.00,0.00,0.00,2.50,0.00,,0.00,90.00,0.00,0.00,0.00,0.00,0.00,0.00,,,0.00,0.00,0.00,0.00,22,10,9,53,21,23.00,,,,,,,,,
8/24/2015,Udalls Cove,BQ6,16,0.00,0.00,0.00,0.00,0.00,0.00,0.00,0.00,8.75,,0.00,8.75,0.00,0.00,0.00,0.00,0.00,0.00,,,0.00,87.50,0.00,0.00,NA,NA,NA,NA,NA,NA,,,,,,,,,
8/24/2015,Udalls Cove,BQ6,17,0.00,0.00,62.50,0.00,0.00,0.00,0.00,0.00,37.50,,0.00,100.00,0.00,0.00,0.00,0.00,0.00,0.00,,,0.00,0.00,8.75,0.00,23,9,9,7,6,10.80,,,,,,,,,
8/24/2015,Udalls Cove,BQ6,18,0.00,0.00,87.50,0.00,0.00,0.00,0.00,0.00,2.50,,8.75,98.75,0.00,0.00,0.00,0.00,8.75,0.00,,,0.00,0.00,0.00,0.00,NA,NA,NA,NA,NA,NA,,,,,,,,,
8/24/2015,Udalls Cove,BQ6,19,0.00,0.00,0.00,0.00,0.00,0.00,0.00,0.00,0.00,,0.00,0.00,87.50,0.00,0.00,0.50,2.50,0.00,,,0.00,0.00,0.00,0.00,NA,NA,NA,NA,NA,NA,,,,,,,,,
8/24/2015,Udalls Cove,BQ6,20,0.00,0.00,0.00,0.00,0.00,0.00,0.00,0.00,0.00,,0.00,0.00,87.50,0.00,0.00,0.00,2.50,0.00,,,0.00,0.00,0.00,0.00,NA,NA,NA,NA,NA,NA,,,,,,,,,
8/24/2015,Udalls Cove,BQ6,21,0.00,0.00,37.50,0.00,0.00,0.00,0.00,0.00,37.50,,37.50,112.50,0.00,0.00,0.00,0.00,0.00,0.00,,,0.00,0.00,0.00,0.00,6,19,20,11.5,38,18.90,,,,,,,,,
8/24/2015,Udalls Cove,BQ6,22,0.00,0.00,62.50,0.00,0.00,0.00,0.00,0.50,87.50,,0.00,150.50,0.00,0.00,0.00,0.00,2.50,0.00,,,0.00,0.00,0.00,0.00,NA,NA,NA,NA,NA,NA,,,,,,,,,
8/24/2015,Udalls Cove,BQ6,23,0.00,0.00,37.50,0.00,0.00,0.00,0.00,37.50,62.50,,0.00,137.50,0.00,0.00,0.00,0.00,8.75,0.00,,,0.00,0.00,8.75,0.00,9,5,6,8,17,9.00,,,,,,,,,
8/24/2015,Udalls Cove,BQ6,24,0.00,0.00,87.50,0.00,0.00,0.00,0.00,8.75,0.00,,0.00,96.25,0.00,0.00,0.00,0.00,2.50,0.00,,,0.00,0.00,2.50,0.00,NA,NA,NA,NA,NA,NA,,,,,,,,,
8/24/2015,Udalls Cove,BQ6,25,0.00,0.00,37.50,0.00,0.00,0.00,0.00,37.50,37.50,,2.50,115.00,0.00,0.00,0.00,0.00,8.75,0.00,,,0.00,0.00,0.50,0.00,25,74,28,21,16,32.80,,,,,,,,,
8/24/2015,Udalls Cove,BQ6,26,0.00,0.00,62.50,0.00,0.00,0.00,0.00,37.50,0.00,,0.00,100.00,0.00,0.00,0.00,0.00,37.50,0.50,,,0.00,0.00,8.75,0.00,NA,NA,NA,NA,NA,NA,,,,,,,,,
8/24/2015,Udalls Cove,BQ6,27,0.00,0.00,37.50,0.00,0.00,0.00,0.00,8.75,87.50,,0.00,133.75,0.00,0.00,0.00,0.00,8.75,0.00,,,0.00,0.00,18.75,0.00,24,19,18,14,15,18.00,,,,,,,,,
8/24/2015,Udalls Cove,BQ6,28,0.00,0.00,62.50,0.00,0.00,0.00,0.00,18.75,0.00,,0.00,81.25,0.00,0.00,0.00,0.00,8.75,0.00,,,0.00,0.00,0.50,0.00,NA,NA,NA,NA,NA,NA,,,,,,,,,
8/24/2015,Udalls Cove,BQ6,29,0.00,0.00,87.50,0.00,0.00,0.00,0.00,2.50,0.00,,0.00,90.00,0.00,0.00,0.00,0.00,0.00,0.00,,,0.00,0.00,2.50,0.00,NA,NA,NA,NA,NA,NA,,,,,,,,,
8/24/2015,Udalls Cove,BQ6,30,0.00,0.00,8.75,0.00,0.00,0.00,0.00,8.75,87.50,,0.00,105.00,0.00,0.00,0.00,2.50,8.75,0.00,,,0.00,0.00,18.75,0.00,NA,NA,NA,NA,NA,NA,,,,,,,,,
7/14/2016,Pelham Bay Cove,BQ2,1,0.00,0.00,18.75,0.00,0.00,0.00,0.00,0.00,0.00,,62.50,81.25,0.00,0.00,0.00,0.00,2.50,0.00,,,0.00,0.00,0.00,0.00,NA,NA,NA,NA,NA,NA,,,,,,,,,
7/14/2016,Pelham Bay Cove,BQ2,2,0.00,0.00,18.75,0.00,0.00,0.00,0.00,0.50,0.00,,62.50,81.75,0.00,0.00,0.00,0.00,18.75,0.00,,,0.00,0.00,0.00,0.00,NA,NA,NA,NA,NA,NA,,,,,,,,,
7/14/2016,Pelham Bay Cove,BQ2,3,0.00,0.00,62.50,0.00,0.00,0.00,0.00,0.00,0.00,,37.50,100.00,0.00,0.00,0.00,0.00,8.75,0.00,,,0.00,0.00,0.00,0.00,NA,NA,NA,NA,NA,NA,,,,,,,,,
7/14/2016,Pelham Bay Cove,BQ2,4,0.00,0.00,18.75,0.00,0.00,0.00,0.00,2.50,18.75,,8.75,48.75,0.00,0.00,0.00,0.00,8.75,0.00,,,0.00,0.00,8.75,0.50,65.00,40.00,47.00,NA,NA,50.67,,,,,,,,,
7/14/2016,Pelham Bay Cove,BQ2,5,0.00,0.00,0.00,0.00,0.00,0.00,0.00,0.00,62.50,,0.00,62.50,0.00,0.00,0.00,0.00,2.50,2.50,,,0.00,0.00,37.50,0.00,55.00,51.00,43.00,NA,NA,49.67,,,,,,,,,
7/14/2016,Pelham Bay Cove,BQ2,6,0.00,0.00,8.75,0.00,0.00,0.00,0.00,0.50,18.75,,37.50,65.50,0.00,0.00,0.00,0.00,8.75,0.00,,,0.00,0.00,8.75,0.00,49.00,52.00,25.00,NA,NA,42.00,,,,,,,,,
7/14/2016,Pelham Bay Cove,BQ2,7,0.00,0.00,37.50,0.00,0.00,0.00,0.00,0.50,37.50,,0.00,75.50,0.00,0.00,0.00,0.00,0.00,0.00,,,0.00,0.00,8.75,18.75,NA,NA,NA,NA,NA,NA,,,,,,,,,
7/14/2016,Pelham Bay Cove,BQ2,8,0.00,0.00,37.50,0.00,0.00,0.00,0.00,0.00,37.50,,0.00,75.00,0.00,0.00,0.00,0.00,18.75,0.00,,,0.00,0.00,0.00,0.50,NA,NA,NA,NA,NA,NA,,,,,,,,,
7/14/2016,Pelham Bay Cove,BQ2,9,0.00,0.00,0.00,0.00,0.00,0.00,0.00,0.00,37.50,,0.00,37.50,0.00,0.00,0.00,0.00,0.00,2.50,,,0.00,0.00,62.50,18.75,NA,NA,NA,NA,NA,NA,,,,,,,,,
7/14/2016,Pelham Bay Cove,BQ2,10,0.00,0.00,18.50,0.00,0.00,0.00,0.00,0.00,0.00,,62.50,81.00,0.00,0.00,0.00,0.00,37.50,0.00,,,0.00,0.00,0.00,0.00,NA,NA,NA,NA,NA,NA,,,,,,,,,
7/14/2016,Pelham Bay Cove,BQ2,11,0.00,0.00,0.00,0.00,0.00,0.00,0.00,0.00,62.50,,0.00,62.50,0.00,0.00,0.00,0.50,2.50,8.75,,,0.00,0.00,37.50,0.00,28.00,22.00,23.00,NA,NA,24.33,,,,,,,,,
7/14/2016,Pelham Bay Cove,BQ2,12,0.00,0.00,8.75,0.00,0.00,0.00,0.00,2.50,18.75,,37.50,67.50,0.00,0.00,0.00,0.00,37.50,0.00,,,0.00,0.00,8.75,0.00,15.00,21.00,17.00,NA,NA,17.67,,,,,,,,,
7/14/2016,Pelham Bay Cove,BQ2,13,0.00,0.00,0.00,0.00,0.00,0.00,0.00,0.00,37.50,,0.00,37.50,0.00,0.00,0.00,0.00,2.50,18.75,,,0.00,0.00,62.50,0.50,12.00,13.00,17.00,NA,NA,14.00,,,,,,,,,
7/14/2016,Pelham Bay Cove,BQ2,14,0.00,0.00,37.50,0.00,0.00,0.00,0.00,0.50,18.75,,37.50,94.25,0.00,0.00,0.00,0.00,8.75,0.00,,,0.00,0.00,2.50,0.50,18.00,11.00,25.00,NA,NA,18.00,,,,,,,,,
7/14/2016,Pelham Bay Cove,BQ2,15,0.00,0.00,8.75,0.00,0.00,0.00,0.00,0.00,8.75,,8.75,26.25,0.00,0.00,0.00,0.00,62.50,0.00,,,0.00,0.00,18.75,0.00,6.00,7.00,7.00,NA,NA,6.67,,,,,,,,,
7/14/2016,Pelham Bay Cove,BQ2,16,0.00,0.00,37.50,0.00,0.00,0.00,0.00,0.00,0.00,,37.50,75.00,0.00,0.00,0.00,0.00,18.75,0.00,,,0.00,0.00,0.00,0.50,NA,NA,NA,NA,NA,NA,,,,,,,,,
7/14/2016,Pelham Bay Cove,BQ2,17,0.00,0.00,0.00,0.00,0.00,0.00,0.00,0.50,62.50,,0.00,63.00,0.00,0.00,0.00,0.00,18.75,8.75,,,0.00,0.00,18.75,0.00,15.00,11.00,24.00,NA,NA,16.67,,,,,,,,,
7/14/2016,Pelham Bay Cove,BQ2,18,0.00,0.00,18.75,0.00,0.00,0.00,0.00,0.00,0.00,,62.50,81.25,0.00,0.00,0.00,0.00,37.50,0.00,,,0.00,0.00,0.00,0.00,NA,NA,NA,NA,NA,NA,,,,,,,,,
7/14/2016,Pelham Bay Cove,BQ2,19,0.00,0.00,0.00,0.00,0.00,0.00,0.00,0.00,37.50,,0.00,37.50,0.00,0.00,0.00,0.00,18.75,2.50,,,0.00,0.00,37.50,0.00,23.00,17.00,22.00,NA,NA,20.67,,,,,,,,,
7/14/2016,Pelham Bay Cove,BQ2,20,0.00,0.00,0.00,0.00,0.00,0.00,0.00,0.00,62.50,,0.00,62.50,0.00,0.00,0.00,0.00,18.75,0.00,,,0.00,0.00,18.75,0.00,11.00,7.00,16.00,NA,NA,11.33,,,,,,,,,
7/15/2016,Idlewild Creek,JB1.1,1,0.00,0.00,0.00,0.00,0.00,0.00,0.00,18.75,37.50,,0.00,56.25,0.00,0.00,0.00,0.00,2.50,2.50,,,0.00,0.00,37.50,8.75,29.00,16.00,14.00,NA,NA,19.67,,,,,,,,,
7/15/2016,Idlewild Creek,JB1.1,2,0.00,0.00,0.00,0.00,0.00,0.00,0.00,37.50,62.50,,0.00,100.00,0.00,0.00,0.00,0.00,8.75,0.00,,,0.00,0.00,18.75,0.50,9.00,10.00,10.00,NA,NA,9.67,,,,,,,,,
7/15/2016,Idlewild Creek,JB1.1,3,0.00,0.00,0.00,0.00,0.00,0.00,0.00,2.50,62.50,,0.00,65.00,0.00,0.00,0.00,0.00,18.75,0.00,,,0.00,0.00,18.75,0.00,11.00,7.00,5.00,NA,NA,7.67,,,,,,,,,
7/15/2016,Idlewild Creek,JB1.1,4,0.00,0.00,0.00,0.00,0.00,0.00,0.00,2.50,87.50,,0.00,90.00,0.00,0.00,0.00,0.00,18.75,0.00,,,0.00,0.00,18.75,0.00,12.00,18.00,11.00,NA,NA,13.67,,,,,,,,,
7/15/2016,Idlewild Creek,JB1.1,5,0.00,0.00,0.00,0.00,0.00,0.00,0.00,0.00,62.50,,0.00,62.50,0.00,0.00,0.00,0.50,8.75,8.75,,,0.00,0.00,37.50,18.75,10.00,11.00,20.00,NA,NA,13.67,,,,,,,,,
7/15/2016,Idlewild Creek,JB1.1,6,0.00,0.00,0.00,0.00,0.00,0.00,0.00,0.00,87.50,,0.00,87.50,0.00,0.00,0.00,0.00,0.00,0.00,,,0.00,0.00,18.75,18.75,20.00,17.00,15.00,NA,NA,17.33,,,,,,,,,
7/15/2016,Idlewild Creek,JB1.1,7,0.00,0.00,0.00,0.00,0.00,0.00,0.00,0.50,37.50,,0.00,38.00,0.00,0.00,0.00,0.00,37.50,0.00,,,0.00,0.00,18.75,0.00,9.00,13.00,12.00,NA,NA,11.33,,,,,,,,,
7/15/2016,Idlewild Creek,JB1.1,8,0.00,0.00,0.00,0.00,0.00,0.00,0.00,2.50,37.50,,0.00,40.00,0.00,0.00,0.00,0.00,18.75,0.00,,,0.00,0.00,18.75,0.00,12.00,10.00,9.00,NA,NA,10.33,,,,,,,,,
7/15/2016,Idlewild Creek,JB1.1,9,0.00,0.00,0.00,0.00,0.00,0.00,0.00,8.75,62.50,,0.00,71.25,0.00,0.00,0.00,0.00,18.75,0.00,,,0.00,0.00,18.75,2.50,10.00,14.00,12.00,NA,NA,12.00,,,,,,,,,
7/15/2016,Idlewild Creek,JB1.1,10,0.00,0.00,0.00,0.00,0.00,0.00,0.00,0.00,8.75,,0.00,8.75,0.00,0.00,0.00,2.50,0.00,0.00,,,0.00,0.00,2.50,87.50,12.00,12.00,14.00,NA,NA,12.67,,,,,,,,,
7/15/2016,Idlewild Creek,JB1.1,11,0.00,0.00,0.00,0.00,0.00,0.00,0.00,37.50,37.50,,0.00,75.00,0.00,0.00,0.00,0.00,2.50,2.50,,,0.00,0.00,62.50,0.00,32.00,33.00,41.00,NA,NA,35.33,,,,,,,,,
7/15/2016,Idlewild Creek,JB1.1,12,0.00,0.00,0.00,0.00,0.00,0.00,0.00,37.50,18.75,,8.75,65.00,0.00,0.00,0.00,0.00,18.75,0.00,,,0.00,0.00,8.75,0.00,13.00,9.00,8.00,NA,NA,10.00,,,,,,,,,
7/15/2016,Idlewild Creek,JB1.1,13,0.00,0.00,0.00,0.00,0.00,0.00,0.00,37.50,62.50,,0.00,100.00,0.00,0.00,0.00,0.00,18.75,0.00,,,0.00,0.00,37.50,0.50,10.00,10.00,13.00,NA,NA,11.00,,,,,,,,,
7/15/2016,Idlewild Creek,JB1.1,14,0.00,0.00,0.00,0.00,0.00,0.00,0.00,2.50,62.50,,0.00,65.00,0.00,0.00,0.00,0.50,0.00,0.00,,,0.00,0.00,18.75,2.50,14.00,16.00,12.00,NA,NA,14.00,,,,,,,,,
7/15/2016,Idlewild Creek,JB1.1,15,0.00,0.00,0.00,0.00,0.00,0.00,0.00,0.00,37.50,,0.00,37.50,0.00,0.00,0.00,0.50,8.75,0.00,,,0.00,0.00,8.75,2.50,10.00,14.00,16.00,NA,NA,13.33,,,,,,,,,
7/15/2016,Idlewild Creek,JB1.1,16,0.00,0.00,0.00,0.00,0.00,0.00,0.00,0.00,8.75,,0.00,8.75,0.00,0.00,0.00,8.75,0.00,0.00,,,0.00,0.00,8.75,87.50,11.00,10.00,11.00,NA,NA,10.67,,,,,,,,,
7/15/2016,Idlewild Creek,JB1.1,17,0.00,0.00,0.00,0.00,0.00,0.00,0.00,2.50,37.50,,0.00,40.00,0.00,0.00,0.00,0.00,8.75,0.00,,,0.00,0.00,62.50,0.50,38.00,25.00,24.00,NA,NA,29.00,,,,,,,,,
7/15/2016,Idlewild Creek,JB1.1,18,0.00,0.00,0.00,0.00,0.00,0.00,0.00,2.50,37.50,,0.00,40.00,0.00,0.00,0.00,0.00,8.75,0.50,,,0.00,0.00,62.50,0.50,27.00,16.00,29.00,NA,NA,24.00,,,,,,,,,
7/15/2016,Idlewild Creek,JB1.1,19,0.00,0.00,0.00,0.00,0.00,0.00,0.00,0.00,62.50,,0.00,62.50,0.00,0.00,0.00,0.00,18.75,2.50,,,0.00,0.00,37.50,2.50,21.00,13.00,16.00,NA,NA,16.67,,,,,,,,,
7/15/2016,Idlewild Creek,JB1.1,20,0.00,0.00,0.00,0.00,0.00,0.00,0.00,18.75,62.50,,0.00,81.25,0.00,0.00,0.00,0.00,8.75,0.00,,,0.00,0.00,37.50,0.00,17.00,13.00,14.00,NA,NA,14.67,,,,,,,,,
7/20/2016,Spring Creek,JB2,1,0.00,0.00,2.50,0.00,0.00,0.00,0.00,0.00,37.50,,0.00,40.00,0.00,0.00,0.00,0.00,8.75,0.00,,,0.00,0.00,0.00,18.75,10.00,15.00,10.00,NA,NA,11.67,,,,,,,,,
7/20/2016,Spring Creek,JB2,2,0.00,0.00,0.00,0.00,0.00,0.00,0.00,0.00,87.50,,0.00,87.50,0.00,0.00,0.00,0.00,8.75,0.50,,,0.00,0.00,0.00,0.00,4.00,6.50,5.00,NA,NA,5.17,,,,,,,,,
7/20/2016,Spring Creek,JB2,3,0.00,0.00,0.00,0.00,0.00,0.00,0.00,0.00,37.50,,0.00,37.50,0.00,0.00,0.00,2.50,8.75,18.75,,,0.00,0.00,0.00,18.75,14.00,17.00,13.00,NA,NA,14.67,,,,,,,,,
7/20/2016,Spring Creek,JB2,4,0.00,0.00,2.50,0.00,0.00,0.00,0.00,0.00,87.50,,0.00,90.00,0.00,0.00,0.00,0.00,18.75,0.50,,,0.00,0.00,0.00,0.00,16.00,10.00,9.00,NA,NA,11.67,,,,,,,,,
7/20/2016,Spring Creek,JB2,5,0.00,0.00,0.00,0.00,0.00,0.00,0.00,0.00,87.50,,0.00,87.50,0.00,0.00,0.00,0.00,18.75,18.75,,,0.00,0.00,0.00,0.00,12.00,18.00,14.00,NA,NA,14.67,,,,,,,,,
7/20/2016,Spring Creek,JB2,6,0.00,0.00,0.00,0.00,0.00,0.00,0.00,0.50,37.50,,0.00,38.00,0.00,0.00,0.00,0.00,8.75,18.75,,,0.00,0.00,0.00,0.00,51.00,53.00,30.00,NA,NA,44.67,,,,,,,,,
7/20/2016,Spring Creek,JB2,7,0.00,0.00,0.00,0.00,0.00,0.00,0.00,0.00,62.50,,0.00,62.50,0.00,0.00,0.00,0.00,8.75,0.50,,,0.00,0.00,0.00,0.00,20.00,19.00,21.00,NA,NA,20.00,,,,,,,,,
7/20/2016,Spring Creek,JB2,8,0.00,0.00,0.00,0.00,0.00,0.00,0.00,0.00,87.50,,0.00,87.50,0.00,0.00,0.00,0.00,2.50,8.75,,,0.00,0.00,0.00,0.00,65.50,77.00,75.00,NA,NA,72.50,,,,,,,,,
7/20/2016,Spring Creek,JB2,9,0.00,0.00,0.00,0.00,0.00,0.00,0.00,0.00,87.50,,0.00,87.50,0.00,0.00,0.00,0.00,8.75,0.00,,,0.00,0.00,0.00,0.00,10.00,10.00,12.00,NA,NA,10.67,,,,,,,,,
7/20/2016,Spring Creek,JB2,10,0.00,0.00,0.00,0.00,0.00,0.00,0.00,0.00,37.50,,0.00,37.50,0.00,0.00,0.00,0.00,0.50,0.00,,,0.00,0.00,62.50,0.00,19.00,19.00,9.00,NA,NA,15.67,,,,,,,,,
7/20/2016,Spring Creek,JB2,11,0.00,0.00,0.00,0.00,0.00,0.00,0.00,0.50,37.50,,0.00,38.00,0.00,0.00,0.00,0.00,37.50,0.00,,,0.00,0.00,0.00,0.00,11.00,12.00,24.00,NA,NA,15.67,,,,,,,,,
7/20/2016,Spring Creek,JB2,12,0.00,0.00,0.00,0.00,0.00,0.00,0.00,0.50,37.50,,18.75,56.75,0.00,0.00,0.00,0.00,18.75,8.75,,,0.00,0.00,0.00,0.00,9.00,15.00,24.00,NA,NA,16.00,,,,,,,,,
7/20/2016,Spring Creek,JB2,13,0.00,0.00,87.50,0.00,0.00,0.00,0.00,0.00,8.75,,0.00,96.25,0.00,0.00,0.00,0.00,8.75,0.00,,,0.00,0.00,0.00,0.00,13.00,8.00,20.00,NA,NA,13.67,,,,,,,,,
7/20/2016,Spring Creek,JB2,14,0.00,0.00,0.00,0.00,0.00,0.00,0.00,0.00,62.50,,0.00,62.50,0.00,0.00,0.00,0.00,18.75,0.00,,,0.00,0.00,0.00,0.00,17.00,12.00,19.00,NA,NA,16.00,,,,,,,,,
7/20/2016,Spring Creek,JB2,15,0.00,0.00,0.00,0.00,0.00,0.00,0.00,0.00,62.50,,0.00,62.50,0.00,0.00,0.00,0.00,8.75,0.00,,,0.00,0.00,0.00,0.00,46.50,34.00,11.00,NA,NA,30.50,,,,,,,,,
7/20/2016,Spring Creek,JB2,16,0.00,0.00,0.00,0.00,0.00,0.00,0.00,0.00,62.50,,0.00,62.50,0.00,0.00,0.00,0.00,18.75,2.50,,,0.00,0.00,0.00,0.00,21.00,49.00,52.00,NA,NA,40.67,,,,,,,,,
7/20/2016,Spring Creek,JB2,17,0.00,0.00,0.00,0.00,0.00,0.00,0.00,0.00,37.50,,0.00,37.50,0.00,0.00,0.00,0.00,0.50,18.75,,,0.00,0.00,0.00,0.00,16.00,28.00,37.00,NA,NA,27.00,,,,,,,,,
7/20/2016,Spring Creek,JB2,18,0.00,0.00,0.00,0.00,0.00,0.00,0.00,0.00,37.50,,0.00,37.50,0.00,0.00,0.00,0.00,0.00,37.50,,,0.00,0.00,0.00,0.50,16.00,31.00,19.00,NA,NA,22.00,,,,,,,,,
7/20/2016,Spring Creek,JB2,19,0.00,0.00,0.00,0.00,0.00,0.00,0.00,2.50,62.50,,0.00,65.00,0.00,0.00,0.00,0.00,18.75,0.00,,,0.00,0.00,0.00,0.00,9.00,7.00,4.00,NA,NA,6.67,,,,,,,,,
7/20/2016,Spring Creek,JB2,20,0.00,0.00,0.00,0.00,0.00,0.00,0.00,0.00,87.50,,0.00,87.50,0.00,0.00,0.00,0.50,8.75,0.00,,,0.00,0.00,0.00,0.00,12.00,21.00,13.00,NA,NA,15.33,,,,,,,,,
7/22/2016,Saw Mill Creek,SI2.1,1,0.00,0.00,37.50,0.00,0.00,0.00,0.00,0.00,0.00,,62.50,100.00,0.00,0.00,0.00,0.00,18.75,0.00,,,0.00,0.00,0.00,0.00,NA,NA,NA,NA,NA,NA,,,,,,,,,
7/22/2016,Saw Mill Creek,SI2.1,2,0.00,0.00,18.75,0.00,0.00,0.00,0.00,0.00,0.00,,62.50,81.25,0.00,0.00,0.00,0.00,8.75,0.00,,,0.00,0.00,8.75,0.00,NA,NA,NA,NA,NA,NA,,,,,,,,,
7/22/2016,Saw Mill Creek,SI2.1,3,0.00,0.00,18.75,0.00,0.00,0.00,0.00,0.00,0.00,,87.50,106.25,0.00,0.00,0.00,0.00,0.00,0.00,,,0.00,0.00,0.00,0.00,NA,NA,NA,NA,NA,NA,,,,,,,,,
7/22/2016,Saw Mill Creek,SI2.1,4,0.00,0.00,18.75,0.00,0.00,0.00,0.00,0.00,0.00,,62.50,81.25,0.00,0.00,0.00,0.00,2.50,0.00,,,0.00,0.00,2.50,2.50,NA,NA,NA,NA,NA,NA,,,,,,,,,
7/22/2016,Saw Mill Creek,SI2.1,5,0.00,0.00,18.75,0.00,0.00,0.00,0.00,0.00,0.00,,87.50,106.25,0.00,0.00,0.00,0.00,2.50,0.00,,,0.00,0.00,8.75,0.00,5.00,6.50,6.00,NA,NA,5.83,,,,,,,,,
7/22/2016,Saw Mill Creek,SI2.1,6,0.00,0.00,37.50,0.00,0.00,0.00,0.00,0.00,0.00,,37.50,75.00,0.00,0.00,0.00,0.00,18.75,0.00,,,0.00,0.00,0.00,0.50,15.00,10.00,9.00,NA,NA,11.33,,,,,,,,,
7/22/2016,Saw Mill Creek,SI2.1,7,0.00,0.00,37.50,0.00,0.00,0.00,0.00,0.00,8.75,,37.50,83.75,0.00,0.00,0.00,0.00,18.75,0.00,,,0.00,0.00,2.50,0.00,12.00,14.00,18.00,NA,NA,14.67,,,,,,,,,
7/22/2016,Saw Mill Creek,SI2.1,8,0.00,0.00,2.50,0.00,0.00,0.00,0.00,0.00,0.00,,62.50,65.00,0.00,0.00,0.00,0.00,37.50,0.00,,,0.00,0.00,0.00,0.00,22.00,7.00,13.00,NA,NA,14.00,,,,,,,,,
7/22/2016,Saw Mill Creek,SI2.1,9,0.00,0.00,37.50,0.00,0.00,0.00,0.00,0.00,0.00,,37.50,75.00,0.00,0.00,0.00,0.00,18.75,0.00,,,0.00,0.00,2.50,0.50,15.00,16.00,10.00,NA,NA,13.67,,,,,,,,,
7/22/2016,Saw Mill Creek,SI2.1,10,0.00,0.00,8.75,0.00,0.00,0.00,0.00,0.00,2.50,,87.50,98.75,0.00,0.00,0.00,0.00,2.50,0.00,,,0.00,0.00,0.00,0.00,14.00,21.00,11.00,NA,NA,15.33,,,,,,,,,
7/22/2016,Saw Mill Creek,SI2.1,11,0.00,0.00,18.75,0.00,0.00,0.00,0.00,0.00,0.00,,62.50,81.25,0.00,0.00,0.00,0.00,0.00,0.00,,,0.00,0.00,0.00,0.00,NA,NA,NA,NA,NA,NA,,,,,,,,,
7/22/2016,Saw Mill Creek,SI2.1,12,0.00,0.00,37.50,0.00,0.00,0.00,0.00,0.00,2.50,,37.50,77.50,0.00,0.00,0.00,0.00,8.75,0.00,,,0.00,0.00,0.00,0.00,8.00,6.00,13.00,NA,NA,9.00,,,,,,,,,
7/22/2016,Saw Mill Creek,SI2.1,13,0.00,0.00,37.50,0.00,0.00,0.00,0.00,0.00,0.00,,62.50,100.00,0.00,0.00,0.00,0.00,0.50,0.00,,,0.00,0.00,0.00,0.00,NA,NA,NA,NA,NA,NA,,,,,,,,,
7/22/2016,Saw Mill Creek,SI2.1,14,0.00,0.00,37.50,0.00,0.00,0.00,0.00,0.00,0.00,,37.50,75.00,0.00,0.00,0.00,0.00,37.50,0.00,,,0.00,0.00,0.50,0.00,NA,NA,NA,NA,NA,NA,,,,,,,,,
7/22/2016,Saw Mill Creek,SI2.1,15,0.00,0.00,18.75,0.00,0.00,0.00,0.00,0.00,0.00,,62.50,81.25,0.00,0.00,0.00,0.00,8.75,0.00,,,0.00,0.00,0.00,0.00,NA,NA,NA,NA,NA,NA,,,,,,,,,
7/22/2016,Saw Mill Creek,SI2.1,16,0.00,0.50,0.00,0.00,0.00,0.00,0.00,0.00,18.75,,18.75,38.00,0.00,0.00,0.00,0.00,8.75,0.00,,,0.00,0.00,18.75,0.00,11.00,7.00,9.00,NA,NA,9.00,,,,,,,,,
7/22/2016,Saw Mill Creek,SI2.1,17,0.00,0.00,8.75,0.00,0.00,0.00,0.00,0.00,37.50,,37.50,83.75,0.00,0.00,0.00,0.00,8.75,0.00,,,0.00,0.00,62.50,2.50,5.00,10.00,16.00,NA,NA,10.33,,,,,,,,,
7/22/2016,Saw Mill Creek,SI2.1,18,0.00,0.00,8.75,0.00,0.00,0.00,0.00,0.00,0.00,,0.00,8.75,0.00,0.00,0.00,0.00,2.50,0.00,,,0.00,0.00,0.00,0.00,12.00,7.00,6.00,NA,NA,8.33,,,,,,,,,
7/22/2016,Saw Mill Creek,SI2.1,19,0.00,0.00,8.75,0.00,0.00,0.00,0.00,0.00,18.75,,18.75,46.25,0.00,0.00,0.00,2.50,18.75,0.00,,,0.00,0.00,37.50,0.00,19.00,6.00,11.00,NA,NA,12.00,,,,,,,,,
7/22/2016,Saw Mill Creek,SI2.1,20,0.00,0.00,18.75,0.00,0.00,0.00,0.00,0.00,0.00,,0.00,18.75,0.00,0.00,0.00,0.00,18.75,0.00,,,0.00,0.00,8.75,0.00,NA,NA,NA,NA,NA,NA,,,,,,,,,
7/27/2016,Hutch River,BQ1.1,1,0.00,0.00,62.50,0.00,0.00,0.00,0.00,0.00,0.00,,37.50,100.00,0.00,0.00,0.00,0.00,2.50,0.00,,,0.00,0.00,0.00,0.00,NA,NA,NA,NA,NA,NA,,,,,,,,,
7/27/2016,Hutch River,BQ1.1,2,0.00,0.00,62.50,0.00,0.00,0.00,0.00,0.00,0.00,,37.50,100.00,0.00,0.00,0.00,0.00,0.50,0.00,,,0.00,0.00,0.00,0.50,NA,NA,NA,NA,NA,NA,,,,,,,,,
7/27/2016,Hutch River,BQ1.1,3,0.00,0.00,87.50,0.00,0.00,0.00,0.00,0.00,0.00,,18.75,106.25,0.00,0.00,0.00,0.50,0.50,0.00,,,0.00,0.00,0.00,0.50,NA,NA,NA,NA,NA,NA,,,,,,,,,
7/27/2016,Hutch River,BQ1.1,4,0.00,0.00,0.00,0.00,0.00,0.00,0.00,0.00,37.50,,0.00,37.50,0.00,0.00,0.00,2.50,8.75,18.75,,,0.00,0.00,37.50,8.75,52.00,85.00,53.00,NA,NA,63.33,,,,,,,,,
7/27/2016,Hutch River,BQ1.1,5,0.00,0.00,62.50,0.00,0.00,0.00,0.00,0.00,37.50,,0.00,100.00,0.00,0.00,0.00,2.50,8.75,0.00,,,0.00,0.00,18.75,2.50,35.00,37.00,22.00,NA,NA,31.33,,,,,,,,,
7/27/2016,Hutch River,BQ1.1,6,0.00,0.00,0.00,0.00,0.00,0.00,0.00,0.00,37.50,,2.50,40.00,0.00,0.00,0.00,2.50,8.75,0.00,,,0.00,0.00,37.50,2.50,66.00,66.00,66.00,NA,NA,66.00,,,,,,,,,
7/27/2016,Hutch River,BQ1.1,7,0.00,0.00,0.00,0.00,0.00,0.00,0.00,0.00,62.50,,0.00,62.50,0.00,0.00,0.00,2.50,8.75,8.75,,,0.00,0.00,18.75,0.50,69.00,63.00,41.00,NA,NA,57.67,,,,,,,,,
7/27/2016,Hutch River,BQ1.1,8,0.00,0.00,0.00,0.00,0.00,0.00,0.00,0.00,37.50,,0.00,37.50,0.00,0.00,0.00,8.75,18.75,0.00,,,0.00,0.00,18.75,2.50,22.00,23.00,18.00,NA,NA,21.00,,,,,,,,,
7/27/2016,Hutch River,BQ1.1,9,0.00,0.00,8.75,0.00,0.00,0.00,0.00,0.00,37.50,,0.00,46.25,0.00,0.00,0.00,0.00,18.75,0.00,,,0.00,0.00,62.50,2.50,22.00,18.00,24.00,NA,NA,21.33,,,,,,,,,
7/27/2016,Hutch River,BQ1.1,10,0.00,0.00,0.00,0.00,0.00,0.00,0.00,0.00,37.50,,0.00,37.50,0.00,0.00,0.00,2.50,18.75,2.50,,,0.00,0.00,37.50,0.00,34.00,26.00,13.00,NA,NA,24.33,,,,,,,,,
7/27/2016,Hutch River,BQ1.1,11,0.00,0.00,37.50,0.00,0.00,0.00,0.00,0.00,0.00,,62.50,100.00,0.00,0.00,0.00,0.50,8.75,0.00,,,0.00,0.00,0.50,0.00,NA,NA,NA,NA,NA,NA,,,,,,,,,
7/27/2016,Hutch River,BQ1.1,12,0.00,0.00,8.75,0.00,0.00,0.00,0.00,0.00,0.00,,8.75,17.50,0.00,0.00,0.00,0.00,18.75,0.50,,,0.00,0.00,62.50,0.50,NA,NA,NA,NA,NA,NA,,,,,,,,,
7/27/2016,Hutch River,BQ1.1,13,0.00,0.00,2.50,0.00,0.00,0.00,0.00,0.00,18.75,,8.75,30.00,0.00,0.00,0.00,8.75,0.00,0.00,,,0.00,0.00,8.75,18.75,12.00,11.00,19.00,NA,NA,14.00,,,,,,,,,
7/27/2016,Hutch River,BQ1.1,14,0.00,0.00,8.75,0.00,0.00,0.00,0.00,0.00,37.50,,8.75,55.00,0.00,0.00,0.00,0.50,8.75,0.00,,,0.00,0.00,18.75,0.00,21.00,15.00,18.00,NA,NA,18.00,,,,,,,,,
7/27/2016,Hutch River,BQ1.1,15,0.00,0.00,2.50,0.00,0.00,0.00,0.00,0.00,37.50,,18.75,58.75,0.00,0.00,0.00,2.50,2.50,0.00,,,0.00,18.75,18.75,2.50,22.00,35.00,32.00,NA,NA,29.67,,,,,,,,,
7/27/2016,Hutch River,BQ1.1,16,0.00,0.00,0.00,0.00,0.00,0.00,0.00,0.00,62.50,,0.50,63.00,0.00,0.00,0.00,2.50,2.50,0.00,,,0.00,0.00,18.75,2.50,12.00,18.00,30.00,NA,NA,20.00,,,,,,,,,
7/27/2016,Hutch River,BQ1.1,17,0.00,0.00,18.75,0.00,0.00,0.00,0.00,0.00,18.75,,37.50,75.00,0.00,0.00,0.00,0.00,8.75,0.00,,,0.00,18.75,18.75,0.00,36.00,45.00,31.00,NA,NA,37.33,,,,,,,,,
7/27/2016,Hutch River,BQ1.1,18,0.00,0.00,0.00,0.00,0.00,0.00,0.00,0.00,8.75,,37.50,46.25,0.00,0.00,0.00,0.50,8.75,0.50,,,0.00,0.00,18.75,0.00,40.00,20.00,18.00,NA,NA,26.00,,,,,,,,,
7/27/2016,Hutch River,BQ1.1,19,0.00,0.00,8.75,0.00,0.00,0.00,0.00,0.00,0.00,,87.50,96.25,0.00,0.00,0.00,2.50,8.75,0.00,,,0.00,0.00,8.75,0.00,NA,NA,NA,NA,NA,NA,,,,,,,,,
7/27/2016,Hutch River,BQ1.1,20,0.00,0.00,2.50,0.00,0.00,0.00,0.00,0.00,62.50,,2.50,67.50,0.00,0.00,0.00,0.50,8.75,0.00,,,0.00,0.00,18.75,0.50,65.00,54.00,48.00,NA,NA,55.67,,,,,,,,,
7/28/2016,Udalls Cove,BQ6,1,0.00,0.50,8.75,0.00,0.00,0.00,0.00,18.75,37.50,,0.00,65.50,0.00,0.00,0.00,0.50,8.75,0.50,,,0.00,18.75,18.75,0.00,32.00,19.00,16.00,NA,NA,22.33,,,,,,,,,
7/28/2016,Udalls Cove,BQ6,2,0.00,2.50,8.75,0.00,0.00,0.00,0.00,2.50,8.75,,18.75,41.25,0.00,0.00,0.00,0.50,2.50,0.00,,,0.00,18.75,18.75,2.50,18.00,10.00,11.00,NA,NA,13.00,,,,,,,,,
7/28/2016,Udalls Cove,BQ6,3,0.00,0.00,37.50,0.00,0.00,0.00,0.00,0.50,18.75,,0.50,57.25,0.00,0.00,0.00,0.00,2.50,0.00,,,0.00,0.00,8.75,0.00,13.00,19.00,26.00,NA,NA,19.33,,,,,,,,,
7/28/2016,Udalls Cove,BQ6,4,0.00,0.00,18.75,0.00,0.00,0.00,0.00,0.50,8.75,,2.50,30.50,0.00,0.00,0.00,0.50,2.50,0.00,,,0.00,0.00,18.75,18.75,18.00,12.00,15.00,NA,NA,15.00,,,,,,,,,
7/28/2016,Udalls Cove,BQ6,5,0.00,0.00,37.50,0.00,0.00,0.00,0.00,0.50,0.00,,37.50,75.50,0.00,0.00,0.00,0.00,8.75,0.00,,,0.00,0.00,2.50,0.50,NA,NA,NA,NA,NA,NA,,,,,,,,,
7/28/2016,Udalls Cove,BQ6,6,0.00,0.00,62.50,0.00,0.00,0.00,0.00,8.75,2.50,,8.75,82.50,0.00,0.00,0.00,0.00,8.75,0.00,,,0.00,0.00,2.50,0.00,12.00,6.00,8.00,NA,NA,8.67,,,,,,,,,
7/28/2016,Udalls Cove,BQ6,7,0.00,0.00,8.75,0.00,0.00,0.00,0.00,0.50,87.50,,0.00,96.75,0.00,0.00,0.00,0.00,8.75,0.00,,,0.00,0.00,2.50,0.00,12.00,12.00,11.00,NA,NA,11.67,,,,,,,,,
7/28/2016,Udalls Cove,BQ6,8,0.00,0.00,0.00,0.00,0.00,0.00,0.00,8.75,37.50,,0.00,46.25,0.00,0.00,0.00,0.00,0.00,0.00,,,0.00,0.50,0.50,8.75,20.00,10.00,14.00,NA,NA,14.67,,,,,,,,,
7/28/2016,Udalls Cove,BQ6,9,0.00,0.00,37.50,0.00,0.00,0.00,0.00,0.00,0.50,,37.50,75.50,0.00,0.00,0.00,0.00,8.75,0.00,,,0.00,0.00,2.50,2.50,10.00,4.00,13.00,NA,NA,9.00,,,,,,,,,
7/28/2016,Udalls Cove,BQ6,10,0.00,0.50,2.50,0.00,0.00,0.00,0.00,0.50,37.50,,0.00,41.00,0.00,0.00,0.00,0.50,8.75,0.00,,,0.00,0.00,18.75,18.75,43.00,36.00,62.00,NA,NA,47.00,,,,,,,,,
7/28/2016,Udalls Cove,BQ6,11,0.00,0.00,37.50,0.00,0.00,0.00,0.00,0.00,8.75,,37.50,83.75,0.00,0.00,0.00,0.50,8.75,0.00,,,0.00,0.00,18.75,2.50,NA,NA,NA,NA,NA,NA,,,,,,,,,
7/28/2016,Udalls Cove,BQ6,12,0.00,0.00,18.75,0.00,0.00,0.00,0.00,2.50,0.00,,37.50,58.75,0.00,0.00,0.00,0.50,18.75,0.00,,,0.00,0.00,8.75,0.00,8.00,7.00,6.00,NA,NA,7.00,,,,,,,,,
7/28/2016,Udalls Cove,BQ6,13,0.00,0.00,37.50,0.00,0.00,0.00,0.00,0.50,18.75,,18.75,75.50,0.00,0.00,0.00,0.00,18.75,0.00,,,0.00,0.00,8.75,0.50,7.00,8.00,11.00,NA,NA,8.67,,,,,,,,,
7/28/2016,Udalls Cove,BQ6,14,0.00,0.00,18.75,0.00,0.00,0.00,0.00,8.75,18.75,,8.75,55.00,0.00,0.00,0.00,0.00,8.75,0.00,,,0.00,0.00,2.50,0.50,12.00,10.00,10.00,NA,NA,10.67,,,,,,,,,
7/28/2016,Udalls Cove,BQ6,15,0.00,0.50,87.50,0.00,0.00,0.00,0.00,0.50,0.00,,2.50,91.00,0.00,0.00,0.00,0.00,2.50,0.00,,,0.00,0.00,0.00,0.00,NA,NA,NA,NA,NA,NA,,,,,,,,,
7/28/2016,Udalls Cove,BQ6,16,0.00,0.00,62.50,0.00,0.00,0.00,0.00,0.50,2.50,,0.50,66.00,0.00,0.00,0.00,0.00,0.00,0.00,,,0.00,0.00,2.50,8.75,13.00,9.00,14.00,NA,NA,12.00,,,,,,,,,
7/28/2016,Udalls Cove,BQ6,17,0.00,0.00,37.50,0.00,0.00,0.00,0.00,0.50,8.75,,0.50,47.25,0.00,0.00,0.00,0.50,0.50,0.00,,,0.00,0.00,18.75,2.50,19.00,21.00,12.00,NA,NA,17.33,,,,,,,,,
7/28/2016,Udalls Cove,BQ6,18,0.00,0.00,8.75,0.00,0.00,0.00,0.00,0.50,8.75,,2.50,20.50,0.00,0.00,0.00,0.00,2.50,0.00,,,0.00,37.50,37.50,0.00,49.00,15.00,24.00,NA,NA,29.33,,,,,,,,,
7/28/2016,Udalls Cove,BQ6,19,0.00,0.00,8.75,0.00,0.00,0.00,0.00,0.00,8.75,,0.00,17.50,0.00,0.00,0.00,2.50,0.00,0.00,,,0.00,0.00,0.50,62.50,55.00,32.00,26.00,NA,NA,37.67,,,,,,,,,
7/28/2016,Udalls Cove,BQ6,20,0.00,0.00,87.50,0.00,0.00,0.00,0.00,0.50,0.00,,8.75,96.75,0.00,0.00,0.00,0.00,8.75,0.00,,,0.00,0.00,0.50,0.00,NA,NA,NA,NA,NA,NA,,,,,,,,,
6/3/2024,Spring Creek,JB2,1,0.00,0.00,0.00,0.00,0.00,0.00,0.00,0.00,37.50,0.00,0.00,37.50,0.00,0.00,0.00,N,N,Y,Y,N,0.00,0.00,37.50,0.00,,,,,,,4,8,12,17,0,0,SPAL,LM,1.175
6/3/2024,Spring Creek,JB2,2,0.00,0.00,0.50,37.50,87.50,8.75,0.00,0.00,0.00,0.50,0.00,134.75,0.00,0.00,0.00,N,N,N,N,N,0.00,0.00,0.00,0.00,,,,,,,0,0,1,1,41,50,JUGE,HM,3.58
6/3/2024,Spring Creek,JB2,3,0.00,0.00,0.00,0.00,0.00,0.00,0.00,0.00,37.50,0.00,0.00,37.50,0.00,0.00,0.00,Y,Y,N,Y,N,0.00,0.00,2.50,62.50,,,,,,,0,1,2,2,23,10,SPAL,LM,2.579
6/3/2024,Spring Creek,JB2,4,0.00,0.00,0.00,0.00,0.00,0.00,0.00,0.00,37.50,0.00,0.00,37.50,0.00,0.00,0.00,Y,N,N,Y,Y,0.00,0.00,2.50,62.50,,,,,,,0,1,2,4,17,21,SPAL,LM,2.368
6/3/2024,Spring Creek,JB2,5,0.00,0.00,0.00,0.00,0.00,0.00,0.00,0.00,37.50,0.00,0.00,37.50,0.00,0.00,0.00,N,N,Y,Y,N,0.00,0.00,62.50,0.00,,,,,,,5,12,13,15,0,10,SPAL,LM,1.182
6/3/2024,Spring Creek,JB2,6,0.00,0.00,0.00,0.00,0.00,0.00,0.00,0.00,62.50,0.00,0.00,62.50,0.00,0.00,0.00,N,N,Y,Y,N,0.00,0.00,37.50,0.00,,,,,,,5,12,15,17,15,3,SPAL,LM,2.033
6/3/2024,Spring Creek,JB2,7,0.00,0.00,0.00,0.00,0.00,0.00,0.00,0.50,37.50,0.00,0.00,38.00,0.00,0.00,0.00,N,Y,Y,Y,N,0.00,0.00,62.50,0.50,,,,,,,2,8,12,15,0,10,SPAL,LM,1.446
6/3/2024,Spring Creek,JB2,8,0.00,0.00,2.50,0.00,0.00,0.00,0.00,0.00,18.75,0.00,0.00,21.25,0.00,0.00,0.00,Y,N,N,N,N,0.00,0.00,0.00,62.50,,,,,,,0,2,3,3,50,13,SPAL,Mix,2.782
6/3/2024,Spring Creek,JB2,9,0.00,0.00,0.00,0.00,0.00,0.00,0.00,0.00,37.50,0.00,0.00,37.50,0.00,0.00,0.00,Y,Y,Y,N,Y,0.00,0.00,8.75,37.50,,,,,,,0,1,2,2,75,12,SPAL,LM,2.331
6/3/2024,Spring Creek,JB2,10,0.00,0.00,0.00,0.00,0.00,0.00,0.00,0.00,37.50,0.00,0.00,37.50,0.00,0.00,0.00,N,Y,Y,N,N,0.00,0.00,62.50,0.00,,,,,,,9,15,21,25,0,0,SPAL,LM,0.822
6/3/2024,Spring Creek,JB2,11,0.00,0.00,0.00,0.00,0.00,0.00,0.00,0.00,18.75,0.00,0.00,18.75,0.00,0.00,0.00,N,N,Y,Y,Y,0.00,0.00,87.50,0.00,,,,,,,5,11,14,18,5,2,SPAL,LM,0.819
6/3/2024,Spring Creek,JB2,12,0.00,0.00,0.00,0.00,0.00,0.00,0.00,0.00,62.50,0.00,0.00,62.50,0.00,0.00,0.00,N,N,Y,Y,Y,0.00,0.00,8.75,18.75,,,,,,,0,2,3,4,27,9,SPAL,Mix,2.105
6/3/2024,Spring Creek,JB2,13,0.00,0.00,0.00,0.00,0.00,0.00,0.00,0.00,18.75,0.00,0.00,18.75,0.00,0.00,0.00,N,N,Y,Y,N,0.00,0.00,62.50,8.75,,,,,,,1,6,11,18,0,9,SPAL,LM,1.281
6/3/2024,Spring Creek,JB2,14,0.00,0.00,0.00,0.00,0.00,0.00,0.00,0.00,8.75,0.00,0.00,8.75,0.00,0.00,0.00,N,N,Y,Y,N,0.00,0.00,8.75,87.50,,,,,,,2,6,11,14,0,16,SPAL,LM,0.928
6/3/2024,Spring Creek,JB2,15,0.00,0.00,0.00,0.00,0.00,0.00,0.00,0.50,37.50,0.00,37.50,75.50,0.00,0.00,0.00,N,Y,N,Y,N,0.00,0.00,8.75,2.50,,,,,,,0,2,2,2,34,19,SPAL,Mix,2.376
6/3/2024,Spring Creek,JB2,16,0.00,0.00,0.00,0.00,0.00,0.00,0.00,0.50,87.50,0.00,0.00,88.00,0.00,0.00,0.00,Y,Y,N,N,N,0.00,0.00,18.75,2.50,,,,,,,1,3,5,6,23,18,SPAL,LM,1.943
6/3/2024,Spring Creek,JB2,17,0.00,0.00,0.00,0.00,0.00,0.00,0.00,0.00,8.75,0.00,0.00,8.75,0.00,0.00,0.00,N,N,Y,N,Y,0.00,0.00,87.50,0.50,,,,,,,10,14,20,23,0,2,SPAL,LM,0.746
6/3/2024,Spring Creek,JB2,18,0.00,0.00,0.00,0.00,0.00,0.00,0.00,0.00,62.50,0.00,0.00,62.50,0.00,0.00,0.00,N,N,Y,Y,N,0.00,0.00,18.75,18.75,,,,,,,1,3,4,5,45,7,SPAL,LM,2.157
6/3/2024,Spring Creek,JB2,19,0.00,0.00,0.00,0.00,0.00,0.00,0.00,0.00,87.50,0.00,0.00,87.50,0.00,0.00,0.00,N,Y,N,N,Y,0.00,0.00,8.75,0.00,,,,,,,0,1,2,2,32,10,SPAL,Mix,2.756
6/3/2024,Spring Creek,JB2,20,0.00,0.00,0.00,0.00,0.00,0.00,0.00,0.50,87.50,0.00,0.00,88.00,0.00,0.00,0.00,N,Y,N,N,N,0.00,0.00,2.50,0.00,,,,,,,0,1,1,2,57,16,SPAL,Mix,2.672
6/3/2024,Spring Creek,JB2,21,0.00,0.00,0.00,0.00,0.00,0.00,0.00,0.00,62.50,0.00,0.00,62.50,0.00,0.00,0.00,N,Y,Y,Y,Y,0.00,0.00,18.75,0.00,,,,,,,0,1,2,3,23,12,SPAL,LM,2.809
6/3/2024,Spring Creek,JB2,22,0.00,0.00,0.00,0.00,0.00,0.00,0.00,0.50,37.50,0.00,0.00,38.00,0.00,0.00,0.00,N,N,Y,N,N,0.00,0.00,62.50,0.50,,,,,,,5,15,21,28,0,5,SPAL,LM,1.035
6/3/2024,Spring Creek,JB2,23,0.00,0.00,37.50,0.00,0.00,0.00,0.00,0.00,37.50,0.00,0.00,75.00,0.00,0.00,0.00,Y,Y,Y,Y,N,0.00,0.00,8.75,37.50,,,,,,,0,3,4,5,22,9,DISP,Mix,2.837
6/3/2024,Spring Creek,JB2,24,0.00,0.00,0.00,0.00,0.00,0.00,0.00,0.00,87.50,0.00,0.00,87.50,0.00,0.00,0.00,N,Y,Y,Y,N,0.00,0.00,8.75,0.00,,,,,,,0,1,2,2,41,9,SPAL,Mix,2.718
6/3/2024,Spring Creek,JB2,25,0.00,0.00,2.50,0.00,0.00,0.00,0.00,0.00,37.50,0.00,0.00,40.00,0.00,0.00,0.00,Y,Y,Y,Y,N,0.00,0.00,8.75,18.75,,,,,,,0,2,3,3,47,10,SPAL,Mix,2.981
6/3/2024,Spring Creek,JB2,26,0.00,0.00,0.00,0.00,0.00,0.00,0.00,2.50,37.50,0.00,0.00,40.00,0.00,0.00,0.00,N,Y,Y,Y,N,0.00,0.00,62.50,0.00,,,,,,,10,14,17,19,6,19,SPAL,LM,1.595
6/3/2024,Spring Creek,JB2,27,0.00,0.00,0.00,0.00,0.00,0.00,0.00,0.00,87.50,0.00,0.00,87.50,0.00,0.00,0.00,Y,Y,Y,N,Y,0.00,0.00,18.75,2.50,,,,,,,1,3,4,5,32,8,SPAL,LM,1.979
6/3/2024,Spring Creek,JB2,28,0.00,0.00,0.00,0.00,0.00,0.00,0.00,0.00,87.50,0.00,0.00,87.50,0.00,0.00,0.00,N,Y,Y,Y,N,0.00,0.00,18.75,0.00,,,,,,,0,1,2,3,28,9,SPAL,LM,2.389
6/3/2024,Spring Creek,JB2,29,0.00,0.00,0.00,0.00,0.00,0.00,0.00,0.00,8.75,0.00,0.00,8.75,0.00,0.00,0.00,Y,Y,Y,Y,Y,0.00,0.00,8.75,62.50,,,,,,,9,15,20,22,0,0,SPAL,LM,1.503
6/3/2024,Spring Creek,JB2,30,0.00,0.00,0.00,0.00,0.00,0.00,0.00,0.00,62.50,0.00,0.00,62.50,0.00,0.00,0.00,Y,Y,Y,Y,N,0.00,0.00,8.75,18.75,,,,,,,0,4,5,6,32,2,SPAL,LM,2.481
6/4/2024,Idlewild,JB1.1,1,0.00,0.00,0.00,0.00,0.00,0.00,0.00,0.50,37.50,0.00,0.00,38.00,0.00,0.00,0.00,N,N,Y,N,Y,0.00,0.00,62.50,0.50,,,,,,,5,18,24,28,2,4,SPAL,LM,0.81
6/4/2024,Idlewild,JB1.1,2,0.00,0.00,0.00,0.00,0.00,0.00,0.00,0.00,37.50,0.00,0.00,37.50,0.00,0.00,0.00,Y,N,Y,N,Y,0.00,0.00,62.50,0.50,,,,,,,8,13,23,28,0,4,SPAL,LM,1.232
6/4/2024,Idlewild,JB1.1,3,0.00,0.00,0.00,0.00,0.00,0.00,0.00,0.00,87.50,0.00,0.00,87.50,0.00,0.00,0.00,N,Y,N,N,Y,0.00,0.00,8.75,8.75,,,,,,,1,4,6,6,0,10,SPAL,LM,2.415
6/4/2024,Idlewild,JB1.1,4,0.00,0.00,0.00,0.00,0.00,0.00,0.00,2.50,62.50,0.00,0.00,65.00,0.00,0.00,0.00,N,Y,N,N,N,0.00,0.00,18.75,0.00,,,,,,,2,4,8,9,20,8,SPAL,LM,2.414
6/4/2024,Idlewild,JB1.1,5,0.00,0.00,0.00,0.00,0.00,0.00,0.00,0.50,2.50,0.00,0.00,3.00,0.00,0.00,0.00,N,N,Y,N,Y,0.00,0.00,87.50,0.00,,,,,,,4,6,7,7,18,17,SPAL,LM,0.897
6/4/2024,Idlewild,JB1.1,6,0.00,0.00,0.00,0.00,0.00,0.00,0.00,0.00,62.50,0.00,0.00,62.50,0.00,0.00,0.00,N,Y,N,N,N,0.00,0.00,18.75,0.00,,,,,,,4,9,14,16,11,23,SPAL,LM,2.34
6/4/2024,Idlewild,JB1.1,7,0.00,0.00,0.00,0.00,0.00,0.00,0.00,0.50,87.50,0.00,0.00,88.00,0.00,0.00,0.00,N,Y,N,N,N,0.00,0.00,8.75,0.00,,,,,,,2,5,6,8,28,12,SPAL,LM,2.48
6/4/2024,Idlewild,JB1.1,8,0.00,0.00,18.75,0.00,0.00,0.00,0.00,0.50,62.50,0.00,0.00,81.75,0.00,0.00,0.00,N,Y,N,N,N,0.00,0.00,18.75,0.00,,,,,,,2,5,6,7,8,10,SPAL,Mix,2.386
6/4/2024,Idlewild,JB1.1,9,0.00,0.00,0.00,0.00,0.00,0.00,0.00,0.50,62.50,0.00,0.00,63.00,0.00,0.00,0.00,Y,N,Y,N,N,0.00,0.00,18.75,8.75,,,,,,,3,6,10,13,0,7,SPAL,LM,2.364
6/4/2024,Idlewild,JB1.1,10,0.00,0.00,0.00,0.00,0.00,0.00,0.00,0.00,62.50,0.00,0.00,62.50,0.00,0.00,0.00,Y,Y,N,N,N,0.00,0.00,18.75,0.00,,,,,,,1,3,5,6,12,13,SPAL,LM,2.253
6/4/2024,Idlewild,JB1.1,11,0.00,0.00,0.00,0.00,0.00,0.00,0.00,0.00,37.50,0.00,0.00,37.50,0.00,0.00,0.00,N,Y,Y,N,Y,0.00,0.00,37.50,0.00,,,,,,,4,9,13,16,0,9,SPAL,LM,1.979
6/4/2024,Idlewild,JB1.1,12,0.00,0.00,0.00,0.00,0.00,0.00,0.00,0.00,62.50,0.00,0.00,62.50,0.00,0.00,0.00,N,N,Y,N,N,0.00,0.00,8.75,18.75,,,,,,,1,5,7,9,10,8,SPAL,LM,2.43
6/4/2024,Idlewild,JB1.1,13,0.00,0.00,0.00,0.00,0.00,0.00,0.00,0.50,37.50,0.00,0.00,38.00,0.00,0.00,0.00,N,Y,Y,N,N,0.00,0.00,62.50,0.00,,,,,,,3,8,11,14,2,4,SPAL,LM,2.417
6/4/2024,Idlewild,JB1.1,14,0.00,0.00,0.00,0.00,0.00,0.00,0.00,0.00,0.50,0.00,0.00,0.50,0.00,0.00,0.00,N,N,N,N,Y,0.00,0.00,87.50,0.00,,,,,,,5,13,19,24,0,35,N/A,N/A,-0.227
6/4/2024,Idlewild,JB1.1,15,0.00,0.00,0.00,0.00,0.00,0.00,0.00,0.00,2.50,0.00,0.00,2.50,0.00,0.00,0.00,N,N,Y,N,Y,0.00,0.00,87.50,0.00,,,,,,,3,6,11,16,6,3,SPAL,LM,0.251
6/4/2024,Idlewild,JB1.1,16,0.00,0.00,0.00,0.00,0.00,0.00,0.00,0.50,37.50,0.00,0.00,38.00,0.00,0.00,0.00,Y,Y,Y,N,N,0.00,0.00,62.50,2.50,,,,,,,1,6,11,20,0,10,SPAL,LM,1.636
6/4/2024,Idlewild,JB1.1,17,0.00,0.00,0.00,0.00,0.00,0.00,0.00,0.00,0.00,0.00,0.00,0.00,0.00,0.00,0.00,Y,Y,N,N,N,0.00,0.00,0.00,87.50,,,,,,,1,4,5,7,21,9,SPAL,LM,2.555
6/4/2024,Idlewild,JB1.1,18,0.00,0.00,0.00,0.00,0.00,0.00,0.00,0.00,62.50,0.00,0.00,62.50,0.00,0.00,0.00,N,Y,N,N,N,0.00,0.00,18.75,0.00,,,,,,,4,5,9,10,2,7,SPAL,LM,2
6/4/2024,Idlewild,JB1.1,19,0.00,0.00,0.00,0.00,0.00,0.00,0.00,0.50,62.50,0.00,0.00,63.00,0.00,0.00,0.00,N,Y,N,N,Y,0.00,0.00,18.75,0.00,,,,,,,4,8,10,13,11,6,SPAL,LM,2.455
6/4/2024,Idlewild,JB1.1,20,0.00,0.00,0.00,0.00,0.00,0.00,0.00,0.00,87.50,0.00,0.00,87.50,0.00,0.00,0.00,N,Y,N,N,N,0.00,0.00,8.75,8.75,,,,,,,1,5,9,10,12,9,SPAL,LM,2.439
6/4/2024,Idlewild,JB1.1,21,0.00,0.00,0.00,0.00,0.00,0.00,0.00,0.00,62.50,0.00,0.00,62.50,0.00,0.00,0.00,N,Y,N,N,N,0.00,0.00,18.75,8.75,,,,,,,1,4,6,8,10,6,SPAL,LM,2.326
6/4/2024,Idlewild,JB1.1,22,0.00,0.00,0.00,0.00,0.00,0.00,0.00,0.00,62.50,0.00,0.00,62.50,0.00,0.00,0.00,N,N,Y,N,N,0.00,0.00,18.75,8.75,,,,,,,1,3,5,6,4,8,SPAL,LM,2.374
6/4/2024,Idlewild,JB1.1,23,0.00,0.00,0.00,0.00,0.00,0.00,0.00,0.50,62.50,0.00,0.00,63.00,0.00,0.00,0.00,N,Y,Y,N,N,0.00,0.00,37.50,0.00,,,,,,,3,5,8,10,28,5,SPAL,LM,2.466
6/4/2024,Idlewild,JB1.1,24,0.00,0.00,0.00,0.00,0.00,0.00,0.00,0.00,62.50,0.00,0.00,62.50,0.00,0.00,0.00,N,Y,N,N,N,0.00,0.00,18.75,0.00,,,,,,,1,4,5,7,29,17,SPAL,LM,2.495
6/4/2024,Idlewild,JB1.1,25,0.00,0.00,0.00,0.00,0.00,0.00,0.00,0.00,62.50,0.00,0.00,62.50,0.00,0.00,0.00,N,Y,Y,N,N,0.00,0.00,8.75,18.75,,,,,,,2,6,9,12,17,7,SPAL,LM,2.33
6/4/2024,Idlewild,JB1.1,26,0.00,0.00,0.00,0.00,0.00,0.00,0.00,0.50,62.50,0.00,0.00,63.00,0.00,0.00,0.00,N,Y,Y,N,N,0.00,0.00,18.75,8.75,,,,,,,0,4,5,7,50,6,SPAL,LM,2.369
6/4/2024,Idlewild,JB1.1,27,0.00,0.00,0.00,0.00,0.00,0.00,0.00,0.00,62.50,0.00,0.00,62.50,0.00,0.00,0.00,N,Y,Y,N,N,0.00,0.00,18.75,2.50,,,,,,,4,7,10,13,12,2,SPAL,LM,2.345
6/4/2024,Idlewild,JB1.1,28,0.00,0.00,0.00,0.00,0.00,0.00,0.00,0.00,87.50,0.00,0.00,87.50,0.00,0.00,0.00,N,Y,N,N,N,0.00,0.00,8.75,8.75,,,,,,,2,4,5,6,9,16,SPAL,LM,2.329
6/4/2024,Idlewild,JB1.1,29,0.00,0.00,0.00,0.00,0.00,0.00,0.00,0.50,87.50,0.00,0.00,88.00,0.00,0.00,0.00,N,Y,Y,N,N,0.00,0.00,8.75,0.00,,,,,,,1,5,7,9,10,11,SPAL,LM,2.025
6/4/2024,Idlewild,JB1.1,30,0.00,0.00,0.00,0.00,0.00,0.00,0.00,0.00,62.50,0.00,0.00,62.50,0.00,0.00,0.00,N,Y,Y,N,N,0.00,0.00,18.75,0.00,,,,,,,2,5,6,7,12,11,SPAL,LM,2.387
6/10/2024,Hutch River,BQ1.1,1,0.00,0.00,0.00,0.00,0.00,0.00,0.00,0.00,37.50,0.00,0.00,37.50,0.00,0.00,0.00,N,N,Y,Y,N,0.00,0.00,62.50,0.00,,,,,,,0,4,8,9,0,2,SPAL,LM,3.132
6/10/2024,Hutch River,BQ1.1,2,0.00,0.00,0.00,0.00,0.00,0.00,0.00,0.00,37.50,0.00,0.00,37.50,0.00,0.00,0.00,Y,Y,Y,N,N,0.00,0.00,8.75,37.50,,,,,,,0,2,3,4,22,6,SPAL,LM,3.265
6/10/2024,Hutch River,BQ1.1,3,0.00,0.00,62.50,0.00,0.00,0.00,0.00,0.00,8.75,0.00,0.00,71.25,0.00,0.00,0.00,Y,Y,N,N,N,0.00,0.00,8.75,0.00,,,,,,,0,3,4,5,22,32,DISP,HM,4.197
6/10/2024,Hutch River,BQ1.1,4,0.00,0.00,37.50,0.00,0.00,0.00,0.00,0.00,18.75,0.00,37.50,93.75,0.00,0.00,0.00,N,Y,Y,N,N,0.00,0.00,18.75,0.00,,,,,,,0,4,5,5,16,0,SPAL,LM,3.931
6/10/2024,Hutch River,BQ1.1,5,0.00,0.00,87.50,0.00,0.00,0.00,0.00,0.00,0.00,0.00,0.00,87.50,0.00,0.00,0.00,N,Y,N,N,Y,0.00,0.00,0.00,0.00,,,,,,,0,2,2,3,14,23,DISP,HM,3.924
6/10/2024,Hutch River,BQ1.1,6,0.00,0.00,0.00,0.00,0.00,0.00,0.00,0.00,37.50,0.00,0.00,37.50,0.00,0.00,0.00,Y,Y,Y,Y,Y,0.00,0.00,62.50,0.50,,,,,,,7,10,15,17,6,6,SPAL,LM,2.074
6/10/2024,Hutch River,BQ1.1,7,0.00,0.00,2.50,0.00,0.00,0.00,0.00,0.50,37.50,0.00,8.75,49.25,0.00,0.00,0.00,N,Y,Y,Y,N,0.00,0.00,37.50,0.00,,,,,,,1,3,5,6,45,18,SPAL,LM,3.877
6/10/2024,Hutch River,BQ1.1,8,0.00,0.00,2.50,0.00,0.00,18.75,0.00,0.50,0.00,0.00,18.75,40.50,0.00,0.00,0.00,Y,Y,N,N,Y,0.00,0.00,62.50,0.00,,,,,,,0,1,2,2,19,12,PHAU,HM,4.282
6/10/2024,Hutch River,BQ1.1,9,0.00,0.00,18.75,0.00,0.00,0.00,0.00,0.50,37.50,0.00,2.50,59.25,0.00,0.00,0.00,Y,Y,N,N,Y,0.00,0.00,37.50,0.00,,,,,,,0,3,5,6,23,11,SPAL,HM,4.136
6/10/2024,Hutch River,BQ1.1,10,0.00,0.00,0.00,0.00,0.00,8.75,0.00,0.50,37.50,0.00,0.00,46.75,0.00,0.00,0.00,N,Y,N,Y,Y,0.00,0.00,37.50,0.00,,,,,,,0,3,4,5,82,17,PHAU,HM,3.97
6/10/2024,Hutch River,BQ1.1,11,0.00,0.00,0.00,0.00,0.00,0.00,0.00,0.00,62.50,0.00,0.00,62.50,0.00,0.00,0.00,Y,Y,Y,Y,Y,0.00,0.00,0.00,18.75,,,,,,,1,4,6,9,55,21,SPAL,LM,3.345
6/10/2024,Hutch River,BQ1.1,12,0.00,0.00,0.00,0.00,0.00,0.00,0.00,0.00,62.50,0.00,0.00,62.50,0.00,0.00,0.00,Y,N,Y,Y,N,0.00,0.00,18.75,0.00,,,,,,,4,9,13,16,0,9,SPAL,LM,2.535
6/10/2024,Hutch River,BQ1.1,13,0.00,0.00,37.50,0.00,0.00,0.00,0.00,0.00,0.00,0.00,37.50,75.00,0.00,0.00,0.00,N,Y,Y,N,Y,0.00,0.00,8.75,0.00,,,,,,,0,3,5,6,32,7,DISP,HM,4.306
6/10/2024,Hutch River,BQ1.1,14,0.00,0.00,8.75,0.00,0.00,0.00,0.00,0.00,18.75,0.00,37.50,65.00,0.00,0.00,0.00,N,Y,Y,N,Y,0.00,0.00,18.75,0.00,,,,,,,2,5,5,6,23,10,SPPA,HM,3.907
6/10/2024,Hutch River,BQ1.1,15,0.00,0.00,8.75,0.00,0.00,0.00,0.00,0.00,37.50,0.00,18.75,65.00,0.00,0.00,0.00,Y,Y,Y,Y,Y,0.00,0.00,8.75,0.00,,,,,,,4,7,8,9,26,0,SPAL,HM,3.822
6/10/2024,Hutch River,BQ1.1,16,0.00,0.00,18.75,0.00,0.00,0.00,0.00,0.50,0.00,0.00,37.50,56.75,0.00,0.00,0.00,N,Y,Y,Y,Y,0.00,0.00,37.50,0.00,,,,,,,2,6,7,8,19,21,DISP,HM,4.149
6/10/2024,Hutch River,BQ1.1,17,0.00,0.00,2.50,0.00,0.00,0.00,0.00,0.50,37.50,0.00,18.75,59.25,0.00,0.00,0.00,N,Y,N,N,Y,0.00,0.00,37.50,0.00,,,,,,,3,7,9,11,1,6,SPAL,LM,3.64
6/10/2024,Hutch River,BQ1.1,18,0.00,0.00,0.00,0.00,0.00,0.00,0.00,0.50,37.50,0.00,2.50,40.50,0.00,0.00,0.00,N,Y,Y,Y,Y,0.00,0.00,62.50,0.00,,,,,,,2,7,9,11,2,5,SPAL,LM,3.966
6/10/2024,Hutch River,BQ1.1,19,0.00,0.00,18.75,0.00,0.00,0.00,0.00,2.50,0.00,0.00,62.50,83.75,0.00,0.00,0.00,N,Y,N,N,Y,0.00,0.00,8.75,0.00,,,,,,,0,3,4,4,15,23,SPPA,HM,4.596
6/10/2024,Hutch River,BQ1.1,20,0.00,0.00,18.75,0.00,0.00,0.50,0.00,0.00,0.00,0.00,62.50,81.75,0.00,0.00,0.00,N,Y,N,N,Y,0.00,0.00,0.00,0.00,,,,,,,1,3,3,4,51,9,SPPA,HM,4.686
6/10/2024,Hutch River,BQ1.1,21,0.00,0.00,0.00,0.00,0.00,18.75,0.00,0.00,0.00,0.00,0.00,18.75,0.00,0.00,0.00,Y,Y,N,N,N,0.00,0.00,87.50,0.00,,,,,,,0,4,6,7,56,23,PHAU,HM,4.665
6/10/2024,Hutch River,BQ1.1,22,0.00,0.00,0.00,0.00,0.00,8.75,0.00,8.75,0.00,0.00,0.00,17.50,0.00,0.00,0.00,Y,Y,N,N,N,0.00,0.00,87.50,0.00,,,,,,,7,10,13,15,22,26,PHAU,HM,4.358
6/10/2024,Hutch River,BQ1.1,23,0.00,0.00,18.75,0.00,0.00,0.00,0.00,0.00,0.00,0.00,62.50,81.25,0.00,0.00,0.00,N,Y,N,N,N,0.00,0.00,2.50,0.00,,,,,,,0,2,3,3,33,53,SPPA,HM,4.473
6/10/2024,Hutch River,BQ1.1,24,0.00,0.00,0.00,8.75,8.75,2.50,0.00,0.00,0.00,0.00,8.75,28.75,0.00,0.00,0.00,Y,Y,N,N,N,0.00,0.00,2.50,18.75,,,,,,,1,3,4,5,22,19,SPPA,HM,4.856
6/10/2024,Hutch River,BQ1.1,25,0.00,0.00,2.50,0.00,0.00,0.00,0.00,0.00,2.50,0.00,62.50,67.50,0.00,0.00,0.00,N,Y,N,N,Y,0.00,0.00,0.00,0.00,,,,,,,1,1,2,2,36,21,SPPA,HM,4.618
6/10/2024,Hutch River,BQ1.1,26,0.00,0.00,37.50,0.00,18.75,0.00,0.00,0.50,0.00,0.00,37.50,94.25,0.00,0.00,0.00,N,Y,N,N,N,0.00,0.00,0.00,0.00,,,,,,,0,3,4,5,47,14,SPPA,HM,4.548
6/10/2024,Hutch River,BQ1.1,27,0.00,0.00,18.75,0.00,0.00,0.00,0.00,0.00,0.00,0.00,37.50,56.25,0.00,0.00,0.00,N,Y,N,N,N,0.00,0.00,0.00,0.00,,,,,,,0,4,8,12,6,10,DISP,HM,4.475
6/10/2024,Hutch River,BQ1.1,28,0.00,0.00,2.50,0.00,0.00,18.75,0.00,0.50,18.75,0.00,0.00,40.50,0.00,0.00,0.00,Y,Y,N,N,N,0.00,0.00,62.50,8.75,,,,,,,4,6,10,12,7,39,PHAU,HM,4.294
6/10/2024,Hutch River,BQ1.1,29,0.00,0.00,0.00,0.00,0.00,0.00,0.00,0.00,37.50,0.00,0.00,37.50,0.00,0.00,0.00,Y,Y,Y,Y,N,0.00,0.00,37.50,18.75,,,,,,,3,9,13,16,0,23,SPAL,LM,3.391
6/10/2024,Hutch River,BQ1.1,30,0.00,0.00,0.00,0.00,0.00,2.50,0.00,0.00,37.50,0.00,0.00,40.00,0.00,0.00,0.00,Y,Y,N,N,N,0.00,0.00,8.75,62.50,,,,,,,2,5,6,7,29,22,SPAL,LM,3.705
6/13/2024,Udalls Cove,BQ6,1,0.00,0.00,37.50,0.00,0.00,0.00,0.00,0.50,18.75,0.00,0.00,56.75,0.00,0.00,0.00,N,Y,Y,Y,N,0.00,0.00,37.50,0.00,,,,,,,0,2,4,6,0,2,DISP,Mix,3.685
6/13/2024,Udalls Cove,BQ6,2,0.00,0.00,0.00,0.00,0.00,0.00,0.00,0.00,2.50,0.00,0.00,2.50,0.00,0.00,0.00,Y,N,N,N,N,0.00,0.00,87.50,2.50,,,,,,,1,6,12,21,0,2,SPAL,LM,2.736
6/13/2024,Udalls Cove,BQ6,3,0.00,0.00,0.00,0.00,0.00,0.00,0.00,0.00,2.50,0.00,0.00,2.50,0.00,0.00,0.00,Y,N,Y,N,N,0.00,0.00,87.50,0.50,,,,,,,0,4,6,7,6,8,SPAL,LM,2.598
6/13/2024,Udalls Cove,BQ6,4,0.00,0.00,37.50,0.00,0.00,0.00,0.00,2.50,18.75,0.00,0.00,58.75,0.00,0.00,0.00,N,Y,Y,N,N,0.00,0.00,37.50,0.00,,,,,,,3,8,15,28,0,0,SPAL,Mix,3.093
6/13/2024,Udalls Cove,BQ6,5,0.00,0.00,37.50,0.00,0.00,0.00,0.00,2.50,37.50,0.00,0.00,77.50,0.00,0.00,0.00,Y,Y,N,N,Y,0.00,0.00,8.75,18.75,,,,,,,0,2,3,4,20,3,DISP,Mix,3.793
6/13/2024,Udalls Cove,BQ6,6,0.00,0.00,8.75,0.00,0.00,0.00,0.00,2.50,62.50,0.00,0.00,73.75,0.00,0.00,0.00,Y,Y,Y,N,N,0.00,0.00,18.75,0.00,,,,,,,1,3,4,5,34,3,SPAL,LM,3.938
6/13/2024,Udalls Cove,BQ6,7,0.00,0.00,8.75,0.00,0.00,0.00,0.00,2.50,62.50,0.00,0.00,73.75,0.00,0.00,0.00,Y,Y,N,N,Y,0.00,0.00,8.75,0.00,,,,,,,0,2,2,3,55,7,SPAL,Mix,3.939
6/13/2024,Udalls Cove,BQ6,8,0.00,0.00,0.00,0.00,0.00,0.00,0.00,0.50,2.50,0.00,0.00,3.00,0.00,0.00,0.00,N,N,N,N,N,0.00,0.00,87.50,2.50,,,,,,,3,10,16,27,0,0,BARE,LM,2.561
6/13/2024,Udalls Cove,BQ6,9,0.00,0.00,0.00,0.00,0.00,0.00,0.00,0.00,0.50,0.00,0.00,0.50,0.00,0.00,0.00,N,Y,N,N,N,0.00,0.00,87.50,2.50,,,,,,,2,5,11,16,2,0,BARE,LM,3.322
6/13/2024,Udalls Cove,BQ6,10,0.00,0.00,18.75,0.00,0.00,0.00,0.00,0.50,37.50,0.00,0.00,56.75,0.00,0.00,0.00,N,Y,N,N,Y,0.00,0.00,18.75,0.00,,,,,,,1,4,5,7,24,0,SPAL,Mix,4.001
6/13/2024,Udalls Cove,BQ6,11,0.00,0.00,8.75,0.00,0.00,0.00,0.00,2.50,62.50,0.00,2.50,76.25,0.00,0.00,0.00,N,Y,Y,N,N,0.00,0.00,18.75,0.00,,,,,,,3,6,7,14,28,7,SPAL,Mix,4.042
6/13/2024,Udalls Cove,BQ6,12,0.00,0.00,8.75,0.00,0.00,0.00,0.00,0.00,87.50,0.00,0.00,96.25,0.00,0.00,0.00,Y,Y,Y,Y,N,0.00,0.00,8.75,8.75,,,,,,,0,3,4,4,13,4,SPAL,Mix,3.992
6/13/2024,Udalls Cove,BQ6,13,0.00,0.00,8.75,0.00,0.00,0.00,0.00,0.50,62.50,0.00,0.00,71.75,0.00,0.00,0.00,Y,Y,Y,N,Y,0.00,0.00,37.50,0.00,,,,,,,0,2,4,5,23,3,SPAL,Mix,3.653
6/13/2024,Udalls Cove,BQ6,14,0.00,0.00,37.50,0.00,0.00,0.00,0.00,8.75,2.50,0.00,0.00,48.75,0.00,0.00,0.00,N,Y,Y,N,N,0.00,0.00,62.50,0.50,,,,,,,1,6,9,11,10,0,DISP,HM,3.854
6/13/2024,Udalls Cove,BQ6,15,0.00,0.00,8.75,0.00,0.00,0.00,0.00,2.50,87.50,0.00,0.00,98.75,0.00,0.00,0.00,N,Y,N,N,N,0.00,0.00,8.75,0.00,,,,,,,0,3,4,5,28,10,SPAL,Mix,3.836
6/13/2024,Udalls Cove,BQ6,16,0.00,0.00,18.75,0.00,0.00,0.00,0.00,0.00,8.75,0.00,0.00,27.50,0.00,0.00,0.00,Y,Y,Y,N,N,0.00,0.00,2.50,62.50,,,,,,,0,2,3,3,15,3,DISP,Mix,3.691
6/13/2024,Udalls Cove,BQ6,17,0.00,0.00,37.50,0.00,0.00,0.00,0.00,0.50,18.75,0.00,0.00,56.75,0.00,0.00,0.00,Y,Y,Y,Y,N,0.00,0.00,18.75,8.75,,,,,,,0,2,3,4,8,1,SPAL,Mix,3.623
6/13/2024,Udalls Cove,BQ6,18,0.00,0.00,2.50,0.00,0.00,0.00,0.00,0.50,18.75,0.00,62.50,84.25,0.00,0.00,0.00,N,Y,N,N,N,0.00,0.00,2.50,0.50,,,,,,,1,6,13,16,17,2,DISP,Mix,3.934
6/13/2024,Udalls Cove,BQ6,19,0.00,0.00,62.50,0.00,0.00,0.00,0.00,0.50,8.75,0.00,0.00,71.75,0.00,0.00,0.00,Y,N,Y,N,N,0.00,0.00,8.75,2.50,,,,,,,3,6,8,9,16,0,DISP,Mix,4.011
6/13/2024,Udalls Cove,BQ6,20,0.00,0.00,62.50,0.00,0.00,0.00,0.00,8.75,0.00,0.00,0.00,71.25,0.00,0.00,0.00,N,Y,Y,N,N,0.00,0.00,37.50,0.00,,,,,,,3,7,9,9,14,2,DISP,HM,3.989
6/13/2024,Udalls Cove,BQ6,21,0.00,0.00,37.50,0.00,0.00,0.00,0.00,0.50,8.75,0.00,2.50,49.25,0.00,0.00,0.00,Y,Y,Y,N,Y,0.00,0.00,8.75,8.75,,,,,,,2,6,10,11,10,2,SPPA,Mix,3.668
6/13/2024,Udalls Cove,BQ6,22,0.00,0.00,18.75,0.00,0.00,0.00,0.00,2.50,37.50,0.00,0.00,58.75,0.00,0.00,0.00,N,Y,N,N,N,0.00,0.00,18.75,2.50,,,,,,,0,1,2,2,33,7,SPAL,Mix,3.932
6/13/2024,Udalls Cove,BQ6,23,0.00,0.00,0.00,0.00,0.00,0.00,0.00,18.75,2.50,0.00,0.00,21.25,0.00,0.00,0.00,Y,N,Y,N,N,0.00,0.00,87.50,0.50,,,,,,,1,6,16,24,0,0,BARE,LM,3.01
6/13/2024,Udalls Cove,BQ6,24,0.00,0.00,18.75,0.00,0.00,0.00,0.00,0.50,37.50,0.00,0.00,56.75,0.00,0.00,0.00,Y,Y,Y,N,N,0.00,0.00,37.50,0.00,,,,,,,1,3,4,4,20,2,SPAL,LM,3.579
6/13/2024,Udalls Cove,BQ6,25,0.00,0.00,18.75,0.00,0.00,0.00,0.00,0.50,37.50,0.00,0.00,56.75,0.00,0.00,0.00,Y,Y,Y,N,N,0.00,0.00,37.50,0.00,,,,,,,0,0,1,1,21,7,SPAL,LM,3.084
6/13/2024,Udalls Cove,BQ6,26,0.00,0.00,2.50,0.00,0.00,0.00,0.00,0.00,87.50,0.00,8.75,98.75,0.00,0.00,0.00,N,Y,Y,Y,Y,0.00,0.00,8.75,0.00,,,,,,,0,1,1,2,14,5,SPAL,Mix,3.8
6/13/2024,Udalls Cove,BQ6,27,0.00,0.00,0.00,0.00,0.00,0.00,0.00,2.50,2.50,0.00,0.00,5.00,0.00,0.00,0.00,N,N,N,N,N,0.00,0.00,87.50,0.50,,,,,,,1,5,11,18,2,2,BARE,LM,3.145
6/13/2024,Udalls Cove,BQ6,28,0.00,0.5,8.75,0.00,0.00,0.00,0.00,0.00,8.75,0.00,2.50,20.50,0.00,0.00,0.00,Y,Y,N,N,N,0.00,0.00,2.50,62.50,,,,,,,0,1,3,5,90,10,DISP,HM,3.823
6/13/2024,Udalls Cove,BQ6,29,0.00,2.5,8.75,0.00,0.00,0.00,0.00,2.50,37.50,0.00,0.00,51.25,0.00,0.00,0.00,Y,Y,Y,Y,N,0.00,0.00,37.50,8.75,,,,,,,0,1,2,3,37,13,SPAL,Mix,3.822
6/13/2024,Udalls Cove,BQ6,30,0.00,0.00,0.00,0.00,0.00,0.00,0.00,0.50,87.50,0.00,0.00,88.00,0.00,0.00,0.00,N,N,Y,Y,N,0.00,0.00,8.75,0.00,,,,,,,0,0,1,2,48,10,SPAL,LM,3.477
6/17/2024,Saw Mill Creek,SI2.1,1,0.00,0.00,8.75,0.00,0.00,0.00,0.00,0.00,0.00,0.00,87.50,96.25,0.00,0.00,0.00,N,Y,N,Y,N,0.00,0.00,0.00,0.00,,,,,,,0,2,3,4,17,14,SPPA,HM,2.853
6/17/2024,Saw Mill Creek,SI2.1,2,0.00,0.00,18.75,0.00,0.00,0.00,0.00,0.00,0.00,0.00,62.50,81.25,0.00,0.00,0.00,N,Y,N,Y,N,0.00,0.00,2.50,0.00,,,,,,,0,1,1,2,0,11,SPPA,HM,2.993
6/17/2024,Saw Mill Creek,SI2.1,3,0.00,0.00,8.75,0.00,0.00,0.00,0.00,0.00,2.50,0.00,87.50,98.75,0.00,0.00,0.00,N,Y,N,Y,N,0.00,0.00,0.00,0.00,,,,,,,0,0,1,2,1,3,BARE,LM,2.962
6/17/2024,Saw Mill Creek,SI2.1,4,0.00,0.00,8.75,0.00,0.00,0.00,0.00,0.00,37.50,0.00,18.75,65.00,0.00,0.00,0.00,N,Y,N,Y,N,0.00,0.00,8.75,0.00,,,,,,,0,0,1,1,47,13,SPAL,Mix,2.608
6/17/2024,Saw Mill Creek,SI2.1,5,0.00,0.00,0.00,0.00,0.00,0.00,0.00,0.00,18.75,0.00,37.50,56.25,0.00,0.00,0.00,N,Y,N,Y,Y,0.00,0.00,0.00,0.50,,,,,,,1,3,4,4,0,8,SPPA,Mix,2.672
6/17/2024,Saw Mill Creek,SI2.1,6,0.00,0.00,37.50,0.00,0.00,0.00,0.00,0.00,0.00,0.00,37.50,75.00,0.00,0.00,0.00,N,Y,Y,Y,N,0.00,0.00,0.00,0.00,,,,,,,0,2,3,4,60,22,SPPA,HM,2.644
6/17/2024,Saw Mill Creek,SI2.1,7,0.00,0.00,18.75,0.00,0.00,0.00,0.00,0.00,0.00,0.00,87.50,106.25,0.00,0.00,0.00,N,Y,N,N,N,0.00,0.00,0.00,0.00,,,,,,,0,1,2,2,0,7,SPPA,HM,2.817
6/17/2024,Saw Mill Creek,SI2.1,8,0.00,0.00,0.00,0.00,0.00,0.00,0.00,0.00,37.50,0.00,0.00,37.50,0.00,0.00,0.00,N,Y,N,Y,N,0.00,0.00,62.50,0.00,,,,,,,1,4,5,7,9,9,SPAL,LM,2.256
6/17/2024,Saw Mill Creek,SI2.1,9,0.00,0.00,2.50,0.00,0.00,0.00,0.00,0.00,0.00,0.00,87.50,90.00,0.00,0.00,0.00,N,Y,N,N,N,0.00,0.00,0.00,0.50,,,,,,,0,1,2,2,63,17,SPPA,HM,2.781
6/17/2024,Saw Mill Creek,SI2.1,10,0.00,0.50,37.50,0.00,0.00,0.00,0.00,0.00,0.00,0.00,37.50,75.50,0.00,0.00,0.00,N,Y,N,N,N,0.00,0.00,0.00,0.50,,,,,,,0,1,1,2,60,11,DISP,HM,2.688
6/17/2024,Saw Mill Creek,SI2.1,11,0.00,0.00,0.00,0.00,0.00,0.00,0.00,0.00,37.50,0.00,0.00,37.50,0.00,0.00,0.00,N,Y,N,Y,N,0.00,0.00,37.50,0.00,,,,,,,1,3,5,7,4,9,SPAL,LM,2.114
6/17/2024,Saw Mill Creek,SI2.1,12,0.00,0.00,0.50,0.00,0.00,0.00,0.00,0.00,87.50,0.00,37.50,125.50,0.00,0.00,0.00,Y,Y,N,Y,N,0.00,0.00,2.50,8.75,,,,,,,0,2,3,4,25,11,SPPA,Mix,2.566
6/17/2024,Saw Mill Creek,SI2.1,13,0.00,0.00,0.00,0.00,0.00,0.00,0.00,0.00,37.50,0.00,0.00,37.50,0.00,0.00,0.00,Y,Y,N,Y,N,0.00,0.00,62.50,8.75,,,,,,,0,2,4,6,0,9,SPAL,LM,2.472
6/17/2024,Saw Mill Creek,SI2.1,14,0.00,2.50,8.75,0.00,0.00,0.00,0.00,0.00,8.75,0.00,18.75,38.75,0.00,0.00,0.00,N,Y,N,Y,N,0.00,0.00,0.00,0.00,,,,,,,0,1,2,3,40,9,SPPA,Mix,2.956
6/17/2024,Saw Mill Creek,SI2.1,15,0.00,0.50,37.50,0.00,0.00,0.00,0.00,0.00,0.00,0.00,37.50,75.50,0.00,0.00,0.00,N,Y,N,Y,N,0.00,0.00,0.00,0.00,,,,,,,0,1,2,2,43,18,SPPA,HM,2.846
6/17/2024,Saw Mill Creek,SI2.1,16,0.00,0.00,37.50,0.00,0.00,0.00,0.00,0.00,0.00,0.00,37.50,75.00,0.00,0.00,0.00,N,Y,N,N,N,0.00,0.00,0.00,0.00,,,,,,,0,1,2,3,53,22,SPPA,HM,2.935
6/17/2024,Saw Mill Creek,SI2.1,17,0.00,0.00,62.50,0.00,0.00,0.00,0.00,0.00,0.00,0.00,18.75,81.25,0.00,0.00,0.00,N,Y,N,Y,N,0.00,0.00,0.00,0.00,,,,,,,1,2,4,10,20,9,DISP,HM,2.659
6/17/2024,Saw Mill Creek,SI2.1,18,0.00,0.00,0.00,0.00,0.00,0.00,0.00,0.00,37.50,0.00,0.00,37.50,0.00,0.00,0.00,N,Y,Y,Y,N,0.00,0.00,18.75,37.50,,,,,,,0,2,4,5,0,6,SPAL,LM,2.01
6/17/2024,Saw Mill Creek,SI2.1,19,0.00,0.00,8.75,0.00,0.00,0.00,0.00,0.00,0.00,0.00,62.50,71.25,0.00,0.00,0.00,Y,Y,N,N,N,0.00,0.00,0.00,2.50,,,,,,,0,1,2,3,26,10,SPPA,HM,2.938
6/17/2024,Saw Mill Creek,SI2.1,20,0.00,0.50,8.75,0.00,0.00,0.00,0.00,0.00,18.75,0.00,37.50,65.50,0.00,0.00,0.00,N,Y,N,Y,N,0.00,0.00,8.75,0.00,,,,,,,0,2,3,4,23,21,SPPA,Mix,2.765
6/17/2024,Saw Mill Creek,SI2.1,21,0.00,0.00,2.50,0.00,0.00,0.00,0.00,0.00,18.75,0.00,62.50,83.75,0.00,0.00,0.00,N,Y,Y,Y,N,0.00,0.00,18.75,0.00,,,,,,,0,1,2,2,38,9,SPPA,Mix,2.754
6/17/2024,Saw Mill Creek,SI2.1,22,0.00,0.00,18.75,0.00,0.00,0.00,0.00,0.00,8.75,0.00,87.50,115.00,0.00,0.00,0.00,N,Y,N,N,N,0.00,0.00,0.00,0.00,,,,,,,0,1,2,3,54,10,SPPA,HM,2.797
6/17/2024,Saw Mill Creek,SI2.1,23,0.00,0.50,18.75,0.00,0.00,0.00,0.00,0.00,0.00,0.00,62.50,81.75,0.00,0.00,0.00,N,Y,N,Y,N,0.00,0.00,0.00,0.00,,,,,,,0,1,2,3,54,10,SPPA,HM,2.936
6/17/2024,Saw Mill Creek,SI2.1,24,0.00,0.00,8.75,0.00,0.00,0.00,0.00,0.00,8.75,0.00,37.50,55.00,0.00,0.00,0.00,Y,Y,N,Y,N,0.00,0.00,2.50,0.00,,,,,,,0,3,4,5,28,5,DISP,Mix,2.649
6/17/2024,Saw Mill Creek,SI2.1,25,0.00,0.00,0.00,0.00,0.00,0.00,0.00,0.00,37.50,0.00,0.00,37.50,0.00,0.00,0.00,N,Y,Y,Y,N,0.00,0.00,37.50,0.00,,,,,,,0,4,7,11,15,5,SPAL,LM,2.278
6/17/2024,Saw Mill Creek,SI2.1,26,0.00,0.00,18.75,0.00,0.00,0.00,0.00,0.00,0.00,0.00,87.50,106.25,0.00,0.00,0.00,N,Y,N,N,N,0.00,0.00,0.00,0.00,,,,,,,0,1,2,2,7,4,SPPA,HM,2.87
6/17/2024,Saw Mill Creek,SI2.1,27,0.00,2.50,2.50,0.00,0.00,0.00,0.00,0.00,8.75,0.00,62.50,76.25,0.00,0.00,0.00,N,Y,Y,Y,N,0.00,0.00,18.75,0.50,,,,,,,1,3,3,5,44,10,SPPA,Mix,2.778
6/17/2024,Saw Mill Creek,SI2.1,28,0.00,0.50,37.50,0.00,0.00,0.00,0.00,0.00,2.50,0.00,37.50,78.00,0.00,0.00,0.00,N,Y,N,N,N,0.00,0.00,0.00,0.50,,,,,,,1,2,3,3,20,10,DISP,HM,2.938
6/17/2024,Saw Mill Creek,SI2.1,29,0.00,0.50,87.50,0.00,0.00,0.00,0.00,0.00,0.00,0.00,8.75,96.75,0.00,0.00,0.00,N,Y,N,N,N,0.00,0.00,0.00,0.00,,,,,,,0,1,1,1,30,10,DISP,HM,2.932
6/17/2024,Saw Mill Creek,SI2.1,30,0.00,0.00,8.75,0.00,0.00,0.00,0.00,0.00,18.75,0.00,18.75,46.25,0.00,0.00,0.00,N,Y,N,Y,N,0.00,0.00,37.50,0.00,,,,,,,2,6,13,15,20,1,SPAL,Mix,2.535
7/1/2024,Pelham Bay Cove,BQ2,1,0.00,0.00,87.50,0.00,0.00,2.50,0.00,0.50,0.00,0.00,0.00,90.50,0.00,0.00,0.00,N,Y,N,N,N,0.00,0.00,18.75,0.00,,,,,,,1,3,4,4,46,17,DISP,HM,4.752
7/1/2024,Pelham Bay Cove,BQ2,2,0.00,0.00,18.75,0.00,0.00,0.00,0.00,0.00,0.00,0.00,37.50,56.25,0.00,0.00,0.00,Y,Y,N,N,Y,0.00,0.00,0.00,37.50,,,,,,,1,2,3,3,33,12,SPPA,HM,4.837
7/1/2024,Pelham Bay Cove,BQ2,3,0.00,0.00,18.75,0.00,0.00,0.00,0.00,0.00,0.00,0.00,18.75,37.50,0.00,0.00,0.00,N,Y,N,N,Y,0.00,0.00,0.00,0.00,,,,,,,1,2,3,3,47,11,DISP,HM,4.515
7/1/2024,Pelham Bay Cove,BQ2,4,0.00,0.00,18.75,0.00,0.00,0.00,0.00,0.00,18.75,0.00,18.75,56.25,0.00,0.00,0.00,N,Y,N,N,Y,0.00,0.00,8.75,0.00,,,,,,,0,1,1,2,13,16,SPAL,Mix,4.635
7/1/2024,Pelham Bay Cove,BQ2,5,0.00,0.00,18.75,0.00,0.00,0.50,0.00,0.50,0.00,0.00,18.75,38.50,0.00,0.00,0.00,Y,Y,N,N,Y,0.00,0.00,0.00,0.50,,,,,,,0,1,2,3,23,130,DISP,HM,4.437
7/1/2024,Pelham Bay Cove,BQ2,6,0.00,0.00,8.75,0.00,0.00,0.00,0.00,0.50,0.00,0.00,37.50,46.75,0.00,0.00,0.00,N,Y,Y,N,Y,0.00,0.00,0.50,0.00,,,,,,,0,2,3,4,53,20,SPPA,HM,4.162
7/1/2024,Pelham Bay Cove,BQ2,7,0.00,0.00,18.75,0.00,0.00,0.00,0.00,0.00,37.50,0.00,2.50,58.75,0.00,0.00,0.00,N,Y,Y,Y,Y,0.00,0.00,18.75,0.00,,,,,,,0,0,1,1,43,7,SPAL,Mix,3.871
7/1/2024,Pelham Bay Cove,BQ2,8,0.00,0.00,2.50,0.00,0.00,0.00,0.00,0.00,0.00,0.00,37.50,40.00,0.00,0.00,0.00,N,Y,Y,Y,Y,0.00,0.00,0.50,0.00,,,,,,,1,1,2,4,20,22,SPPA,HM,4.329
7/1/2024,Pelham Bay Cove,BQ2,9,0.00,0.00,2.50,0.00,0.00,0.00,0.00,2.50,0.00,0.00,62.50,67.50,0.00,0.00,0.00,N,Y,N,N,Y,0.00,0.00,0.00,0.00,,,,,,,0,1,2,2,27,20,SPPA,HM,4.848
7/1/2024,Pelham Bay Cove,BQ2,10,0.00,0.00,8.75,0.00,0.00,0.00,0.00,0.00,0.00,0.00,87.50,96.25,0.00,0.00,0.00,N,N,N,Y,Y,0.00,0.00,0.00,0.00,,,,,,,0,2,3,4,20,20,SPPA,HM,4.354
7/1/2024,Pelham Bay Cove,BQ2,11,0.00,0.00,2.50,0.00,0.00,0.00,0.00,0.00,62.50,0.00,8.75,73.75,0.00,0.00,0.00,N,Y,Y,Y,N,0.00,0.00,18.75,0.00,,,,,,,1,4,6,8,40,12,SPAL,LM,3.545
7/1/2024,Pelham Bay Cove,BQ2,12,0.00,0.00,0.00,0.00,0.00,0.00,0.00,0.00,37.50,0.00,0.00,37.50,0.00,0.00,0.00,Y,N,Y,Y,N,0.00,0.00,62.50,0.00,,,,,,,4,8,10,13,2,34,SPAL,LM,3.831
7/1/2024,Pelham Bay Cove,BQ2,13,0.00,0.00,18.75,0.00,0.00,0.00,0.00,0.00,0.00,0.00,18.75,37.50,0.00,0.00,0.00,N,Y,N,N,Y,0.00,0.00,0.00,0.50,,,,,,,0,2,2,2,52,12,SPPA,HM,4.19
7/1/2024,Pelham Bay Cove,BQ2,14,0.00,0.00,18.75,0.00,0.00,0.00,0.00,0.00,0.00,0.00,18.75,37.50,0.00,0.00,0.00,N,Y,N,N,Y,0.00,0.00,0.00,0.00,,,,,,,1,1,2,2,72,32,SPPA,HM,4.362
7/1/2024,Pelham Bay Cove,BQ2,15,0.00,0.00,0.00,0.00,0.00,0.00,0.00,0.00,18.75,0.00,37.50,56.25,0.00,0.00,0.00,N,Y,N,N,N,0.00,0.00,37.50,0.00,,,,,,,1,7,10,12,10,6,SPPA,LM,4.045
7/1/2024,Pelham Bay Cove,BQ2,16,0.00,0.00,8.75,0.00,0.00,0.00,0.00,0.50,0.00,0.00,62.50,71.75,0.00,0.00,0.00,N,N,N,N,Y,0.00,0.00,8.75,0.00,,,,,,,0,1,1,1,21,8,SPPA,HM,4.232
7/1/2024,Pelham Bay Cove,BQ2,17,0.00,0.00,8.75,0.00,0.00,0.00,0.00,0.00,0.00,0.00,62.50,71.25,0.00,0.00,0.00,N,Y,N,Y,Y,0.00,0.00,0.00,0.00,,,,,,,0,1,3,3,41,38,SPPA,HM,4.21
7/1/2024,Pelham Bay Cove,BQ2,18,0.00,0.00,18.75,0.00,0.00,0.00,0.00,0.00,0.00,0.00,37.50,56.25,0.00,0.00,0.00,N,Y,N,Y,Y,0.00,0.00,0.00,0.00,,,,,,,0,2,3,4,68,31,SPPA,HM,4.11
7/1/2024,Pelham Bay Cove,BQ2,19,0.00,0.00,0.00,0.00,0.00,0.00,0.00,0.00,37.50,0.00,0.00,37.50,0.00,0.00,0.00,N,N,Y,Y,N,0.00,0.00,62.50,8.75,,,,,,,0,2,3,4,4,16,SPAL,LM,3.759
7/1/2024,Pelham Bay Cove,BQ2,20,0.00,0.00,37.50,0.00,0.00,0.00,0.00,0.00,18.75,0.00,8.75,65.00,0.00,0.00,0.00,N,Y,Y,Y,N,0.00,0.00,8.75,0.00,,,,,,,0,2,2,3,40,13,SPAL,LM,3.986
7/1/2024,Pelham Bay Cove,BQ2,21,0.00,0.00,18.75,0.00,0.00,0.00,0.00,0.00,2.50,0.00,87.50,108.75,0.00,0.00,0.00,N,Y,N,Y,Y,0.00,0.00,0.00,0.00,,,,,,,0,1,2,3,30,14,SPPA,HM,4.153
7/1/2024,Pelham Bay Cove,BQ2,22,0.00,0.00,0.00,0.00,0.00,0.00,0.00,0.00,18.75,0.00,0.00,18.75,0.00,0.00,0.00,N,N,Y,Y,N,0.00,0.00,87.50,0.00,,,,,,,2,5,6,10,41,3,SPAL,LM,3.599
7/1/2024,Pelham Bay Cove,BQ2,23,0.00,0.00,18.75,0.00,0.00,0.00,0.00,0.00,0.00,0.00,62.50,81.25,0.00,0.00,0.00,N,Y,N,Y,Y,0.00,0.00,2.50,0.00,,,,,,,1,3,4,4,68,14,SPPA,HM,3.99
7/1/2024,Pelham Bay Cove,BQ2,24,0.00,0.00,18.75,0.00,0.00,0.00,0.00,0.00,0.00,0.00,18.75,37.50,0.00,0.00,0.00,N,Y,Y,Y,Y,0.00,0.00,0.00,0.00,,,,,,,0,3,4,4,26,10,SPPA,HM,3.976
7/1/2024,Pelham Bay Cove,BQ2,25,0.00,0.00,18.75,0.00,0.00,0.00,0.00,0.00,0.00,0.00,18.75,37.50,0.00,0.00,0.00,N,Y,Y,N,Y,0.00,0.00,0.00,0.00,,,,,,,0,1,2,3,71,14,SPPA,HM,4.3
7/1/2024,Pelham Bay Cove,BQ2,26,0.00,0.00,18.75,0.00,0.00,0.00,0.00,0.00,0.00,0.00,37.50,56.25,0.00,0.00,0.00,N,Y,N,N,Y,0.00,0.00,0.00,0.00,,,,,,,0,2,4,4,49,26,SPPA,HM,4.146
7/1/2024,Pelham Bay Cove,BQ2,27,0.00,0.00,18.75,0.00,0.00,0.00,0.00,0.00,0.00,0.00,87.50,106.25,0.00,0.00,0.00,N,Y,N,N,Y,0.00,0.00,0.00,0.00,,,,,,,0,0,1,2,38,23,SPPA,HM,4.166
7/1/2024,Pelham Bay Cove,BQ2,28,0.00,0.00,37.50,0.00,0.00,0.00,0.00,0.00,0.00,0.00,37.50,75.00,0.00,0.00,0.00,N,Y,N,Y,Y,0.00,0.00,0.00,0.00,,,,,,,0,2,2,3,39,21,DISP,HM,4.101
7/1/2024,Pelham Bay Cove,BQ2,29,0.00,0.00,0.00,0.00,0.00,0.00,0.00,0.00,0.00,0.00,0.00,0.00,0.00,0.00,0.00,N,N,Y,Y,N,0.00,0.00,87.50,0.00,,,,,,,1,4,6,6,0,16,BARE,LM,3.583
7/1/2024,Pelham Bay Cove,BQ2,30,0.00,0.00,18.75,0.00,0.00,0.00,0.00,0.00,0.00,0.00,37.50,56.25,0.00,0.00,0.00,N,Y,N,N,Y,0.00,0.00,0.00,0.00,,,,,,,0,1,1,1,26,14,SPPA,HM,4.456
